2025-05-24 14:05:01,261 - INFO - document_processor:_connect_milvus:93 - Milvus连接成功 | 地址: localhost:19530
2025-05-24 14:05:08,024 - INFO - document_processor:__init__:80 - DocumentProcessor初始化完成 | 模型路径: ./models/bge-large-zh-v1.5 | 分块大小: 1500 | 重叠大小: 200
2025-05-24 14:05:08,030 - INFO - document_processor:_connect_milvus:93 - Milvus连接成功 | 地址: localhost:19530
2025-05-24 14:05:08,554 - INFO - document_processor:__init__:80 - DocumentProcessor初始化完成 | 模型路径: ./models/bge-large-zh-v1.5 | 分块大小: 1500 | 重叠大小: 200
2025-05-24 14:05:08,575 - WARNING - document_processor:_process_single_file:204 - 文件 C:\Users\aaicon\AppData\Local\Temp\tmp_605b86z.md 编码检测为 GB2312，可能存在乱码风险
2025-05-24 14:05:08,582 - INFO - document_processor:_connect_milvus:93 - Milvus连接成功 | 地址: localhost:19530
2025-05-24 14:05:09,094 - INFO - document_processor:__init__:80 - DocumentProcessor初始化完成 | 模型路径: ./models/bge-large-zh-v1.5 | 分块大小: 1500 | 重叠大小: 200
2025-05-24 14:05:09,637 - INFO - document_processor:_connect_milvus:93 - Milvus连接成功 | 地址: localhost:19530
2025-05-24 14:05:10,170 - INFO - document_processor:__init__:80 - DocumentProcessor初始化完成 | 模型路径: ./models/bge-large-zh-v1.5 | 分块大小: 1500 | 重叠大小: 200
2025-05-24 14:05:10,171 - INFO - document_processor:_batch_process_files:163 - 发现待处理Markdown文件 | 路径: d:\401385\zizi-1.5-5.6\markdown_files\test | 数量: 4
2025-05-24 14:05:10,389 - DEBUG - document_processor:_batch_process_files:174 - 单文件处理完成 | 路径: d:\401385\zizi-1.5-5.6\markdown_files\test\MVP快速使用文档.md | 生成块数: 5
2025-05-24 14:05:10,986 - DEBUG - document_processor:_batch_process_files:174 - 单文件处理完成 | 路径: d:\401385\zizi-1.5-5.6\markdown_files\test\《光伏行业应用AGV》.md | 生成块数: 4
2025-05-24 14:05:11,191 - DEBUG - document_processor:_batch_process_files:174 - 单文件处理完成 | 路径: d:\401385\zizi-1.5-5.6\markdown_files\test\视觉-算法平台.md | 生成块数: 100
2025-05-24 14:05:11,284 - DEBUG - document_processor:_batch_process_files:174 - 单文件处理完成 | 路径: d:\401385\zizi-1.5-5.6\markdown_files\test\《安防行业和产品》.md | 生成块数: 4
2025-05-24 14:05:11,456 - INFO - document_processor:_batch_process_files:187 - 文件批量处理完成 | 总块数: 113
2025-05-24 14:05:12,734 - ERROR - document_processor:_create_vector_db:302 - 向量库批次处理失败 | 批次: 1 | 错误: 'DocumentProcessor' object has no attribute 'milvus_config'
Traceback (most recent call last):
  File "d:\401385\zizi-1.5-5.6\app\utils\document_processor.py", line 293, in _create_vector_db
    index_params=self.milvus_config["index_params"]
AttributeError: 'DocumentProcessor' object has no attribute 'milvus_config'
2025-05-24 14:07:52,235 - INFO - document_processor:_connect_milvus:99 - Milvus连接成功 | 地址: localhost:19530
2025-05-24 14:07:54,829 - INFO - document_processor:__init__:86 - DocumentProcessor初始化完成 | 模型路径: ./models/bge-large-zh-v1.5 | 分块大小: 1500 | 重叠大小: 200
2025-05-24 14:07:54,835 - INFO - document_processor:_connect_milvus:99 - Milvus连接成功 | 地址: localhost:19530
2025-05-24 14:07:55,342 - INFO - document_processor:__init__:86 - DocumentProcessor初始化完成 | 模型路径: ./models/bge-large-zh-v1.5 | 分块大小: 1500 | 重叠大小: 200
2025-05-24 14:07:55,362 - WARNING - document_processor:_process_single_file:210 - 文件 C:\Users\aaicon\AppData\Local\Temp\tmppu5mwsbv.md 编码检测为 GB2312，可能存在乱码风险
2025-05-24 14:07:55,369 - INFO - document_processor:_connect_milvus:99 - Milvus连接成功 | 地址: localhost:19530
2025-05-24 14:07:55,878 - INFO - document_processor:__init__:86 - DocumentProcessor初始化完成 | 模型路径: ./models/bge-large-zh-v1.5 | 分块大小: 1500 | 重叠大小: 200
2025-05-24 14:07:56,422 - INFO - document_processor:_connect_milvus:99 - Milvus连接成功 | 地址: localhost:19530
2025-05-24 14:07:56,929 - INFO - document_processor:__init__:86 - DocumentProcessor初始化完成 | 模型路径: ./models/bge-large-zh-v1.5 | 分块大小: 1500 | 重叠大小: 200
2025-05-24 14:07:56,931 - INFO - document_processor:_batch_process_files:169 - 发现待处理Markdown文件 | 路径: d:\401385\zizi-1.5-5.6\markdown_files\test | 数量: 4
2025-05-24 14:07:57,185 - DEBUG - document_processor:_batch_process_files:180 - 单文件处理完成 | 路径: d:\401385\zizi-1.5-5.6\markdown_files\test\MVP快速使用文档.md | 生成块数: 5
2025-05-24 14:07:57,704 - DEBUG - document_processor:_batch_process_files:180 - 单文件处理完成 | 路径: d:\401385\zizi-1.5-5.6\markdown_files\test\视觉-算法平台.md | 生成块数: 100
2025-05-24 14:07:57,828 - DEBUG - document_processor:_batch_process_files:180 - 单文件处理完成 | 路径: d:\401385\zizi-1.5-5.6\markdown_files\test\《安防行业和产品》.md | 生成块数: 4
2025-05-24 14:07:57,891 - DEBUG - document_processor:_batch_process_files:180 - 单文件处理完成 | 路径: d:\401385\zizi-1.5-5.6\markdown_files\test\《光伏行业应用AGV》.md | 生成块数: 4
2025-05-24 14:07:58,018 - INFO - document_processor:_batch_process_files:193 - 文件批量处理完成 | 总块数: 113
2025-05-24 14:08:37,713 - ERROR - document_processor:_create_vector_db:308 - 向量库批次处理失败 | 批次: 1 | 错误: <DataNotMatchException: (code=1, message=The data doesn't match with schema fields, expect 4 list, got 3)>
Traceback (most recent call last):
  File "d:\401385\zizi-1.5-5.6\app\utils\document_processor.py", line 294, in _create_vector_db
    vector_db = Milvus.from_documents(
  File "D:\401385\ANACONDA\envs\zizi\lib\site-packages\langchain_core\vectorstores\base.py", line 835, in from_documents
    return cls.from_texts(texts, embedding, metadatas=metadatas, **kwargs)
  File "D:\401385\ANACONDA\envs\zizi\lib\site-packages\langchain_community\vectorstores\milvus.py", line 1021, in from_texts
    vector_db.add_texts(texts=texts, metadatas=metadatas, ids=ids)
  File "D:\401385\ANACONDA\envs\zizi\lib\site-packages\langchain_community\vectorstores\milvus.py", line 632, in add_texts
    raise e
  File "D:\401385\ANACONDA\envs\zizi\lib\site-packages\langchain_community\vectorstores\milvus.py", line 626, in add_texts
    res = self.col.insert(insert_list, timeout=timeout, **kwargs)
  File "D:\401385\ANACONDA\envs\zizi\lib\site-packages\pymilvus\orm\collection.py", line 514, in insert
    check_insert_schema(self.schema, data)
  File "D:\401385\ANACONDA\envs\zizi\lib\site-packages\pymilvus\orm\schema.py", line 774, in check_insert_schema
    _check_data_schema_cnt(tmp_fields, data)
  File "D:\401385\ANACONDA\envs\zizi\lib\site-packages\pymilvus\orm\schema.py", line 746, in _check_data_schema_cnt
    raise DataNotMatchException(message=message)
pymilvus.exceptions.DataNotMatchException: <DataNotMatchException: (code=1, message=The data doesn't match with schema fields, expect 4 list, got 3)>
2025-05-24 14:49:29,053 - INFO - document_processor:_connect_milvus:99 - Milvus连接成功 | 地址: localhost:19530
2025-05-24 14:49:31,716 - INFO - document_processor:__init__:86 - DocumentProcessor初始化完成 | 模型路径: ./models/bge-large-zh-v1.5 | 分块大小: 1500 | 重叠大小: 200
2025-05-24 14:49:31,722 - INFO - document_processor:_connect_milvus:99 - Milvus连接成功 | 地址: localhost:19530
2025-05-24 14:49:32,238 - INFO - document_processor:__init__:86 - DocumentProcessor初始化完成 | 模型路径: ./models/bge-large-zh-v1.5 | 分块大小: 1500 | 重叠大小: 200
2025-05-24 14:49:32,259 - WARNING - document_processor:_process_single_file:210 - 文件 C:\Users\aaicon\AppData\Local\Temp\tmpafz6s5n2.md 编码检测为 GB2312，可能存在乱码风险
2025-05-24 14:49:32,267 - INFO - document_processor:_connect_milvus:99 - Milvus连接成功 | 地址: localhost:19530
2025-05-24 14:49:32,775 - INFO - document_processor:__init__:86 - DocumentProcessor初始化完成 | 模型路径: ./models/bge-large-zh-v1.5 | 分块大小: 1500 | 重叠大小: 200
2025-05-24 14:49:33,315 - INFO - document_processor:_connect_milvus:99 - Milvus连接成功 | 地址: localhost:19530
2025-05-24 14:49:33,827 - INFO - document_processor:__init__:86 - DocumentProcessor初始化完成 | 模型路径: ./models/bge-large-zh-v1.5 | 分块大小: 1500 | 重叠大小: 200
2025-05-24 14:49:33,828 - INFO - document_processor:_batch_process_files:169 - 发现待处理Markdown文件 | 路径: d:\401385\zizi-1.5-5.6\markdown_files\test | 数量: 4
2025-05-24 14:49:33,987 - DEBUG - document_processor:_batch_process_files:180 - 单文件处理完成 | 路径: d:\401385\zizi-1.5-5.6\markdown_files\test\MVP快速使用文档.md | 生成块数: 5
2025-05-24 14:49:34,625 - DEBUG - document_processor:_batch_process_files:180 - 单文件处理完成 | 路径: d:\401385\zizi-1.5-5.6\markdown_files\test\《光伏行业应用AGV》.md | 生成块数: 4
2025-05-24 14:49:34,813 - DEBUG - document_processor:_batch_process_files:180 - 单文件处理完成 | 路径: d:\401385\zizi-1.5-5.6\markdown_files\test\《安防行业和产品》.md | 生成块数: 4
2025-05-24 14:49:34,925 - DEBUG - document_processor:_batch_process_files:180 - 单文件处理完成 | 路径: d:\401385\zizi-1.5-5.6\markdown_files\test\视觉-算法平台.md | 生成块数: 100
2025-05-24 14:49:35,176 - INFO - document_processor:_batch_process_files:193 - 文件批量处理完成 | 总块数: 113
2025-05-24 14:50:17,141 - ERROR - document_processor:_create_vector_db:309 - 向量库批次处理失败 | 批次: 1 | 错误: <ParamError: (code=1, message=invalid input of field (content), length of string exceeds max length. length: 79946, max length: 65535)>
Traceback (most recent call last):
  File "d:\401385\zizi-1.5-5.6\app\utils\document_processor.py", line 295, in _create_vector_db
    vector_db = Milvus.from_documents(
  File "D:\401385\ANACONDA\envs\zizi\lib\site-packages\langchain_core\vectorstores\base.py", line 835, in from_documents
    return cls.from_texts(texts, embedding, metadatas=metadatas, **kwargs)
  File "D:\401385\ANACONDA\envs\zizi\lib\site-packages\langchain_community\vectorstores\milvus.py", line 1021, in from_texts
    vector_db.add_texts(texts=texts, metadatas=metadatas, ids=ids)
  File "D:\401385\ANACONDA\envs\zizi\lib\site-packages\langchain_community\vectorstores\milvus.py", line 632, in add_texts
    raise e
  File "D:\401385\ANACONDA\envs\zizi\lib\site-packages\langchain_community\vectorstores\milvus.py", line 626, in add_texts
    res = self.col.insert(insert_list, timeout=timeout, **kwargs)
  File "D:\401385\ANACONDA\envs\zizi\lib\site-packages\pymilvus\orm\collection.py", line 516, in insert
    return conn.batch_insert(
  File "D:\401385\ANACONDA\envs\zizi\lib\site-packages\pymilvus\decorators.py", line 141, in handler
    raise e from e
  File "D:\401385\ANACONDA\envs\zizi\lib\site-packages\pymilvus\decorators.py", line 137, in handler
    return func(*args, **kwargs)
  File "D:\401385\ANACONDA\envs\zizi\lib\site-packages\pymilvus\decorators.py", line 176, in handler
    return func(self, *args, **kwargs)
  File "D:\401385\ANACONDA\envs\zizi\lib\site-packages\pymilvus\decorators.py", line 116, in handler
    raise e from e
  File "D:\401385\ANACONDA\envs\zizi\lib\site-packages\pymilvus\decorators.py", line 86, in handler
    return func(*args, **kwargs)
  File "D:\401385\ANACONDA\envs\zizi\lib\site-packages\pymilvus\client\grpc_handler.py", line 662, in batch_insert
    raise err from err
  File "D:\401385\ANACONDA\envs\zizi\lib\site-packages\pymilvus\client\grpc_handler.py", line 645, in batch_insert
    request = self._prepare_batch_insert_request(
  File "D:\401385\ANACONDA\envs\zizi\lib\site-packages\pymilvus\client\grpc_handler.py", line 629, in _prepare_batch_insert_request
    else Prepare.batch_insert_param(collection_name, entities, partition_name, fields_info)
  File "D:\401385\ANACONDA\envs\zizi\lib\site-packages\pymilvus\client\prepare.py", line 761, in batch_insert_param
    return cls._parse_batch_request(request, entities, fields_info, location)
  File "D:\401385\ANACONDA\envs\zizi\lib\site-packages\pymilvus\client\prepare.py", line 737, in _parse_batch_request
    field_data = entity_helper.entity_to_field_data(
  File "D:\401385\ANACONDA\envs\zizi\lib\site-packages\pymilvus\client\entity_helper.py", line 531, in entity_to_field_data
    entity_to_str_arr(entity, field_info, CHECK_STR_ARRAY)
  File "D:\401385\ANACONDA\envs\zizi\lib\site-packages\pymilvus\client\entity_helper.py", line 184, in entity_to_str_arr
    return convert_to_str_array(entity.get("values", []), field_info, check=check)
  File "D:\401385\ANACONDA\envs\zizi\lib\site-packages\pymilvus\client\entity_helper.py", line 176, in convert_to_str_array
    raise ParamError(
pymilvus.exceptions.ParamError: <ParamError: (code=1, message=invalid input of field (content), length of string exceeds max length. length: 79946, max length: 65535)>
2025-05-24 14:51:10,261 - INFO - document_processor:_connect_milvus:99 - Milvus连接成功 | 地址: localhost:19530
2025-05-24 14:51:12,972 - INFO - document_processor:__init__:86 - DocumentProcessor初始化完成 | 模型路径: ./models/bge-large-zh-v1.5 | 分块大小: 1500 | 重叠大小: 200
2025-05-24 14:51:12,978 - INFO - document_processor:_connect_milvus:99 - Milvus连接成功 | 地址: localhost:19530
2025-05-24 14:51:13,490 - INFO - document_processor:__init__:86 - DocumentProcessor初始化完成 | 模型路径: ./models/bge-large-zh-v1.5 | 分块大小: 1500 | 重叠大小: 200
2025-05-24 14:51:13,510 - WARNING - document_processor:_process_single_file:211 - 文件 C:\Users\aaicon\AppData\Local\Temp\tmp8wcnz53j.md 编码检测为 GB2312，可能存在乱码风险
2025-05-24 14:51:13,520 - INFO - document_processor:_connect_milvus:99 - Milvus连接成功 | 地址: localhost:19530
2025-05-24 14:51:14,035 - INFO - document_processor:__init__:86 - DocumentProcessor初始化完成 | 模型路径: ./models/bge-large-zh-v1.5 | 分块大小: 1500 | 重叠大小: 200
2025-05-24 14:51:14,568 - INFO - document_processor:_connect_milvus:99 - Milvus连接成功 | 地址: localhost:19530
2025-05-24 14:51:15,085 - INFO - document_processor:__init__:86 - DocumentProcessor初始化完成 | 模型路径: ./models/bge-large-zh-v1.5 | 分块大小: 1500 | 重叠大小: 200
2025-05-24 14:51:15,086 - INFO - document_processor:_batch_process_files:170 - 发现待处理Markdown文件 | 路径: d:\401385\zizi-1.5-5.6\markdown_files\test | 数量: 4
2025-05-24 14:51:15,383 - DEBUG - document_processor:_batch_process_files:181 - 单文件处理完成 | 路径: d:\401385\zizi-1.5-5.6\markdown_files\test\MVP快速使用文档.md | 生成块数: 5
2025-05-24 14:51:15,774 - DEBUG - document_processor:_batch_process_files:181 - 单文件处理完成 | 路径: d:\401385\zizi-1.5-5.6\markdown_files\test\《光伏行业应用AGV》.md | 生成块数: 4
2025-05-24 14:51:16,008 - DEBUG - document_processor:_batch_process_files:181 - 单文件处理完成 | 路径: d:\401385\zizi-1.5-5.6\markdown_files\test\视觉-算法平台.md | 生成块数: 100
2025-05-24 14:51:16,134 - DEBUG - document_processor:_batch_process_files:181 - 单文件处理完成 | 路径: d:\401385\zizi-1.5-5.6\markdown_files\test\《安防行业和产品》.md | 生成块数: 4
2025-05-24 14:51:16,290 - INFO - document_processor:_batch_process_files:194 - 文件批量处理完成 | 总块数: 113
2025-05-24 14:53:03,428 - INFO - document_processor:_connect_milvus:99 - Milvus连接成功 | 地址: localhost:19530
2025-05-24 14:53:06,071 - INFO - document_processor:__init__:86 - DocumentProcessor初始化完成 | 模型路径: ./models/bge-large-zh-v1.5 | 分块大小: 1500 | 重叠大小: 200
2025-05-24 14:53:06,078 - INFO - document_processor:_connect_milvus:99 - Milvus连接成功 | 地址: localhost:19530
2025-05-24 14:53:06,584 - INFO - document_processor:__init__:86 - DocumentProcessor初始化完成 | 模型路径: ./models/bge-large-zh-v1.5 | 分块大小: 1500 | 重叠大小: 200
2025-05-24 14:53:06,603 - WARNING - document_processor:_process_single_file:211 - 文件 C:\Users\aaicon\AppData\Local\Temp\tmpfff48xmn.md 编码检测为 GB2312，可能存在乱码风险
2025-05-24 14:53:06,613 - INFO - document_processor:_connect_milvus:99 - Milvus连接成功 | 地址: localhost:19530
2025-05-24 14:53:07,137 - INFO - document_processor:__init__:86 - DocumentProcessor初始化完成 | 模型路径: ./models/bge-large-zh-v1.5 | 分块大小: 1500 | 重叠大小: 200
2025-05-24 14:53:07,671 - INFO - document_processor:_connect_milvus:99 - Milvus连接成功 | 地址: localhost:19530
2025-05-24 14:53:08,184 - INFO - document_processor:__init__:86 - DocumentProcessor初始化完成 | 模型路径: ./models/bge-large-zh-v1.5 | 分块大小: 1500 | 重叠大小: 200
2025-05-24 14:53:08,185 - INFO - document_processor:_batch_process_files:170 - 发现待处理Markdown文件 | 路径: d:\401385\zizi-1.5-5.6\markdown_files\test | 数量: 4
2025-05-24 14:53:08,441 - DEBUG - document_processor:_batch_process_files:181 - 单文件处理完成 | 路径: d:\401385\zizi-1.5-5.6\markdown_files\test\MVP快速使用文档.md | 生成块数: 5
2025-05-24 14:53:09,072 - DEBUG - document_processor:_batch_process_files:181 - 单文件处理完成 | 路径: d:\401385\zizi-1.5-5.6\markdown_files\test\视觉-算法平台.md | 生成块数: 100
2025-05-24 14:53:09,172 - DEBUG - document_processor:_batch_process_files:181 - 单文件处理完成 | 路径: d:\401385\zizi-1.5-5.6\markdown_files\test\《光伏行业应用AGV》.md | 生成块数: 4
2025-05-24 14:53:09,281 - DEBUG - document_processor:_batch_process_files:181 - 单文件处理完成 | 路径: d:\401385\zizi-1.5-5.6\markdown_files\test\《安防行业和产品》.md | 生成块数: 4
2025-05-24 14:53:09,452 - INFO - document_processor:_batch_process_files:194 - 文件批量处理完成 | 总块数: 113
2025-05-24 15:05:13,497 - INFO - document_processor:_connect_milvus:99 - Milvus连接成功 | 地址: localhost:19530
2025-05-24 15:05:16,208 - INFO - document_processor:__init__:86 - DocumentProcessor初始化完成 | 模型路径: ./models/bge-large-zh-v1.5 | 分块大小: 1500 | 重叠大小: 200
2025-05-24 15:05:16,212 - INFO - document_processor:_connect_milvus:99 - Milvus连接成功 | 地址: localhost:19530
2025-05-24 15:05:16,724 - INFO - document_processor:__init__:86 - DocumentProcessor初始化完成 | 模型路径: ./models/bge-large-zh-v1.5 | 分块大小: 1500 | 重叠大小: 200
2025-05-24 15:05:16,748 - WARNING - document_processor:_process_single_file:211 - 文件 C:\Users\aaicon\AppData\Local\Temp\tmpu2a9_tx1.md 编码检测为 GB2312，可能存在乱码风险
2025-05-24 15:05:16,762 - INFO - document_processor:_connect_milvus:99 - Milvus连接成功 | 地址: localhost:19530
2025-05-24 15:05:17,274 - INFO - document_processor:__init__:86 - DocumentProcessor初始化完成 | 模型路径: ./models/bge-large-zh-v1.5 | 分块大小: 1500 | 重叠大小: 200
2025-05-24 15:05:17,823 - INFO - document_processor:_connect_milvus:99 - Milvus连接成功 | 地址: localhost:19530
2025-05-24 15:05:18,350 - INFO - document_processor:__init__:86 - DocumentProcessor初始化完成 | 模型路径: ./models/bge-large-zh-v1.5 | 分块大小: 1500 | 重叠大小: 200
2025-05-24 15:05:18,353 - INFO - document_processor:_batch_process_files:170 - 发现待处理Markdown文件 | 路径: d:\401385\zizi-1.5-5.6\markdown_files\test | 数量: 4
2025-05-24 15:05:18,607 - DEBUG - document_processor:_batch_process_files:181 - 单文件处理完成 | 路径: d:\401385\zizi-1.5-5.6\markdown_files\test\MVP快速使用文档.md | 生成块数: 5
2025-05-24 15:05:19,268 - DEBUG - document_processor:_batch_process_files:181 - 单文件处理完成 | 路径: d:\401385\zizi-1.5-5.6\markdown_files\test\《安防行业和产品》.md | 生成块数: 4
2025-05-24 15:05:19,294 - DEBUG - document_processor:_batch_process_files:181 - 单文件处理完成 | 路径: d:\401385\zizi-1.5-5.6\markdown_files\test\《光伏行业应用AGV》.md | 生成块数: 4
2025-05-24 15:05:19,372 - DEBUG - document_processor:_batch_process_files:181 - 单文件处理完成 | 路径: d:\401385\zizi-1.5-5.6\markdown_files\test\视觉-算法平台.md | 生成块数: 105
2025-05-24 15:05:19,543 - INFO - document_processor:_batch_process_files:194 - 文件批量处理完成 | 总块数: 118
2025-05-24 15:06:08,748 - INFO - document_processor:_connect_milvus:99 - Milvus连接成功 | 地址: localhost:19530
2025-05-24 15:06:16,924 - INFO - document_processor:__init__:86 - DocumentProcessor初始化完成 | 模型路径: ./models/bge-large-zh-v1.5 | 分块大小: 1500 | 重叠大小: 200
2025-05-24 15:06:16,932 - INFO - document_processor:_connect_milvus:99 - Milvus连接成功 | 地址: localhost:19530
2025-05-24 15:06:21,326 - INFO - document_processor:__init__:86 - DocumentProcessor初始化完成 | 模型路径: ./models/bge-large-zh-v1.5 | 分块大小: 1500 | 重叠大小: 200
2025-05-24 15:06:21,396 - WARNING - document_processor:_process_single_file:211 - 文件 C:\Users\aaicon\AppData\Local\Temp\tmpu4m8tl_x.md 编码检测为 GB2312，可能存在乱码风险
2025-05-24 15:06:21,410 - INFO - document_processor:_connect_milvus:99 - Milvus连接成功 | 地址: localhost:19530
2025-05-24 15:06:27,267 - INFO - document_processor:__init__:86 - DocumentProcessor初始化完成 | 模型路径: ./models/bge-large-zh-v1.5 | 分块大小: 1500 | 重叠大小: 200
2025-05-24 15:06:27,818 - INFO - document_processor:_connect_milvus:99 - Milvus连接成功 | 地址: localhost:19530
2025-05-24 15:06:29,706 - INFO - document_processor:__init__:86 - DocumentProcessor初始化完成 | 模型路径: ./models/bge-large-zh-v1.5 | 分块大小: 1500 | 重叠大小: 200
2025-05-24 15:06:29,708 - INFO - document_processor:_batch_process_files:170 - 发现待处理Markdown文件 | 路径: d:\401385\zizi-1.5-5.6\markdown_files\test | 数量: 4
2025-05-24 15:06:30,112 - DEBUG - document_processor:_batch_process_files:181 - 单文件处理完成 | 路径: d:\401385\zizi-1.5-5.6\markdown_files\test\MVP快速使用文档.md | 生成块数: 5
2025-05-24 15:06:30,942 - DEBUG - document_processor:_batch_process_files:181 - 单文件处理完成 | 路径: d:\401385\zizi-1.5-5.6\markdown_files\test\《安防行业和产品》.md | 生成块数: 4
2025-05-24 15:06:31,413 - DEBUG - document_processor:_batch_process_files:181 - 单文件处理完成 | 路径: d:\401385\zizi-1.5-5.6\markdown_files\test\《光伏行业应用AGV》.md | 生成块数: 4
2025-05-24 15:06:31,800 - DEBUG - document_processor:_batch_process_files:181 - 单文件处理完成 | 路径: d:\401385\zizi-1.5-5.6\markdown_files\test\视觉-算法平台.md | 生成块数: 105
2025-05-24 15:06:31,986 - INFO - document_processor:_batch_process_files:194 - 文件批量处理完成 | 总块数: 118
2025-05-24 15:06:32,300 - ERROR - document_processor:_create_vector_db:314 - 向量库批次处理失败 | 批次: 1 | 错误: <ParamError: (code=1, message=invalid input of field (content), length of string exceeds max length. length: 79946, max length: 65535)>
Traceback (most recent call last):
  File "d:\401385\zizi-1.5-5.6\app\utils\document_processor.py", line 298, in _create_vector_db
    vector_db = Milvus.from_documents(
  File "D:\401385\ANACONDA\envs\zizi\lib\site-packages\langchain_core\vectorstores\base.py", line 835, in from_documents
    return cls.from_texts(texts, embedding, metadatas=metadatas, **kwargs)
  File "D:\401385\ANACONDA\envs\zizi\lib\site-packages\langchain_community\vectorstores\milvus.py", line 1021, in from_texts
    vector_db.add_texts(texts=texts, metadatas=metadatas, ids=ids)
  File "D:\401385\ANACONDA\envs\zizi\lib\site-packages\langchain_community\vectorstores\milvus.py", line 632, in add_texts
    raise e
  File "D:\401385\ANACONDA\envs\zizi\lib\site-packages\langchain_community\vectorstores\milvus.py", line 626, in add_texts
    res = self.col.insert(insert_list, timeout=timeout, **kwargs)
  File "D:\401385\ANACONDA\envs\zizi\lib\site-packages\pymilvus\orm\collection.py", line 516, in insert
    return conn.batch_insert(
  File "D:\401385\ANACONDA\envs\zizi\lib\site-packages\pymilvus\decorators.py", line 141, in handler
    raise e from e
  File "D:\401385\ANACONDA\envs\zizi\lib\site-packages\pymilvus\decorators.py", line 137, in handler
    return func(*args, **kwargs)
  File "D:\401385\ANACONDA\envs\zizi\lib\site-packages\pymilvus\decorators.py", line 176, in handler
    return func(self, *args, **kwargs)
  File "D:\401385\ANACONDA\envs\zizi\lib\site-packages\pymilvus\decorators.py", line 116, in handler
    raise e from e
  File "D:\401385\ANACONDA\envs\zizi\lib\site-packages\pymilvus\decorators.py", line 86, in handler
    return func(*args, **kwargs)
  File "D:\401385\ANACONDA\envs\zizi\lib\site-packages\pymilvus\client\grpc_handler.py", line 662, in batch_insert
    raise err from err
  File "D:\401385\ANACONDA\envs\zizi\lib\site-packages\pymilvus\client\grpc_handler.py", line 645, in batch_insert
    request = self._prepare_batch_insert_request(
  File "D:\401385\ANACONDA\envs\zizi\lib\site-packages\pymilvus\client\grpc_handler.py", line 629, in _prepare_batch_insert_request
    else Prepare.batch_insert_param(collection_name, entities, partition_name, fields_info)
  File "D:\401385\ANACONDA\envs\zizi\lib\site-packages\pymilvus\client\prepare.py", line 761, in batch_insert_param
    return cls._parse_batch_request(request, entities, fields_info, location)
  File "D:\401385\ANACONDA\envs\zizi\lib\site-packages\pymilvus\client\prepare.py", line 737, in _parse_batch_request
    field_data = entity_helper.entity_to_field_data(
  File "D:\401385\ANACONDA\envs\zizi\lib\site-packages\pymilvus\client\entity_helper.py", line 531, in entity_to_field_data
    entity_to_str_arr(entity, field_info, CHECK_STR_ARRAY)
  File "D:\401385\ANACONDA\envs\zizi\lib\site-packages\pymilvus\client\entity_helper.py", line 184, in entity_to_str_arr
    return convert_to_str_array(entity.get("values", []), field_info, check=check)
  File "D:\401385\ANACONDA\envs\zizi\lib\site-packages\pymilvus\client\entity_helper.py", line 176, in convert_to_str_array
    raise ParamError(
pymilvus.exceptions.ParamError: <ParamError: (code=1, message=invalid input of field (content), length of string exceeds max length. length: 79946, max length: 65535)>
2025-05-24 15:10:32,789 - INFO - document_processor:_connect_milvus:99 - Milvus连接成功 | 地址: localhost:19530
2025-05-24 15:10:35,478 - INFO - document_processor:__init__:86 - DocumentProcessor初始化完成 | 模型路径: ./models/bge-large-zh-v1.5 | 分块大小: 1500 | 重叠大小: 200
2025-05-24 15:10:35,484 - INFO - document_processor:_connect_milvus:99 - Milvus连接成功 | 地址: localhost:19530
2025-05-24 15:10:35,977 - INFO - document_processor:__init__:86 - DocumentProcessor初始化完成 | 模型路径: ./models/bge-large-zh-v1.5 | 分块大小: 1500 | 重叠大小: 200
2025-05-24 15:10:35,997 - WARNING - document_processor:_process_single_file:211 - 文件 C:\Users\aaicon\AppData\Local\Temp\tmpzk5ncf1m.md 编码检测为 GB2312，可能存在乱码风险
2025-05-24 15:10:36,008 - INFO - document_processor:_connect_milvus:99 - Milvus连接成功 | 地址: localhost:19530
2025-05-24 15:10:36,504 - INFO - document_processor:__init__:86 - DocumentProcessor初始化完成 | 模型路径: ./models/bge-large-zh-v1.5 | 分块大小: 1500 | 重叠大小: 200
2025-05-24 15:10:37,040 - INFO - document_processor:_connect_milvus:99 - Milvus连接成功 | 地址: localhost:19530
2025-05-24 15:10:37,533 - INFO - document_processor:__init__:86 - DocumentProcessor初始化完成 | 模型路径: ./models/bge-large-zh-v1.5 | 分块大小: 1500 | 重叠大小: 200
2025-05-24 15:10:37,534 - INFO - document_processor:_batch_process_files:170 - 发现待处理Markdown文件 | 路径: D:\401385\zizi-1.5-5.6\markdown_files\test | 数量: 4
2025-05-24 15:10:37,873 - DEBUG - document_processor:_batch_process_files:181 - 单文件处理完成 | 路径: D:\401385\zizi-1.5-5.6\markdown_files\test\MVP快速使用文档.md | 生成块数: 5
2025-05-24 15:10:38,640 - DEBUG - document_processor:_batch_process_files:181 - 单文件处理完成 | 路径: D:\401385\zizi-1.5-5.6\markdown_files\test\视觉-算法平台.md | 生成块数: 105
2025-05-24 15:10:38,744 - DEBUG - document_processor:_batch_process_files:181 - 单文件处理完成 | 路径: D:\401385\zizi-1.5-5.6\markdown_files\test\《光伏行业应用AGV》.md | 生成块数: 4
2025-05-24 15:10:38,776 - DEBUG - document_processor:_batch_process_files:181 - 单文件处理完成 | 路径: D:\401385\zizi-1.5-5.6\markdown_files\test\《安防行业和产品》.md | 生成块数: 4
2025-05-24 15:10:38,980 - INFO - document_processor:_batch_process_files:194 - 文件批量处理完成 | 总块数: 118
2025-05-24 15:10:54,575 - ERROR - document_processor:_create_vector_db:314 - 向量库批次处理失败 | 批次: 1 | 错误: <ParamError: (code=1, message=invalid input of field (content), length of string exceeds max length. length: 79946, max length: 65535)>
Traceback (most recent call last):
  File "D:\401385\zizi-1.5-5.6\app\utils\document_processor.py", line 298, in _create_vector_db
    vector_db = Milvus.from_documents(
  File "D:\401385\ANACONDA\envs\zizi\lib\site-packages\langchain_core\vectorstores\base.py", line 835, in from_documents
    return cls.from_texts(texts, embedding, metadatas=metadatas, **kwargs)
  File "D:\401385\ANACONDA\envs\zizi\lib\site-packages\langchain_community\vectorstores\milvus.py", line 1021, in from_texts
    vector_db.add_texts(texts=texts, metadatas=metadatas, ids=ids)
  File "D:\401385\ANACONDA\envs\zizi\lib\site-packages\langchain_community\vectorstores\milvus.py", line 632, in add_texts
    raise e
  File "D:\401385\ANACONDA\envs\zizi\lib\site-packages\langchain_community\vectorstores\milvus.py", line 626, in add_texts
    res = self.col.insert(insert_list, timeout=timeout, **kwargs)
  File "D:\401385\ANACONDA\envs\zizi\lib\site-packages\pymilvus\orm\collection.py", line 516, in insert
    return conn.batch_insert(
  File "D:\401385\ANACONDA\envs\zizi\lib\site-packages\pymilvus\decorators.py", line 141, in handler
    raise e from e
  File "D:\401385\ANACONDA\envs\zizi\lib\site-packages\pymilvus\decorators.py", line 137, in handler
    return func(*args, **kwargs)
  File "D:\401385\ANACONDA\envs\zizi\lib\site-packages\pymilvus\decorators.py", line 176, in handler
    return func(self, *args, **kwargs)
  File "D:\401385\ANACONDA\envs\zizi\lib\site-packages\pymilvus\decorators.py", line 116, in handler
    raise e from e
  File "D:\401385\ANACONDA\envs\zizi\lib\site-packages\pymilvus\decorators.py", line 86, in handler
    return func(*args, **kwargs)
  File "D:\401385\ANACONDA\envs\zizi\lib\site-packages\pymilvus\client\grpc_handler.py", line 662, in batch_insert
    raise err from err
  File "D:\401385\ANACONDA\envs\zizi\lib\site-packages\pymilvus\client\grpc_handler.py", line 645, in batch_insert
    request = self._prepare_batch_insert_request(
  File "D:\401385\ANACONDA\envs\zizi\lib\site-packages\pymilvus\client\grpc_handler.py", line 629, in _prepare_batch_insert_request
    else Prepare.batch_insert_param(collection_name, entities, partition_name, fields_info)
  File "D:\401385\ANACONDA\envs\zizi\lib\site-packages\pymilvus\client\prepare.py", line 761, in batch_insert_param
    return cls._parse_batch_request(request, entities, fields_info, location)
  File "D:\401385\ANACONDA\envs\zizi\lib\site-packages\pymilvus\client\prepare.py", line 737, in _parse_batch_request
    field_data = entity_helper.entity_to_field_data(
  File "D:\401385\ANACONDA\envs\zizi\lib\site-packages\pymilvus\client\entity_helper.py", line 531, in entity_to_field_data
    entity_to_str_arr(entity, field_info, CHECK_STR_ARRAY)
  File "D:\401385\ANACONDA\envs\zizi\lib\site-packages\pymilvus\client\entity_helper.py", line 184, in entity_to_str_arr
    return convert_to_str_array(entity.get("values", []), field_info, check=check)
  File "D:\401385\ANACONDA\envs\zizi\lib\site-packages\pymilvus\client\entity_helper.py", line 176, in convert_to_str_array
    raise ParamError(
pymilvus.exceptions.ParamError: <ParamError: (code=1, message=invalid input of field (content), length of string exceeds max length. length: 79946, max length: 65535)>
2025-05-24 16:56:55,152 - INFO - document_processor:_connect_milvus:92 - Milvus连接成功 | 地址: localhost:19530
2025-05-24 16:56:57,833 - INFO - document_processor:__init__:78 - DocumentProcessor初始化完成 | 模型路径: ./models/bge-large-zh-v1.5 | 分块大小: 1500 | 重叠大小: 200
2025-05-24 16:56:57,840 - INFO - document_processor:_connect_milvus:92 - Milvus连接成功 | 地址: localhost:19530
2025-05-24 16:56:58,362 - INFO - document_processor:__init__:78 - DocumentProcessor初始化完成 | 模型路径: ./models/bge-large-zh-v1.5 | 分块大小: 1500 | 重叠大小: 200
2025-05-24 16:56:58,383 - WARNING - document_processor:_process_single_file:204 - 文件 C:\Users\aaicon\AppData\Local\Temp\tmpgxgix3pl.md 编码检测为 GB2312，可能存在乱码风险
2025-05-24 16:56:58,389 - INFO - document_processor:_connect_milvus:92 - Milvus连接成功 | 地址: localhost:19530
2025-05-24 16:56:58,898 - INFO - document_processor:__init__:78 - DocumentProcessor初始化完成 | 模型路径: ./models/bge-large-zh-v1.5 | 分块大小: 1500 | 重叠大小: 200
2025-05-24 16:56:59,445 - INFO - document_processor:_connect_milvus:92 - Milvus连接成功 | 地址: localhost:19530
2025-05-24 16:56:59,956 - INFO - document_processor:__init__:78 - DocumentProcessor初始化完成 | 模型路径: ./models/bge-large-zh-v1.5 | 分块大小: 1500 | 重叠大小: 200
2025-05-24 16:57:00,917 - INFO - document_processor:_batch_process_files:185 - 文件批量处理完成 | 总块数: 113
2025-05-24 16:57:12,567 - DEBUG - document_processor:_create_vector_db:310 - 向量库初始化 | 批次: 1 | 文档数: 100
2025-05-24 16:57:20,786 - DEBUG - document_processor:_create_vector_db:310 - 向量库初始化 | 批次: 2 | 文档数: 13
2025-05-24 16:57:20,945 - INFO - document_processor:_create_vector_db:320 - 向量库创建完成 | 集合: test_kb | 总块数: 113
2025-05-24 16:57:44,633 - INFO - document_processor:_connect_milvus:92 - Milvus连接成功 | 地址: localhost:19530
2025-05-24 16:57:47,277 - INFO - document_processor:__init__:78 - DocumentProcessor初始化完成 | 模型路径: ./models/bge-large-zh-v1.5 | 分块大小: 1500 | 重叠大小: 200
2025-05-24 16:57:47,284 - INFO - document_processor:_connect_milvus:92 - Milvus连接成功 | 地址: localhost:19530
2025-05-24 16:57:47,787 - INFO - document_processor:__init__:78 - DocumentProcessor初始化完成 | 模型路径: ./models/bge-large-zh-v1.5 | 分块大小: 1500 | 重叠大小: 200
2025-05-24 16:57:47,806 - WARNING - document_processor:_process_single_file:204 - 文件 C:\Users\aaicon\AppData\Local\Temp\tmp94w0e9ly.md 编码检测为 GB2312，可能存在乱码风险
2025-05-24 16:57:47,813 - INFO - document_processor:_connect_milvus:92 - Milvus连接成功 | 地址: localhost:19530
2025-05-24 16:57:48,327 - INFO - document_processor:__init__:78 - DocumentProcessor初始化完成 | 模型路径: ./models/bge-large-zh-v1.5 | 分块大小: 1500 | 重叠大小: 200
2025-05-24 16:57:48,862 - INFO - document_processor:_connect_milvus:92 - Milvus连接成功 | 地址: localhost:19530
2025-05-24 16:57:49,365 - INFO - document_processor:__init__:78 - DocumentProcessor初始化完成 | 模型路径: ./models/bge-large-zh-v1.5 | 分块大小: 1500 | 重叠大小: 200
2025-05-24 16:57:50,424 - INFO - document_processor:_batch_process_files:185 - 文件批量处理完成 | 总块数: 113
2025-05-24 16:58:01,490 - DEBUG - document_processor:_create_vector_db:310 - 向量库初始化 | 批次: 1 | 文档数: 100
2025-05-24 16:58:10,320 - DEBUG - document_processor:_create_vector_db:310 - 向量库初始化 | 批次: 2 | 文档数: 13
2025-05-24 16:58:10,430 - INFO - document_processor:_create_vector_db:320 - 向量库创建完成 | 集合: test_kb | 总块数: 113
2025-05-24 17:10:02,919 - INFO - document_processor:_connect_milvus:92 - Milvus连接成功 | 地址: localhost:19530
2025-05-24 17:10:05,598 - INFO - document_processor:__init__:78 - DocumentProcessor初始化完成 | 模型路径: ./models/bge-large-zh-v1.5 | 分块大小: 1500 | 重叠大小: 200
2025-05-26 14:29:55,209 - ERROR - document_processor:_connect_milvus:94 - Milvus连接失败 | 参数: {'host': 'localhost', 'port': '19530', 'user': '', 'password': '', 'secure': False} | 错误: <MilvusException: (code=2, message=Fail connecting to server on localhost:19530, illegal connection params or server unavailable)>
Traceback (most recent call last):
  File "D:\401385\ANACONDA\envs\zizi\lib\site-packages\pymilvus\client\grpc_handler.py", line 149, in _wait_for_channel_ready
    grpc.channel_ready_future(self._channel).result(timeout=timeout)
  File "D:\401385\ANACONDA\envs\zizi\lib\site-packages\grpc\_utilities.py", line 162, in result
    self._block(timeout)
  File "D:\401385\ANACONDA\envs\zizi\lib\site-packages\grpc\_utilities.py", line 106, in _block
    raise grpc.FutureTimeoutError()
grpc.FutureTimeoutError

The above exception was the direct cause of the following exception:

Traceback (most recent call last):
  File "D:\401385\zizi-1.5-5.6\app\utils\document_processor.py", line 91, in _connect_milvus
    connections.connect(**self.connection_args)
  File "D:\401385\ANACONDA\envs\zizi\lib\site-packages\pymilvus\orm\connections.py", line 461, in connect
    connect_milvus(**kwargs, user=user, password=password, token=token, db_name=db_name)
  File "D:\401385\ANACONDA\envs\zizi\lib\site-packages\pymilvus\orm\connections.py", line 411, in connect_milvus
    gh._wait_for_channel_ready(timeout=timeout)
  File "D:\401385\ANACONDA\envs\zizi\lib\site-packages\pymilvus\client\grpc_handler.py", line 153, in _wait_for_channel_ready
    raise MilvusException(
pymilvus.exceptions.MilvusException: <MilvusException: (code=2, message=Fail connecting to server on localhost:19530, illegal connection params or server unavailable)>
2025-05-26 14:53:36,149 - INFO - document_processor:_connect_milvus:92 - Milvus连接成功 | 地址: localhost:19530
2025-05-26 14:53:43,825 - INFO - document_processor:__init__:78 - DocumentProcessor初始化完成 | 模型路径: ./models/bge-large-zh-v1.5 | 分块大小: 1500 | 重叠大小: 200
2025-05-26 20:29:15,643 - INFO - vector_db_operations:_connect_milvus:92 - Milvus连接成功 | 地址: localhost:19530
2025-05-26 20:29:18,438 - INFO - vector_db_operations:__init__:78 - VectorDBOperations初始化完成 | 模型路径: ./models/bge-large-zh-v1.5 | 分块大小: 1500 | 重叠大小: 200
2025-05-26 20:29:18,445 - INFO - vector_db_operations:_connect_milvus:92 - Milvus连接成功 | 地址: localhost:19530
2025-05-26 20:29:18,958 - INFO - vector_db_operations:__init__:78 - VectorDBOperations初始化完成 | 模型路径: ./models/bge-large-zh-v1.5 | 分块大小: 1500 | 重叠大小: 200
2025-05-26 20:29:18,982 - WARNING - vector_db_operations:_process_single_file:204 - 文件 C:\Users\aaicon\AppData\Local\Temp\tmpdqo4ar45.md 编码检测为 GB2312，可能存在乱码风险
2025-05-26 20:29:18,989 - INFO - vector_db_operations:_connect_milvus:92 - Milvus连接成功 | 地址: localhost:19530
2025-05-26 20:29:19,519 - INFO - vector_db_operations:__init__:78 - VectorDBOperations初始化完成 | 模型路径: ./models/bge-large-zh-v1.5 | 分块大小: 1500 | 重叠大小: 200
2025-05-26 20:29:20,043 - INFO - vector_db_operations:_setup_milvus_collection:271 - 成功初始化集合: test_collection_20250526202919
2025-05-26 20:29:20,055 - INFO - vector_db_operations:_connect_milvus:92 - Milvus连接成功 | 地址: localhost:19530
2025-05-26 20:29:20,579 - INFO - vector_db_operations:__init__:78 - VectorDBOperations初始化完成 | 模型路径: ./models/bge-large-zh-v1.5 | 分块大小: 1500 | 重叠大小: 200
2025-05-26 20:29:20,580 - INFO - vector_db_operations:_batch_process_files:162 - 发现 4 个Markdown文件待处理
2025-05-26 20:29:21,747 - INFO - vector_db_operations:_batch_process_files:185 - 文件批量处理完成 | 总块数: 113
2025-05-26 20:29:22,938 - INFO - vector_db_operations:_setup_milvus_collection:271 - 成功初始化集合: test_kb
2025-05-26 20:29:35,057 - DEBUG - vector_db_operations:_create_vector_db:308 - 向量库初始化 | 批次: 1 | 文档数: 100
2025-05-26 20:29:45,494 - DEBUG - vector_db_operations:_create_vector_db:308 - 向量库初始化 | 批次: 2 | 文档数: 13
2025-05-26 20:29:45,635 - INFO - vector_db_operations:_create_vector_db:315 - 向量库创建完成 | 集合: test_kb | 总块数: 113
2025-05-26 20:30:05,928 - INFO - vector_db_operations:_connect_milvus:92 - Milvus连接成功 | 地址: localhost:19530
2025-05-26 20:30:08,542 - INFO - vector_db_operations:__init__:78 - VectorDBOperations初始化完成 | 模型路径: ./models/bge-large-zh-v1.5 | 分块大小: 1500 | 重叠大小: 200
2025-05-26 20:30:08,549 - INFO - vector_db_operations:_connect_milvus:92 - Milvus连接成功 | 地址: localhost:19530
2025-05-26 20:30:09,055 - INFO - vector_db_operations:__init__:78 - VectorDBOperations初始化完成 | 模型路径: ./models/bge-large-zh-v1.5 | 分块大小: 1500 | 重叠大小: 200
2025-05-26 20:30:09,075 - WARNING - vector_db_operations:_process_single_file:204 - 文件 C:\Users\aaicon\AppData\Local\Temp\tmp0ozsj6h5.md 编码检测为 GB2312，可能存在乱码风险
2025-05-26 20:30:09,081 - INFO - vector_db_operations:_connect_milvus:92 - Milvus连接成功 | 地址: localhost:19530
2025-05-26 20:30:09,610 - INFO - vector_db_operations:__init__:78 - VectorDBOperations初始化完成 | 模型路径: ./models/bge-large-zh-v1.5 | 分块大小: 1500 | 重叠大小: 200
2025-05-26 20:30:10,141 - INFO - vector_db_operations:_setup_milvus_collection:271 - 成功初始化集合: test_collection_20250526203009
2025-05-26 20:30:10,156 - INFO - vector_db_operations:_connect_milvus:92 - Milvus连接成功 | 地址: localhost:19530
2025-05-26 20:30:10,666 - INFO - vector_db_operations:__init__:78 - VectorDBOperations初始化完成 | 模型路径: ./models/bge-large-zh-v1.5 | 分块大小: 1500 | 重叠大小: 200
2025-05-26 20:30:10,668 - INFO - vector_db_operations:_batch_process_files:162 - 发现 4 个Markdown文件待处理
2025-05-26 20:30:11,711 - INFO - vector_db_operations:_batch_process_files:185 - 文件批量处理完成 | 总块数: 113
2025-05-26 20:30:12,858 - INFO - vector_db_operations:_setup_milvus_collection:271 - 成功初始化集合: test_dududuj
2025-05-26 20:30:25,196 - DEBUG - vector_db_operations:_create_vector_db:308 - 向量库初始化 | 批次: 1 | 文档数: 100
2025-05-26 20:30:36,159 - DEBUG - vector_db_operations:_create_vector_db:308 - 向量库初始化 | 批次: 2 | 文档数: 13
2025-05-26 20:30:36,252 - INFO - vector_db_operations:_create_vector_db:315 - 向量库创建完成 | 集合: test_dududuj | 总块数: 113
2025-05-26 20:32:07,680 - INFO - vector_db_operations:_connect_milvus:92 - Milvus连接成功 | 地址: localhost:19530
2025-05-26 20:32:10,387 - INFO - vector_db_operations:__init__:78 - VectorDBOperations初始化完成 | 模型路径: ./models/bge-large-zh-v1.5 | 分块大小: 1500 | 重叠大小: 200
2025-05-26 20:32:10,392 - INFO - vector_db_operations:_connect_milvus:92 - Milvus连接成功 | 地址: localhost:19530
2025-05-26 20:32:10,900 - INFO - vector_db_operations:__init__:78 - VectorDBOperations初始化完成 | 模型路径: ./models/bge-large-zh-v1.5 | 分块大小: 1500 | 重叠大小: 200
2025-05-26 20:32:10,920 - WARNING - vector_db_operations:_process_single_file:204 - 文件 C:\Users\aaicon\AppData\Local\Temp\tmpgugotkw6.md 编码检测为 GB2312，可能存在乱码风险
2025-05-26 20:32:10,927 - INFO - vector_db_operations:_connect_milvus:92 - Milvus连接成功 | 地址: localhost:19530
2025-05-26 20:32:11,440 - INFO - vector_db_operations:__init__:78 - VectorDBOperations初始化完成 | 模型路径: ./models/bge-large-zh-v1.5 | 分块大小: 1500 | 重叠大小: 200
2025-05-26 20:32:11,976 - INFO - vector_db_operations:_setup_milvus_collection:271 - 成功初始化集合: test_collection_20250526203211
2025-05-26 20:32:11,988 - INFO - vector_db_operations:_connect_milvus:92 - Milvus连接成功 | 地址: localhost:19530
2025-05-26 20:32:12,502 - INFO - vector_db_operations:__init__:78 - VectorDBOperations初始化完成 | 模型路径: ./models/bge-large-zh-v1.5 | 分块大小: 1500 | 重叠大小: 200
2025-05-26 20:32:12,503 - INFO - vector_db_operations:_batch_process_files:162 - 发现 4 个Markdown文件待处理
2025-05-26 20:32:13,643 - INFO - vector_db_operations:_batch_process_files:185 - 文件批量处理完成 | 总块数: 113
2025-05-26 20:32:14,795 - INFO - vector_db_operations:_setup_milvus_collection:271 - 成功初始化集合: test_dududuj
2025-05-26 20:32:28,217 - DEBUG - vector_db_operations:_create_vector_db:308 - 向量库初始化 | 批次: 1 | 文档数: 100
2025-05-26 20:32:39,942 - DEBUG - vector_db_operations:_create_vector_db:308 - 向量库初始化 | 批次: 2 | 文档数: 13
2025-05-26 20:32:40,080 - INFO - vector_db_operations:_create_vector_db:315 - 向量库创建完成 | 集合: test_dududuj | 总块数: 113
2025-05-26 20:40:09,014 - INFO - vector_db_operations:_connect_milvus:92 - Milvus连接成功 | 地址: localhost:19530
2025-05-26 20:40:09,525 - INFO - vector_db_operations:__init__:78 - VectorDBOperations初始化完成 | 模型路径: ./models/bge-large-zh-v1.5 | 分块大小: 1500 | 重叠大小: 200
2025-05-26 20:40:56,647 - INFO - vector_db_operations:_connect_milvus:92 - Milvus连接成功 | 地址: localhost:19530
2025-05-26 20:40:57,161 - INFO - vector_db_operations:__init__:78 - VectorDBOperations初始化完成 | 模型路径: ./models/bge-large-zh-v1.5 | 分块大小: 1500 | 重叠大小: 200
2025-05-26 20:40:57,162 - INFO - vector_db_operations:_batch_process_files:162 - 发现 0 个Markdown文件待处理
2025-05-26 20:40:57,263 - INFO - vector_db_operations:_batch_process_files:185 - 文件批量处理完成 | 总块数: 0
2025-05-26 20:40:58,355 - INFO - vector_db_operations:_setup_milvus_collection:271 - 成功初始化集合: nihiap
2025-05-26 20:40:58,544 - INFO - vector_db_operations:_create_vector_db:315 - 向量库创建完成 | 集合: nihiap | 总块数: 0
2025-05-26 20:42:36,149 - INFO - vector_db_operations:_connect_milvus:92 - Milvus连接成功 | 地址: localhost:19530
2025-05-26 20:43:03,948 - INFO - vector_db_operations:__init__:78 - VectorDBOperations初始化完成 | 模型路径: ./models/bge-large-zh-v1.5 | 分块大小: 1500 | 重叠大小: 200
2025-05-26 20:43:04,137 - INFO - vector_db_operations:_batch_process_files:162 - 发现 5 个Markdown文件待处理
2025-05-26 20:43:56,714 - INFO - vector_db_operations:_batch_process_files:185 - 文件批量处理完成 | 总块数: 375
2025-05-26 20:43:58,718 - INFO - vector_db_operations:_setup_milvus_collection:271 - 成功初始化集合: nihiap
2025-05-26 20:45:09,539 - DEBUG - vector_db_operations:_create_vector_db:308 - 向量库初始化 | 批次: 1 | 文档数: 100
2025-05-26 20:46:22,720 - DEBUG - vector_db_operations:_create_vector_db:308 - 向量库初始化 | 批次: 2 | 文档数: 100
2025-05-26 20:47:35,237 - DEBUG - vector_db_operations:_create_vector_db:308 - 向量库初始化 | 批次: 3 | 文档数: 100
2025-05-26 20:48:26,709 - DEBUG - vector_db_operations:_create_vector_db:308 - 向量库初始化 | 批次: 4 | 文档数: 75
2025-05-26 20:48:26,944 - INFO - vector_db_operations:_create_vector_db:315 - 向量库创建完成 | 集合: nihiap | 总块数: 375
2025-05-27 15:01:34,953 - INFO - vector_db_operations:_connect_milvus:92 - Milvus连接成功 | 地址: localhost:19530
2025-05-27 15:01:42,066 - INFO - vector_db_operations:__init__:78 - VectorDBOperations初始化完成 | 模型路径: ./models/bge-large-zh-v1.5 | 分块大小: 1500 | 重叠大小: 200
2025-05-27 15:01:42,069 - WARNING - vector_db_operations:delete_knowledge_base:322 - 集合 roct 不存在，无需删除
2025-05-27 15:07:02,733 - INFO - vector_db_operations:_connect_milvus:92 - Milvus连接成功 | 地址: localhost:19530
2025-05-27 15:07:05,395 - INFO - vector_db_operations:__init__:78 - VectorDBOperations初始化完成 | 模型路径: ./models/bge-large-zh-v1.5 | 分块大小: 1500 | 重叠大小: 200
2025-05-27 15:07:05,400 - INFO - vector_db_operations:delete_knowledge_base:327 - 成功删除集合: roct
2025-05-27 15:10:09,484 - INFO - vector_db_operations:_connect_milvus:92 - Milvus连接成功 | 地址: localhost:19530
2025-05-27 15:10:12,147 - INFO - vector_db_operations:__init__:78 - VectorDBOperations初始化完成 | 模型路径: ./models/bge-large-zh-v1.5 | 分块大小: 1500 | 重叠大小: 200
2025-05-27 15:10:12,152 - INFO - vector_db_operations:delete_knowledge_base:327 - 成功删除集合: dsa89
2025-05-27 15:10:18,098 - INFO - vector_db_operations:_connect_milvus:92 - Milvus连接成功 | 地址: localhost:19530
2025-05-27 15:10:18,623 - INFO - vector_db_operations:__init__:78 - VectorDBOperations初始化完成 | 模型路径: ./models/bge-large-zh-v1.5 | 分块大小: 1500 | 重叠大小: 200
2025-05-27 15:10:18,628 - INFO - vector_db_operations:delete_knowledge_base:327 - 成功删除集合: mvp
2025-05-27 15:10:23,066 - INFO - vector_db_operations:_connect_milvus:92 - Milvus连接成功 | 地址: localhost:19530
2025-05-27 15:10:23,580 - INFO - vector_db_operations:__init__:78 - VectorDBOperations初始化完成 | 模型路径: ./models/bge-large-zh-v1.5 | 分块大小: 1500 | 重叠大小: 200
2025-05-27 15:10:23,587 - INFO - vector_db_operations:delete_knowledge_base:327 - 成功删除集合: aaa
2025-05-27 15:10:27,097 - INFO - vector_db_operations:_connect_milvus:92 - Milvus连接成功 | 地址: localhost:19530
2025-05-27 15:10:27,626 - INFO - vector_db_operations:__init__:78 - VectorDBOperations初始化完成 | 模型路径: ./models/bge-large-zh-v1.5 | 分块大小: 1500 | 重叠大小: 200
2025-05-27 15:10:27,632 - INFO - vector_db_operations:delete_knowledge_base:327 - 成功删除集合: abcdd
2025-05-27 15:10:34,838 - INFO - vector_db_operations:_connect_milvus:92 - Milvus连接成功 | 地址: localhost:19530
2025-05-27 15:10:35,355 - INFO - vector_db_operations:__init__:78 - VectorDBOperations初始化完成 | 模型路径: ./models/bge-large-zh-v1.5 | 分块大小: 1500 | 重叠大小: 200
2025-05-27 15:10:35,360 - INFO - vector_db_operations:delete_knowledge_base:327 - 成功删除集合: MVP
2025-05-27 15:21:54,800 - INFO - vector_db_operations:_connect_milvus:92 - Milvus连接成功 | 地址: localhost:19530
2025-05-27 15:21:57,445 - INFO - vector_db_operations:__init__:78 - VectorDBOperations初始化完成 | 模型路径: ./models/bge-large-zh-v1.5 | 分块大小: 1500 | 重叠大小: 200
2025-05-27 15:21:57,977 - INFO - vector_db_operations:_setup_milvus_collection:271 - 成功初始化集合: mvp
2025-05-27 15:32:06,569 - INFO - vector_db_operations:_connect_milvus:92 - Milvus连接成功 | 地址: localhost:19530
2025-05-27 15:32:09,272 - INFO - vector_db_operations:__init__:78 - VectorDBOperations初始化完成 | 模型路径: ./models/bge-large-zh-v1.5 | 分块大小: 1500 | 重叠大小: 200
2025-05-27 15:32:09,274 - INFO - vector_db_operations:_batch_process_files:162 - 发现 2 个Markdown文件待处理
2025-05-27 15:33:00,923 - INFO - vector_db_operations:_batch_process_files:185 - 文件批量处理完成 | 总块数: 704
2025-05-27 15:33:02,049 - INFO - vector_db_operations:_setup_milvus_collection:271 - 成功初始化集合: mvp
2025-05-27 15:33:12,881 - DEBUG - vector_db_operations:_create_vector_db:308 - 向量库初始化 | 批次: 1 | 文档数: 100
2025-05-27 15:33:21,760 - DEBUG - vector_db_operations:_create_vector_db:308 - 向量库初始化 | 批次: 2 | 文档数: 100
2025-05-27 15:33:31,719 - DEBUG - vector_db_operations:_create_vector_db:308 - 向量库初始化 | 批次: 3 | 文档数: 100
2025-05-27 15:33:41,312 - DEBUG - vector_db_operations:_create_vector_db:308 - 向量库初始化 | 批次: 4 | 文档数: 100
2025-05-27 15:33:50,750 - DEBUG - vector_db_operations:_create_vector_db:308 - 向量库初始化 | 批次: 5 | 文档数: 100
2025-05-27 15:34:00,964 - DEBUG - vector_db_operations:_create_vector_db:308 - 向量库初始化 | 批次: 6 | 文档数: 100
2025-05-27 15:34:10,987 - DEBUG - vector_db_operations:_create_vector_db:308 - 向量库初始化 | 批次: 7 | 文档数: 100
2025-05-27 15:34:20,584 - DEBUG - vector_db_operations:_create_vector_db:308 - 向量库初始化 | 批次: 8 | 文档数: 4
2025-05-27 15:34:20,726 - INFO - vector_db_operations:_create_vector_db:315 - 向量库创建完成 | 集合: mvp | 总块数: 704
2025-05-27 16:06:40,110 - INFO - vector_db_operations:_connect_milvus:92 - Milvus连接成功 | 地址: localhost:19530
2025-05-27 16:06:42,807 - INFO - vector_db_operations:__init__:78 - VectorDBOperations初始化完成 | 模型路径: ./models/bge-large-zh-v1.5 | 分块大小: 1500 | 重叠大小: 200
2025-05-27 16:06:43,336 - INFO - vector_db_operations:_setup_milvus_collection:274 - 成功初始化集合: robot
2025-05-27 16:08:59,760 - INFO - vector_db_operations:_connect_milvus:92 - Milvus连接成功 | 地址: localhost:19530
2025-05-27 16:09:00,287 - INFO - vector_db_operations:__init__:78 - VectorDBOperations初始化完成 | 模型路径: ./models/bge-large-zh-v1.5 | 分块大小: 1500 | 重叠大小: 200
2025-05-27 16:09:00,429 - INFO - vector_db_operations:_batch_process_files:162 - 发现 110 个Markdown文件待处理
2025-05-27 16:09:01,012 - ERROR - vector_db_operations:_batch_process_files:174 - 文件处理异常: D:\401385\zizi-1.5-5.6\markdown_files\robot\2025_04_10_机器人资料转换\FAQ\39、FAQ-服务器常用命令问题.md
'VectorDB_Operations' object has no attribute 'folder_path'
2025-05-27 16:09:01,233 - ERROR - vector_db_operations:_batch_process_files:174 - 文件处理异常: D:\401385\zizi-1.5-5.6\markdown_files\robot\2025_04_10_机器人资料转换\FAQ\37、FAQ-平台现场问题-2.md
'VectorDB_Operations' object has no attribute 'folder_path'
2025-05-27 16:09:01,438 - ERROR - vector_db_operations:_batch_process_files:174 - 文件处理异常: D:\401385\zizi-1.5-5.6\markdown_files\robot\2025_04_10_机器人资料转换\使用说明\1、模拟器启动工具说明.md
'VectorDB_Operations' object has no attribute 'folder_path'
2025-05-27 16:09:01,593 - ERROR - vector_db_operations:_batch_process_files:174 - 文件处理异常: D:\401385\zizi-1.5-5.6\markdown_files\robot\2025_04_10_机器人资料转换\FAQ\35、FAQ-调度算法现场问题-2.md
'VectorDB_Operations' object has no attribute 'folder_path'
2025-05-27 16:09:01,648 - ERROR - vector_db_operations:_batch_process_files:174 - 文件处理异常: D:\401385\zizi-1.5-5.6\markdown_files\robot\2025_04_10_机器人资料转换\使用说明\13、AB面业务配置.md
'VectorDB_Operations' object has no attribute 'folder_path'
2025-05-27 16:09:01,674 - WARNING - vector_db_operations:_process_single_file:204 - 文件 D:\401385\zizi-1.5-5.6\markdown_files\robot\2025_04_10_机器人资料转换\故障分析\故障分析--前端.md 编码检测为 UTF-8-SIG，可能存在乱码风险
2025-05-27 16:09:01,762 - ERROR - vector_db_operations:_batch_process_files:174 - 文件处理异常: D:\401385\zizi-1.5-5.6\markdown_files\robot\2025_04_10_机器人资料转换\FAQ\24、FAQ-货架问题.md
'VectorDB_Operations' object has no attribute 'folder_path'
2025-05-27 16:09:02,130 - ERROR - vector_db_operations:_batch_process_files:174 - 文件处理异常: D:\401385\zizi-1.5-5.6\markdown_files\robot\2025_04_10_机器人资料转换\使用说明\3、平台设备充电配置.md
'VectorDB_Operations' object has no attribute 'folder_path'
2025-05-27 16:09:02,233 - ERROR - vector_db_operations:_batch_process_files:174 - 文件处理异常: D:\401385\zizi-1.5-5.6\markdown_files\robot\2025_04_10_机器人资料转换\FAQ\30、FAQ-调度算法问题-2.md
'VectorDB_Operations' object has no attribute 'folder_path'
2025-05-27 16:09:02,495 - ERROR - vector_db_operations:_batch_process_files:174 - 文件处理异常: D:\401385\zizi-1.5-5.6\markdown_files\robot\2025_04_10_机器人资料转换\使用说明\12、平台添加设备型号.md
'VectorDB_Operations' object has no attribute 'folder_path'
2025-05-27 16:09:02,636 - ERROR - vector_db_operations:_batch_process_files:174 - 文件处理异常: D:\401385\zizi-1.5-5.6\markdown_files\robot\2025_04_10_机器人资料转换\使用说明\18、高精度叉车地牛业务配置说明.md
'VectorDB_Operations' object has no attribute 'folder_path'
2025-05-27 16:09:02,698 - ERROR - vector_db_operations:_batch_process_files:174 - 文件处理异常: D:\401385\zizi-1.5-5.6\markdown_files\robot\2025_04_10_机器人资料转换\FAQ\27、FAQ-叉车问题-3.md
'VectorDB_Operations' object has no attribute 'folder_path'
2025-05-27 16:09:02,792 - ERROR - vector_db_operations:_batch_process_files:174 - 文件处理异常: D:\401385\zizi-1.5-5.6\markdown_files\robot\2025_04_10_机器人资料转换\FAQ\38、FAQ-平台现场问题-3.md
'VectorDB_Operations' object has no attribute 'folder_path'
2025-05-27 16:09:02,871 - ERROR - vector_db_operations:_batch_process_files:174 - 文件处理异常: D:\401385\zizi-1.5-5.6\markdown_files\robot\2025_04_10_机器人资料转换\FAQ\26、FAQ-叉车问题-2.md
'VectorDB_Operations' object has no attribute 'folder_path'
2025-05-27 16:09:02,947 - ERROR - vector_db_operations:_batch_process_files:174 - 文件处理异常: D:\401385\zizi-1.5-5.6\markdown_files\robot\2025_04_10_机器人资料转换\使用说明\15、三色灯平台配置说明.md
'VectorDB_Operations' object has no attribute 'folder_path'
2025-05-27 16:09:03,025 - ERROR - vector_db_operations:_batch_process_files:174 - 文件处理异常: D:\401385\zizi-1.5-5.6\markdown_files\robot\2025_04_10_机器人资料转换\FAQ\31、FAQ-充电问题.md
'VectorDB_Operations' object has no attribute 'folder_path'
2025-05-27 16:09:03,105 - ERROR - vector_db_operations:_batch_process_files:174 - 文件处理异常: D:\401385\zizi-1.5-5.6\markdown_files\robot\2025_04_10_机器人资料转换\FAQ\29、FAQ-调度算法问题-1.md
'VectorDB_Operations' object has no attribute 'folder_path'
2025-05-27 16:09:03,152 - ERROR - vector_db_operations:_batch_process_files:174 - 文件处理异常: D:\401385\zizi-1.5-5.6\markdown_files\robot\2025_04_10_机器人资料转换\FAQ\34、FAQ-调度算法现场问题-1.md
'VectorDB_Operations' object has no attribute 'folder_path'
2025-05-27 16:09:03,183 - ERROR - vector_db_operations:_batch_process_files:174 - 文件处理异常: D:\401385\zizi-1.5-5.6\markdown_files\robot\2025_04_10_机器人资料转换\FAQ\33、FAQ-门禁问题.md
'VectorDB_Operations' object has no attribute 'folder_path'
2025-05-27 16:09:03,247 - ERROR - vector_db_operations:_batch_process_files:174 - 文件处理异常: D:\401385\zizi-1.5-5.6\markdown_files\robot\2025_04_10_机器人资料转换\FAQ\25、FAQ-叉车问题-1.md
'VectorDB_Operations' object has no attribute 'folder_path'
2025-05-27 16:09:03,293 - ERROR - vector_db_operations:_batch_process_files:174 - 文件处理异常: D:\401385\zizi-1.5-5.6\markdown_files\robot\2025_04_10_机器人资料转换\FAQ\23、FAQ-任务不执行、执行失败问题.md
'VectorDB_Operations' object has no attribute 'folder_path'
2025-05-27 16:09:03,355 - ERROR - vector_db_operations:_batch_process_files:174 - 文件处理异常: D:\401385\zizi-1.5-5.6\markdown_files\robot\2025_04_10_机器人资料转换\FAQ\22、FAQ-界面配置问题.md
'VectorDB_Operations' object has no attribute 'folder_path'
2025-05-27 16:09:03,448 - ERROR - vector_db_operations:_batch_process_files:174 - 文件处理异常: D:\401385\zizi-1.5-5.6\markdown_files\robot\2025_04_10_机器人资料转换\使用说明\10、任务失败执行报错解析.md
'VectorDB_Operations' object has no attribute 'folder_path'
2025-05-27 16:09:03,527 - ERROR - vector_db_operations:_batch_process_files:174 - 文件处理异常: D:\401385\zizi-1.5-5.6\markdown_files\robot\2025_04_10_机器人资料转换\使用说明\2、平台任务状态及模板配置.md
'VectorDB_Operations' object has no attribute 'folder_path'
2025-05-27 16:09:03,604 - ERROR - vector_db_operations:_batch_process_files:174 - 文件处理异常: D:\401385\zizi-1.5-5.6\markdown_files\robot\2025_04_10_机器人资料转换\使用说明\11、点避障关闭配置文档.md
'VectorDB_Operations' object has no attribute 'folder_path'
2025-05-27 16:09:03,712 - ERROR - vector_db_operations:_batch_process_files:174 - 文件处理异常: D:\401385\zizi-1.5-5.6\markdown_files\robot\2025_04_10_机器人资料转换\使用说明\14、地图算法检验工具使用.md
'VectorDB_Operations' object has no attribute 'folder_path'
2025-05-27 16:09:03,806 - ERROR - vector_db_operations:_batch_process_files:174 - 文件处理异常: D:\401385\zizi-1.5-5.6\markdown_files\robot\2025_04_10_机器人资料转换\FAQ\32、FAQ-跨区域问题.md
'VectorDB_Operations' object has no attribute 'folder_path'
2025-05-27 16:09:03,902 - ERROR - vector_db_operations:_batch_process_files:174 - 文件处理异常: D:\401385\zizi-1.5-5.6\markdown_files\robot\2025_04_10_机器人资料转换\FAQ\28、FAQ-第三方设备接入问题.md
'VectorDB_Operations' object has no attribute 'folder_path'
2025-05-27 16:09:03,966 - ERROR - vector_db_operations:_batch_process_files:174 - 文件处理异常: D:\401385\zizi-1.5-5.6\markdown_files\robot\2025_04_10_机器人资料转换\使用说明\17、设备、充电桩注册失败问题排查.md
'VectorDB_Operations' object has no attribute 'folder_path'
2025-05-27 16:09:04,059 - ERROR - vector_db_operations:_batch_process_files:174 - 文件处理异常: D:\401385\zizi-1.5-5.6\markdown_files\robot\2025_04_10_机器人资料转换\FAQ\36、FAQ-平台现场问题-1.md
'VectorDB_Operations' object has no attribute 'folder_path'
2025-05-27 16:09:04,139 - ERROR - vector_db_operations:_batch_process_files:174 - 文件处理异常: D:\401385\zizi-1.5-5.6\markdown_files\robot\2025_04_10_机器人资料转换\使用说明\16、设备TOF断连去指定点位重启配置.md
'VectorDB_Operations' object has no attribute 'folder_path'
2025-05-27 16:09:04,233 - ERROR - vector_db_operations:_batch_process_files:174 - 文件处理异常: D:\401385\zizi-1.5-5.6\markdown_files\robot\2025_04_10_机器人资料转换\使用说明\6、第三方设备交管接入说明文档.md
'VectorDB_Operations' object has no attribute 'folder_path'
2025-05-27 16:09:04,281 - ERROR - vector_db_operations:_batch_process_files:174 - 文件处理异常: D:\401385\zizi-1.5-5.6\markdown_files\robot\2025_04_10_机器人资料转换\使用说明\7、授权问题排查.md
'VectorDB_Operations' object has no attribute 'folder_path'
2025-05-27 16:09:04,375 - ERROR - vector_db_operations:_batch_process_files:174 - 文件处理异常: D:\401385\zizi-1.5-5.6\markdown_files\robot\2025_04_10_机器人资料转换\使用说明\数据表说明-20、AGV_MODEL参数.md
'VectorDB_Operations' object has no attribute 'folder_path'
2025-05-27 16:09:04,421 - ERROR - vector_db_operations:_batch_process_files:174 - 文件处理异常: D:\401385\zizi-1.5-5.6\markdown_files\robot\2025_04_10_机器人资料转换\使用说明\9、库位状态不变更排查.md
'VectorDB_Operations' object has no attribute 'folder_path'
2025-05-27 16:09:04,499 - ERROR - vector_db_operations:_batch_process_files:174 - 文件处理异常: D:\401385\zizi-1.5-5.6\markdown_files\robot\2025_04_10_机器人资料转换\使用说明\4、容量管控相关配置.md
'VectorDB_Operations' object has no attribute 'folder_path'
2025-05-27 16:09:04,577 - ERROR - vector_db_operations:_batch_process_files:174 - 文件处理异常: D:\401385\zizi-1.5-5.6\markdown_files\robot\2025_04_10_机器人资料转换\共性问题修复\共性问题修复--V1.0.md
'VectorDB_Operations' object has no attribute 'folder_path'
2025-05-27 16:09:04,688 - ERROR - vector_db_operations:_batch_process_files:174 - 文件处理异常: D:\401385\zizi-1.5-5.6\markdown_files\robot\2025_04_10_机器人资料转换\使用说明\5、地图常用字段及密集库配置.md
'VectorDB_Operations' object has no attribute 'folder_path'
2025-05-27 16:09:04,734 - ERROR - vector_db_operations:_batch_process_files:174 - 文件处理异常: D:\401385\zizi-1.5-5.6\markdown_files\robot\2025_04_10_机器人资料转换\使用说明\19、双向密集库部署文档.md
'VectorDB_Operations' object has no attribute 'folder_path'
2025-05-27 16:09:04,749 - ERROR - vector_db_operations:_batch_process_files:174 - 文件处理异常: D:\401385\zizi-1.5-5.6\markdown_files\robot\2025_04_10_机器人资料转换\使用说明\8、库位状态变更配置.md
'VectorDB_Operations' object has no attribute 'folder_path'
2025-05-27 16:09:04,858 - ERROR - vector_db_operations:_batch_process_files:174 - 文件处理异常: D:\401385\zizi-1.5-5.6\markdown_files\robot\2025_04_10_机器人资料转换\场景配置\场景配置-业务场景.md
'VectorDB_Operations' object has no attribute 'folder_path'
2025-05-27 16:09:04,952 - ERROR - vector_db_operations:_batch_process_files:174 - 文件处理异常: D:\401385\zizi-1.5-5.6\markdown_files\robot\2025_04_10_机器人资料转换\使用说明\算法说明-21、算法中设备和货架方向及尺寸参数的含义.md
'VectorDB_Operations' object has no attribute 'folder_path'
2025-05-27 16:09:05,030 - ERROR - vector_db_operations:_batch_process_files:174 - 文件处理异常: D:\401385\zizi-1.5-5.6\markdown_files\robot\2025_04_10_机器人资料转换\基础技能\13、数据库服务器和应用服务器分离无法使用数据库可视化软件指导文件.md
'VectorDB_Operations' object has no attribute 'folder_path'
2025-05-27 16:09:05,094 - ERROR - vector_db_operations:_batch_process_files:174 - 文件处理异常: D:\401385\zizi-1.5-5.6\markdown_files\robot\2025_04_10_机器人资料转换\基础技能\16、服务器抓包相关说明文档.md
'VectorDB_Operations' object has no attribute 'folder_path'
2025-05-27 16:09:05,190 - ERROR - vector_db_operations:_batch_process_files:174 - 文件处理异常: D:\401385\zizi-1.5-5.6\markdown_files\robot\2025_04_10_机器人资料转换\基础技能\10、数据库所有表名及用途.md
'VectorDB_Operations' object has no attribute 'folder_path'
2025-05-27 16:09:05,252 - ERROR - vector_db_operations:_batch_process_files:174 - 文件处理异常: D:\401385\zizi-1.5-5.6\markdown_files\robot\2025_04_10_机器人资料转换\基础技能\15、服务器排查手册.md
'VectorDB_Operations' object has no attribute 'folder_path'
2025-05-27 16:09:05,345 - ERROR - vector_db_operations:_batch_process_files:174 - 文件处理异常: D:\401385\zizi-1.5-5.6\markdown_files\robot\2025_04_10_机器人资料转换\基础技能\11、测试服务器硬盘IO读写能力的命令.md
'VectorDB_Operations' object has no attribute 'folder_path'
2025-05-27 16:09:05,438 - ERROR - vector_db_operations:_batch_process_files:174 - 文件处理异常: D:\401385\zizi-1.5-5.6\markdown_files\robot\2025_04_10_机器人资料转换\场景配置\场景配置-action.md
'VectorDB_Operations' object has no attribute 'folder_path'
2025-05-27 16:09:05,499 - ERROR - vector_db_operations:_batch_process_files:174 - 文件处理异常: D:\401385\zizi-1.5-5.6\markdown_files\robot\2025_04_10_机器人资料转换\基础技能\14、双机热备关机软件.md
'VectorDB_Operations' object has no attribute 'folder_path'
2025-05-27 16:09:05,590 - ERROR - vector_db_operations:_batch_process_files:174 - 文件处理异常: D:\401385\zizi-1.5-5.6\markdown_files\robot\2025_04_10_机器人资料转换\基础技能\17、supervisor(看门狗)服务命令.md
'VectorDB_Operations' object has no attribute 'folder_path'
2025-05-27 16:09:05,686 - ERROR - vector_db_operations:_batch_process_files:174 - 文件处理异常: D:\401385\zizi-1.5-5.6\markdown_files\robot\2025_04_10_机器人资料转换\基础技能\1、登录后台服务器.md
'VectorDB_Operations' object has no attribute 'folder_path'
2025-05-27 16:09:05,764 - ERROR - vector_db_operations:_batch_process_files:174 - 文件处理异常: D:\401385\zizi-1.5-5.6\markdown_files\robot\2025_04_10_机器人资料转换\基础技能\5、服务器一键备份脚本及方法.md
'VectorDB_Operations' object has no attribute 'folder_path'
2025-05-27 16:09:05,857 - ERROR - vector_db_operations:_batch_process_files:174 - 文件处理异常: D:\401385\zizi-1.5-5.6\markdown_files\robot\2025_04_10_机器人资料转换\基础技能\4、各模块作用、日志路径.md
'VectorDB_Operations' object has no attribute 'folder_path'
2025-05-27 16:09:05,937 - ERROR - vector_db_operations:_batch_process_files:174 - 文件处理异常: D:\401385\zizi-1.5-5.6\markdown_files\robot\2025_04_10_机器人资料转换\基础技能\2、登录数据库.md
'VectorDB_Operations' object has no attribute 'folder_path'
2025-05-27 16:09:06,001 - ERROR - vector_db_operations:_batch_process_files:174 - 文件处理异常: D:\401385\zizi-1.5-5.6\markdown_files\robot\2025_04_10_机器人资料转换\基础技能\3、登录网关.md
'VectorDB_Operations' object has no attribute 'folder_path'
2025-05-27 16:09:06,065 - ERROR - vector_db_operations:_batch_process_files:174 - 文件处理异常: D:\401385\zizi-1.5-5.6\markdown_files\robot\2025_04_10_机器人资料转换\基础技能\8、服务器时间同步配置.md
'VectorDB_Operations' object has no attribute 'folder_path'
2025-05-27 16:09:06,173 - ERROR - vector_db_operations:_batch_process_files:174 - 文件处理异常: D:\401385\zizi-1.5-5.6\markdown_files\robot\2025_04_10_机器人资料转换\基础技能\12、平台端特定文件及其存储路径介绍.md
'VectorDB_Operations' object has no attribute 'folder_path'
2025-05-27 16:09:06,265 - ERROR - vector_db_operations:_batch_process_files:174 - 文件处理异常: D:\401385\zizi-1.5-5.6\markdown_files\robot\2025_04_10_机器人资料转换\基础技能\9、查看版本.md
'VectorDB_Operations' object has no attribute 'folder_path'
2025-05-27 16:09:06,361 - ERROR - vector_db_operations:_batch_process_files:174 - 文件处理异常: D:\401385\zizi-1.5-5.6\markdown_files\robot\2025_04_10_机器人资料转换\安装部署\13、更换脚本.md
'VectorDB_Operations' object has no attribute 'folder_path'
2025-05-27 16:09:06,440 - ERROR - vector_db_operations:_batch_process_files:174 - 文件处理异常: D:\401385\zizi-1.5-5.6\markdown_files\robot\2025_04_10_机器人资料转换\基础技能\18、地图编辑CheckList.md
'VectorDB_Operations' object has no attribute 'folder_path'
2025-05-27 16:09:06,518 - ERROR - vector_db_operations:_batch_process_files:174 - 文件处理异常: D:\401385\zizi-1.5-5.6\markdown_files\robot\2025_04_10_机器人资料转换\基础技能\6、下载日志.md
'VectorDB_Operations' object has no attribute 'folder_path'
2025-05-27 16:09:06,566 - ERROR - vector_db_operations:_batch_process_files:174 - 文件处理异常: D:\401385\zizi-1.5-5.6\markdown_files\robot\2025_04_10_机器人资料转换\安装部署\3、平台授权信息获取.md
'VectorDB_Operations' object has no attribute 'folder_path'
2025-05-27 16:09:06,659 - ERROR - vector_db_operations:_batch_process_files:174 - 文件处理异常: D:\401385\zizi-1.5-5.6\markdown_files\robot\2025_04_10_机器人资料转换\安装部署\12、平台服务器修改IP.md
'VectorDB_Operations' object has no attribute 'folder_path'
2025-05-27 16:09:06,755 - ERROR - vector_db_operations:_batch_process_files:174 - 文件处理异常: D:\401385\zizi-1.5-5.6\markdown_files\robot\2025_04_10_机器人资料转换\基础技能\7、查看服务状态、重启服务.md
'VectorDB_Operations' object has no attribute 'folder_path'
2025-05-27 16:09:06,866 - ERROR - vector_db_operations:_batch_process_files:174 - 文件处理异常: D:\401385\zizi-1.5-5.6\markdown_files\robot\2025_04_10_机器人资料转换\安装部署\1、产品型号和料号标识.md
'VectorDB_Operations' object has no attribute 'folder_path'
2025-05-27 16:09:06,930 - ERROR - vector_db_operations:_batch_process_files:174 - 文件处理异常: D:\401385\zizi-1.5-5.6\markdown_files\robot\2025_04_10_机器人资料转换\安装部署\11、单模块部署手册.md
'VectorDB_Operations' object has no attribute 'folder_path'
2025-05-27 16:09:07,010 - ERROR - vector_db_operations:_batch_process_files:174 - 文件处理异常: D:\401385\zizi-1.5-5.6\markdown_files\robot\2025_04_10_机器人资料转换\安装部署\10、平台软件算法升级指导.md
'VectorDB_Operations' object has no attribute 'folder_path'
2025-05-27 16:09:07,090 - ERROR - vector_db_operations:_batch_process_files:174 - 文件处理异常: D:\401385\zizi-1.5-5.6\markdown_files\robot\2025_04_10_机器人资料转换\安装部署\2、平台RCS及ICS发布说明.md
'VectorDB_Operations' object has no attribute 'folder_path'
2025-05-27 16:09:07,216 - ERROR - vector_db_operations:_batch_process_files:174 - 文件处理异常: D:\401385\zizi-1.5-5.6\markdown_files\robot\2025_04_10_机器人资料转换\安装部署\8、windows系统虚拟机安装部署.md
'VectorDB_Operations' object has no attribute 'folder_path'
2025-05-27 16:09:07,264 - ERROR - vector_db_operations:_batch_process_files:174 - 文件处理异常: D:\401385\zizi-1.5-5.6\markdown_files\robot\2025_04_10_机器人资料转换\安装部署\4、申请授权加密.md
'VectorDB_Operations' object has no attribute 'folder_path'
2025-05-27 16:09:07,360 - ERROR - vector_db_operations:_batch_process_files:174 - 文件处理异常: D:\401385\zizi-1.5-5.6\markdown_files\robot\2025_04_10_机器人资料转换\安装部署\5、服务器配置参考.md
'VectorDB_Operations' object has no attribute 'folder_path'
2025-05-27 16:09:07,422 - ERROR - vector_db_operations:_batch_process_files:174 - 文件处理异常: D:\401385\zizi-1.5-5.6\markdown_files\robot\2025_04_10_机器人资料转换\安装部署\7、双机热备安装部署.md
'VectorDB_Operations' object has no attribute 'folder_path'
2025-05-27 16:09:07,516 - ERROR - vector_db_operations:_batch_process_files:174 - 文件处理异常: D:\401385\zizi-1.5-5.6\markdown_files\robot\2025_04_10_机器人资料转换\安装部署\6、nacos端口失败.md
'VectorDB_Operations' object has no attribute 'folder_path'
2025-05-27 16:09:07,611 - ERROR - vector_db_operations:_batch_process_files:174 - 文件处理异常: D:\401385\zizi-1.5-5.6\markdown_files\robot\2025_04_10_机器人资料转换\安装部署\9、仿真系统搭建说明.md
'VectorDB_Operations' object has no attribute 'folder_path'
2025-05-27 16:09:07,707 - ERROR - vector_db_operations:_batch_process_files:174 - 文件处理异常: D:\401385\zizi-1.5-5.6\markdown_files\robot\2025_04_10_机器人资料转换\第三方设备配置\40、堆高车业务配置调试文档-1.md
'VectorDB_Operations' object has no attribute 'folder_path'
2025-05-27 16:09:07,768 - ERROR - vector_db_operations:_batch_process_files:174 - 文件处理异常: D:\401385\zizi-1.5-5.6\markdown_files\robot\2025_04_10_机器人资料转换\故障分析\故障分析-分配算法.md
'VectorDB_Operations' object has no attribute 'folder_path'
2025-05-27 16:09:07,861 - ERROR - vector_db_operations:_batch_process_files:174 - 文件处理异常: D:\401385\zizi-1.5-5.6\markdown_files\robot\2025_04_10_机器人资料转换\故障分析\故障分析-第三方.md
'VectorDB_Operations' object has no attribute 'folder_path'
2025-05-27 16:09:07,955 - ERROR - vector_db_operations:_batch_process_files:174 - 文件处理异常: D:\401385\zizi-1.5-5.6\markdown_files\robot\2025_04_10_机器人资料转换\第三方设备配置\41、堆高车业务配置调试文档-2.md
'VectorDB_Operations' object has no attribute 'folder_path'
2025-05-27 16:09:08,033 - ERROR - vector_db_operations:_batch_process_files:174 - 文件处理异常: D:\401385\zizi-1.5-5.6\markdown_files\robot\2025_04_10_机器人资料转换\故障分析\故障分析-叉车.md
'VectorDB_Operations' object has no attribute 'folder_path'
2025-05-27 16:09:08,110 - ERROR - vector_db_operations:_batch_process_files:174 - 文件处理异常: D:\401385\zizi-1.5-5.6\markdown_files\robot\2025_04_10_机器人资料转换\第三方设备配置\45、堆高车配置调试手册.md
'VectorDB_Operations' object has no attribute 'folder_path'
2025-05-27 16:09:08,188 - ERROR - vector_db_operations:_batch_process_files:174 - 文件处理异常: D:\401385\zizi-1.5-5.6\markdown_files\robot\2025_04_10_机器人资料转换\第三方设备配置\48、提升机配置调试手册.md
'VectorDB_Operations' object has no attribute 'folder_path'
2025-05-27 16:09:08,267 - ERROR - vector_db_operations:_batch_process_files:174 - 文件处理异常: D:\401385\zizi-1.5-5.6\markdown_files\robot\2025_04_10_机器人资料转换\第三方设备配置\47、上装接入配置调试手册.md
'VectorDB_Operations' object has no attribute 'folder_path'
2025-05-27 16:09:08,330 - ERROR - vector_db_operations:_batch_process_files:174 - 文件处理异常: D:\401385\zizi-1.5-5.6\markdown_files\robot\2025_04_10_机器人资料转换\故障分析\故障分析-调度算法.md
'VectorDB_Operations' object has no attribute 'folder_path'
2025-05-27 16:09:08,422 - ERROR - vector_db_operations:_batch_process_files:174 - 文件处理异常: D:\401385\zizi-1.5-5.6\markdown_files\robot\2025_04_10_机器人资料转换\第三方设备配置\42、堆高车业务配置调试文档-3.md
'VectorDB_Operations' object has no attribute 'folder_path'
2025-05-27 16:09:08,517 - ERROR - vector_db_operations:_batch_process_files:174 - 文件处理异常: D:\401385\zizi-1.5-5.6\markdown_files\robot\2025_04_10_机器人资料转换\第三方设备配置\44、电梯配置调试文档.md
'VectorDB_Operations' object has no attribute 'folder_path'
2025-05-27 16:09:08,581 - ERROR - vector_db_operations:_batch_process_files:174 - 文件处理异常: D:\401385\zizi-1.5-5.6\markdown_files\robot\2025_04_10_机器人资料转换\第三方设备配置\49、方案配件使用说明.md
'VectorDB_Operations' object has no attribute 'folder_path'
2025-05-27 16:09:08,676 - ERROR - vector_db_operations:_batch_process_files:174 - 文件处理异常: D:\401385\zizi-1.5-5.6\markdown_files\robot\2025_04_10_机器人资料转换\调度平台操作指导文档\11、举升车叉车接驳配置文档.md
'VectorDB_Operations' object has no attribute 'folder_path'
2025-05-27 16:09:08,724 - ERROR - vector_db_operations:_batch_process_files:174 - 文件处理异常: D:\401385\zizi-1.5-5.6\markdown_files\robot\2025_04_10_机器人资料转换\第三方设备配置\43、PLC业务配置操作文档.md
'VectorDB_Operations' object has no attribute 'folder_path'
2025-05-27 16:09:08,819 - ERROR - vector_db_operations:_batch_process_files:174 - 文件处理异常: D:\401385\zizi-1.5-5.6\markdown_files\robot\2025_04_10_机器人资料转换\第三方设备配置\46、门禁配置调试手册.md
'VectorDB_Operations' object has no attribute 'folder_path'
2025-05-27 16:09:08,899 - ERROR - vector_db_operations:_batch_process_files:174 - 文件处理异常: D:\401385\zizi-1.5-5.6\markdown_files\robot\2025_04_10_机器人资料转换\调度平台操作指导文档\14、交通管制区配置调试手册.md
'VectorDB_Operations' object has no attribute 'folder_path'
2025-05-27 16:09:08,979 - ERROR - vector_db_operations:_batch_process_files:174 - 文件处理异常: D:\401385\zizi-1.5-5.6\markdown_files\robot\2025_04_10_机器人资料转换\调度平台操作指导文档\13、堆高车功能说明书.md
'VectorDB_Operations' object has no attribute 'folder_path'
2025-05-27 16:09:09,057 - ERROR - vector_db_operations:_batch_process_files:174 - 文件处理异常: D:\401385\zizi-1.5-5.6\markdown_files\robot\2025_04_10_机器人资料转换\调度平台操作指导文档\12、途径区配置文档.md
'VectorDB_Operations' object has no attribute 'folder_path'
2025-05-27 16:09:09,105 - ERROR - vector_db_operations:_batch_process_files:174 - 文件处理异常: D:\401385\zizi-1.5-5.6\markdown_files\robot\2025_04_10_机器人资料转换\调度平台操作指导文档\15、密集库挪库配置调试手册.md
'VectorDB_Operations' object has no attribute 'folder_path'
2025-05-27 16:09:09,184 - ERROR - vector_db_operations:_batch_process_files:174 - 文件处理异常: D:\401385\zizi-1.5-5.6\markdown_files\robot\2025_04_10_机器人资料转换\调度平台操作指导文档\10、公交车模式配置文档.md
'VectorDB_Operations' object has no attribute 'folder_path'
2025-05-27 16:09:09,263 - ERROR - vector_db_operations:_batch_process_files:174 - 文件处理异常: D:\401385\zizi-1.5-5.6\markdown_files\robot\2025_04_10_机器人资料转换\调度平台操作指导文档\19、AMR管理平台服务器部署操作指导手册.md
'VectorDB_Operations' object has no attribute 'folder_path'
2025-05-27 16:09:09,343 - ERROR - vector_db_operations:_batch_process_files:174 - 文件处理异常: D:\401385\zizi-1.5-5.6\markdown_files\robot\2025_04_10_机器人资料转换\调度平台操作指导文档\18、服务器环境要求.md
'VectorDB_Operations' object has no attribute 'folder_path'
2025-05-27 16:09:09,436 - ERROR - vector_db_operations:_batch_process_files:174 - 文件处理异常: D:\401385\zizi-1.5-5.6\markdown_files\robot\2025_04_10_机器人资料转换\调度平台操作指导文档\16、密集库选点配置调试手册.md
'VectorDB_Operations' object has no attribute 'folder_path'
2025-05-27 16:09:09,500 - ERROR - vector_db_operations:_batch_process_files:174 - 文件处理异常: D:\401385\zizi-1.5-5.6\markdown_files\robot\2025_04_10_机器人资料转换\调度平台操作指导文档\1、RCS客户端功能说明.md
'VectorDB_Operations' object has no attribute 'folder_path'
2025-05-27 16:09:09,596 - ERROR - vector_db_operations:_batch_process_files:174 - 文件处理异常: D:\401385\zizi-1.5-5.6\markdown_files\robot\2025_04_10_机器人资料转换\调度平台操作指导文档\17、途径区配置调试手册.md
'VectorDB_Operations' object has no attribute 'folder_path'
2025-05-27 16:09:09,659 - ERROR - vector_db_operations:_batch_process_files:174 - 文件处理异常: D:\401385\zizi-1.5-5.6\markdown_files\robot\2025_04_10_机器人资料转换\调度平台操作指导文档\2、AGV 业务流程.md
'VectorDB_Operations' object has no attribute 'folder_path'
2025-05-27 16:09:09,721 - ERROR - vector_db_operations:_batch_process_files:174 - 文件处理异常: D:\401385\zizi-1.5-5.6\markdown_files\robot\2025_04_10_机器人资料转换\调度平台操作指导文档\3、充电流程.md
'VectorDB_Operations' object has no attribute 'folder_path'
2025-05-27 16:09:09,768 - ERROR - vector_db_operations:_batch_process_files:174 - 文件处理异常: D:\401385\zizi-1.5-5.6\markdown_files\robot\2025_04_10_机器人资料转换\调度平台操作指导文档\21、授权申请.md
'VectorDB_Operations' object has no attribute 'folder_path'
2025-05-27 16:09:09,846 - ERROR - vector_db_operations:_batch_process_files:174 - 文件处理异常: D:\401385\zizi-1.5-5.6\markdown_files\robot\2025_04_10_机器人资料转换\调度平台操作指导文档\20、AMR系统部署和运维手册V2.0.md
'VectorDB_Operations' object has no attribute 'folder_path'
2025-05-27 16:09:09,923 - ERROR - vector_db_operations:_batch_process_files:174 - 文件处理异常: D:\401385\zizi-1.5-5.6\markdown_files\robot\2025_04_10_机器人资料转换\调度平台操作指导文档\6、备料管理.md
'VectorDB_Operations' object has no attribute 'folder_path'
2025-05-27 16:09:10,017 - ERROR - vector_db_operations:_batch_process_files:174 - 文件处理异常: D:\401385\zizi-1.5-5.6\markdown_files\robot\2025_04_10_机器人资料转换\调度平台操作指导文档\8、常用软件.md
'VectorDB_Operations' object has no attribute 'folder_path'
2025-05-27 16:09:10,063 - ERROR - vector_db_operations:_batch_process_files:174 - 文件处理异常: D:\401385\zizi-1.5-5.6\markdown_files\robot\2025_04_10_机器人资料转换\调度平台操作指导文档\7、其他功能说明.md
'VectorDB_Operations' object has no attribute 'folder_path'
2025-05-27 16:09:10,155 - ERROR - vector_db_operations:_batch_process_files:174 - 文件处理异常: D:\401385\zizi-1.5-5.6\markdown_files\robot\2025_04_10_机器人资料转换\故障分析\故障分析--前端.md
'VectorDB_Operations' object has no attribute 'folder_path'
2025-05-27 16:09:10,233 - ERROR - vector_db_operations:_batch_process_files:174 - 文件处理异常: D:\401385\zizi-1.5-5.6\markdown_files\robot\2025_04_10_机器人资料转换\调度平台操作指导文档\5、移动端配置（PAD）.md
'VectorDB_Operations' object has no attribute 'folder_path'
2025-05-27 16:09:10,295 - ERROR - vector_db_operations:_batch_process_files:174 - 文件处理异常: D:\401385\zizi-1.5-5.6\markdown_files\robot\2025_04_10_机器人资料转换\调度平台操作指导文档\9、其他.md
'VectorDB_Operations' object has no attribute 'folder_path'
2025-05-27 16:09:10,342 - ERROR - vector_db_operations:_batch_process_files:174 - 文件处理异常: D:\401385\zizi-1.5-5.6\markdown_files\robot\2025_04_10_机器人资料转换\调度平台操作指导文档\4、第三方设备相关流程.md
'VectorDB_Operations' object has no attribute 'folder_path'
2025-05-27 16:09:10,404 - ERROR - vector_db_operations:_batch_process_files:174 - 文件处理异常: D:\401385\zizi-1.5-5.6\markdown_files\robot\2025_04_10_机器人资料转换\调度平台操作指导文档\移动AGV管理平台-RCS4.5&ICS3.5_操作配置文档V4.5_20241023--V1.0.md
'VectorDB_Operations' object has no attribute 'folder_path'
2025-05-27 16:09:10,655 - INFO - vector_db_operations:_batch_process_files:185 - 文件批量处理完成 | 总块数: 0
2025-05-27 16:09:11,921 - INFO - vector_db_operations:_setup_milvus_collection:274 - 成功初始化集合: robot
2025-05-27 16:09:12,061 - INFO - vector_db_operations:_create_vector_db:318 - 向量库创建完成 | 集合: robot | 总块数: 0
2025-05-27 16:30:48,982 - INFO - vector_db_operations:_connect_milvus:92 - Milvus连接成功 | 地址: localhost:19530
2025-05-27 16:30:51,645 - INFO - vector_db_operations:__init__:78 - VectorDBOperations初始化完成 | 模型路径: ./models/bge-large-zh-v1.5 | 分块大小: 1500 | 重叠大小: 200
2025-05-27 16:30:52,176 - INFO - vector_db_operations:_setup_milvus_collection:274 - 成功初始化集合: vision
2025-05-27 16:32:44,740 - INFO - vector_db_operations:_connect_milvus:92 - Milvus连接成功 | 地址: localhost:19530
2025-05-27 16:32:45,252 - INFO - vector_db_operations:__init__:78 - VectorDBOperations初始化完成 | 模型路径: ./models/bge-large-zh-v1.5 | 分块大小: 1500 | 重叠大小: 200
2025-05-27 16:32:45,253 - INFO - vector_db_operations:_batch_process_files:162 - 发现 1 个Markdown文件待处理
2025-05-27 16:32:45,388 - ERROR - vector_db_operations:_batch_process_files:174 - 文件处理异常: D:\401385\zizi-1.5-5.6\markdown_files\vision\视觉软件测试5.27\MVSDK输出.md
'VectorDB_Operations' object has no attribute 'folder_path'
2025-05-27 16:32:45,497 - INFO - vector_db_operations:_batch_process_files:185 - 文件批量处理完成 | 总块数: 0
2025-05-27 16:32:46,840 - INFO - vector_db_operations:_setup_milvus_collection:274 - 成功初始化集合: vision
2025-05-27 16:32:47,042 - INFO - vector_db_operations:_create_vector_db:318 - 向量库创建完成 | 集合: vision | 总块数: 0
2025-05-27 16:33:40,129 - INFO - vector_db_operations:_connect_milvus:92 - Milvus连接成功 | 地址: localhost:19530
2025-05-27 16:34:06,943 - INFO - vector_db_operations:__init__:78 - VectorDBOperations初始化完成 | 模型路径: ./models/bge-large-zh-v1.5 | 分块大小: 1500 | 重叠大小: 200
2025-05-27 16:34:07,160 - INFO - vector_db_operations:_batch_process_files:162 - 发现 1 个Markdown文件待处理
2025-05-27 16:34:07,566 - ERROR - vector_db_operations:_batch_process_files:174 - 文件处理异常: D:\401385\zizi-1.5-5.6\markdown_files\vision\视觉软件测试5.27\MVSDK输出.md
'VectorDB_Operations' object has no attribute 'folder_path'
2025-05-27 16:34:07,944 - INFO - vector_db_operations:_batch_process_files:185 - 文件批量处理完成 | 总块数: 0
2025-05-27 16:34:09,913 - INFO - vector_db_operations:_setup_milvus_collection:274 - 成功初始化集合: vision
2025-05-27 16:34:10,336 - INFO - vector_db_operations:_create_vector_db:318 - 向量库创建完成 | 集合: vision | 总块数: 0
2025-05-27 16:46:44,119 - INFO - vector_db_operations:_connect_milvus:92 - Milvus连接成功 | 地址: localhost:19530
2025-05-27 16:46:44,629 - INFO - vector_db_operations:__init__:78 - VectorDBOperations初始化完成 | 模型路径: ./models/bge-large-zh-v1.5 | 分块大小: 1500 | 重叠大小: 200
2025-05-27 16:46:44,631 - INFO - vector_db_operations:_batch_process_files:162 - 发现 1 个Markdown文件待处理
2025-05-27 16:46:44,727 - ERROR - vector_db_operations:_batch_process_files:174 - 文件处理异常: D:\401385\zizi-1.5-5.6\markdown_files\vision\视觉软件测试5.27\MVSDK输出.md
'VectorDB_Operations' object has no attribute 'folder_path'
2025-05-27 16:46:44,851 - INFO - vector_db_operations:_batch_process_files:185 - 文件批量处理完成 | 总块数: 0
2025-05-27 16:46:46,115 - INFO - vector_db_operations:_setup_milvus_collection:274 - 成功初始化集合: vision
2025-05-27 16:46:46,271 - INFO - vector_db_operations:_create_vector_db:318 - 向量库创建完成 | 集合: vision | 总块数: 0
2025-05-27 17:00:49,280 - INFO - vector_db_operations:_connect_milvus:92 - Milvus连接成功 | 地址: localhost:19530
2025-05-27 17:00:49,791 - INFO - vector_db_operations:__init__:78 - VectorDBOperations初始化完成 | 模型路径: ./models/bge-large-zh-v1.5 | 分块大小: 1500 | 重叠大小: 200
2025-05-27 17:00:49,793 - INFO - vector_db_operations:_batch_process_files:162 - 发现 110 个Markdown文件待处理
2025-05-27 17:00:50,588 - ERROR - vector_db_operations:_batch_process_files:174 - 文件处理异常: D:\401385\zizi-1.5-5.6\markdown_files\robot\2025_04_10_机器人资料转换\FAQ\29、FAQ-调度算法问题-1.md
'VectorDB_Operations' object has no attribute 'folder_path'
2025-05-27 17:00:50,711 - ERROR - vector_db_operations:_batch_process_files:174 - 文件处理异常: D:\401385\zizi-1.5-5.6\markdown_files\robot\2025_04_10_机器人资料转换\使用说明\10、任务失败执行报错解析.md
'VectorDB_Operations' object has no attribute 'folder_path'
2025-05-27 17:00:50,784 - ERROR - vector_db_operations:_batch_process_files:174 - 文件处理异常: D:\401385\zizi-1.5-5.6\markdown_files\robot\2025_04_10_机器人资料转换\使用说明\3、平台设备充电配置.md
'VectorDB_Operations' object has no attribute 'folder_path'
2025-05-27 17:00:50,946 - ERROR - vector_db_operations:_batch_process_files:174 - 文件处理异常: D:\401385\zizi-1.5-5.6\markdown_files\robot\2025_04_10_机器人资料转换\FAQ\24、FAQ-货架问题.md
'VectorDB_Operations' object has no attribute 'folder_path'
2025-05-27 17:00:50,999 - WARNING - vector_db_operations:_process_single_file:204 - 文件 D:\401385\zizi-1.5-5.6\markdown_files\robot\2025_04_10_机器人资料转换\故障分析\故障分析--前端.md 编码检测为 UTF-8-SIG，可能存在乱码风险
2025-05-27 17:00:51,023 - ERROR - vector_db_operations:_batch_process_files:174 - 文件处理异常: D:\401385\zizi-1.5-5.6\markdown_files\robot\2025_04_10_机器人资料转换\FAQ\35、FAQ-调度算法现场问题-2.md
'VectorDB_Operations' object has no attribute 'folder_path'
2025-05-27 17:00:51,532 - ERROR - vector_db_operations:_batch_process_files:174 - 文件处理异常: D:\401385\zizi-1.5-5.6\markdown_files\robot\2025_04_10_机器人资料转换\FAQ\31、FAQ-充电问题.md
'VectorDB_Operations' object has no attribute 'folder_path'
2025-05-27 17:00:51,680 - ERROR - vector_db_operations:_batch_process_files:174 - 文件处理异常: D:\401385\zizi-1.5-5.6\markdown_files\robot\2025_04_10_机器人资料转换\使用说明\13、AB面业务配置.md
'VectorDB_Operations' object has no attribute 'folder_path'
2025-05-27 17:00:51,818 - ERROR - vector_db_operations:_batch_process_files:174 - 文件处理异常: D:\401385\zizi-1.5-5.6\markdown_files\robot\2025_04_10_机器人资料转换\FAQ\33、FAQ-门禁问题.md
'VectorDB_Operations' object has no attribute 'folder_path'
2025-05-27 17:00:51,864 - ERROR - vector_db_operations:_batch_process_files:174 - 文件处理异常: D:\401385\zizi-1.5-5.6\markdown_files\robot\2025_04_10_机器人资料转换\FAQ\28、FAQ-第三方设备接入问题.md
'VectorDB_Operations' object has no attribute 'folder_path'
2025-05-27 17:00:51,960 - ERROR - vector_db_operations:_batch_process_files:174 - 文件处理异常: D:\401385\zizi-1.5-5.6\markdown_files\robot\2025_04_10_机器人资料转换\使用说明\8、库位状态变更配置.md
'VectorDB_Operations' object has no attribute 'folder_path'
2025-05-27 17:00:52,038 - ERROR - vector_db_operations:_batch_process_files:174 - 文件处理异常: D:\401385\zizi-1.5-5.6\markdown_files\robot\2025_04_10_机器人资料转换\使用说明\1、模拟器启动工具说明.md
'VectorDB_Operations' object has no attribute 'folder_path'
2025-05-27 17:00:52,101 - ERROR - vector_db_operations:_batch_process_files:174 - 文件处理异常: D:\401385\zizi-1.5-5.6\markdown_files\robot\2025_04_10_机器人资料转换\FAQ\34、FAQ-调度算法现场问题-1.md
'VectorDB_Operations' object has no attribute 'folder_path'
2025-05-27 17:00:52,147 - ERROR - vector_db_operations:_batch_process_files:174 - 文件处理异常: D:\401385\zizi-1.5-5.6\markdown_files\robot\2025_04_10_机器人资料转换\FAQ\22、FAQ-界面配置问题.md
'VectorDB_Operations' object has no attribute 'folder_path'
2025-05-27 17:00:52,179 - ERROR - vector_db_operations:_batch_process_files:174 - 文件处理异常: D:\401385\zizi-1.5-5.6\markdown_files\robot\2025_04_10_机器人资料转换\FAQ\26、FAQ-叉车问题-2.md
'VectorDB_Operations' object has no attribute 'folder_path'
2025-05-27 17:00:52,274 - ERROR - vector_db_operations:_batch_process_files:174 - 文件处理异常: D:\401385\zizi-1.5-5.6\markdown_files\robot\2025_04_10_机器人资料转换\使用说明\16、设备TOF断连去指定点位重启配置.md
'VectorDB_Operations' object has no attribute 'folder_path'
2025-05-27 17:00:52,368 - ERROR - vector_db_operations:_batch_process_files:174 - 文件处理异常: D:\401385\zizi-1.5-5.6\markdown_files\robot\2025_04_10_机器人资料转换\使用说明\19、双向密集库部署文档.md
'VectorDB_Operations' object has no attribute 'folder_path'
2025-05-27 17:00:52,448 - ERROR - vector_db_operations:_batch_process_files:174 - 文件处理异常: D:\401385\zizi-1.5-5.6\markdown_files\robot\2025_04_10_机器人资料转换\FAQ\32、FAQ-跨区域问题.md
'VectorDB_Operations' object has no attribute 'folder_path'
2025-05-27 17:00:52,496 - ERROR - vector_db_operations:_batch_process_files:174 - 文件处理异常: D:\401385\zizi-1.5-5.6\markdown_files\robot\2025_04_10_机器人资料转换\使用说明\6、第三方设备交管接入说明文档.md
'VectorDB_Operations' object has no attribute 'folder_path'
2025-05-27 17:00:52,528 - ERROR - vector_db_operations:_batch_process_files:174 - 文件处理异常: D:\401385\zizi-1.5-5.6\markdown_files\robot\2025_04_10_机器人资料转换\使用说明\15、三色灯平台配置说明.md
'VectorDB_Operations' object has no attribute 'folder_path'
2025-05-27 17:00:52,622 - ERROR - vector_db_operations:_batch_process_files:174 - 文件处理异常: D:\401385\zizi-1.5-5.6\markdown_files\robot\2025_04_10_机器人资料转换\FAQ\38、FAQ-平台现场问题-3.md
'VectorDB_Operations' object has no attribute 'folder_path'
2025-05-27 17:00:52,686 - ERROR - vector_db_operations:_batch_process_files:174 - 文件处理异常: D:\401385\zizi-1.5-5.6\markdown_files\robot\2025_04_10_机器人资料转换\使用说明\14、地图算法检验工具使用.md
'VectorDB_Operations' object has no attribute 'folder_path'
2025-05-27 17:00:52,782 - ERROR - vector_db_operations:_batch_process_files:174 - 文件处理异常: D:\401385\zizi-1.5-5.6\markdown_files\robot\2025_04_10_机器人资料转换\FAQ\23、FAQ-任务不执行、执行失败问题.md
'VectorDB_Operations' object has no attribute 'folder_path'
2025-05-27 17:00:52,861 - ERROR - vector_db_operations:_batch_process_files:174 - 文件处理异常: D:\401385\zizi-1.5-5.6\markdown_files\robot\2025_04_10_机器人资料转换\使用说明\18、高精度叉车地牛业务配置说明.md
'VectorDB_Operations' object has no attribute 'folder_path'
2025-05-27 17:00:52,971 - ERROR - vector_db_operations:_batch_process_files:174 - 文件处理异常: D:\401385\zizi-1.5-5.6\markdown_files\robot\2025_04_10_机器人资料转换\使用说明\11、点避障关闭配置文档.md
'VectorDB_Operations' object has no attribute 'folder_path'
2025-05-27 17:00:53,065 - ERROR - vector_db_operations:_batch_process_files:174 - 文件处理异常: D:\401385\zizi-1.5-5.6\markdown_files\robot\2025_04_10_机器人资料转换\FAQ\36、FAQ-平台现场问题-1.md
'VectorDB_Operations' object has no attribute 'folder_path'
2025-05-27 17:00:53,157 - ERROR - vector_db_operations:_batch_process_files:174 - 文件处理异常: D:\401385\zizi-1.5-5.6\markdown_files\robot\2025_04_10_机器人资料转换\FAQ\27、FAQ-叉车问题-3.md
'VectorDB_Operations' object has no attribute 'folder_path'
2025-05-27 17:00:53,252 - ERROR - vector_db_operations:_batch_process_files:174 - 文件处理异常: D:\401385\zizi-1.5-5.6\markdown_files\robot\2025_04_10_机器人资料转换\FAQ\39、FAQ-服务器常用命令问题.md
'VectorDB_Operations' object has no attribute 'folder_path'
2025-05-27 17:00:53,331 - ERROR - vector_db_operations:_batch_process_files:174 - 文件处理异常: D:\401385\zizi-1.5-5.6\markdown_files\robot\2025_04_10_机器人资料转换\使用说明\4、容量管控相关配置.md
'VectorDB_Operations' object has no attribute 'folder_path'
2025-05-27 17:00:53,361 - ERROR - vector_db_operations:_batch_process_files:174 - 文件处理异常: D:\401385\zizi-1.5-5.6\markdown_files\robot\2025_04_10_机器人资料转换\FAQ\37、FAQ-平台现场问题-2.md
'VectorDB_Operations' object has no attribute 'folder_path'
2025-05-27 17:00:53,455 - ERROR - vector_db_operations:_batch_process_files:174 - 文件处理异常: D:\401385\zizi-1.5-5.6\markdown_files\robot\2025_04_10_机器人资料转换\使用说明\算法说明-21、算法中设备和货架方向及尺寸参数的含义.md
'VectorDB_Operations' object has no attribute 'folder_path'
2025-05-27 17:00:53,549 - ERROR - vector_db_operations:_batch_process_files:174 - 文件处理异常: D:\401385\zizi-1.5-5.6\markdown_files\robot\2025_04_10_机器人资料转换\FAQ\30、FAQ-调度算法问题-2.md
'VectorDB_Operations' object has no attribute 'folder_path'
2025-05-27 17:00:53,658 - ERROR - vector_db_operations:_batch_process_files:174 - 文件处理异常: D:\401385\zizi-1.5-5.6\markdown_files\robot\2025_04_10_机器人资料转换\FAQ\25、FAQ-叉车问题-1.md
'VectorDB_Operations' object has no attribute 'folder_path'
2025-05-27 17:00:53,722 - ERROR - vector_db_operations:_batch_process_files:174 - 文件处理异常: D:\401385\zizi-1.5-5.6\markdown_files\robot\2025_04_10_机器人资料转换\使用说明\12、平台添加设备型号.md
'VectorDB_Operations' object has no attribute 'folder_path'
2025-05-27 17:00:53,786 - ERROR - vector_db_operations:_batch_process_files:174 - 文件处理异常: D:\401385\zizi-1.5-5.6\markdown_files\robot\2025_04_10_机器人资料转换\共性问题修复\共性问题修复--V1.0.md
'VectorDB_Operations' object has no attribute 'folder_path'
2025-05-27 17:00:53,865 - ERROR - vector_db_operations:_batch_process_files:174 - 文件处理异常: D:\401385\zizi-1.5-5.6\markdown_files\robot\2025_04_10_机器人资料转换\使用说明\5、地图常用字段及密集库配置.md
'VectorDB_Operations' object has no attribute 'folder_path'
2025-05-27 17:00:53,961 - ERROR - vector_db_operations:_batch_process_files:174 - 文件处理异常: D:\401385\zizi-1.5-5.6\markdown_files\robot\2025_04_10_机器人资料转换\使用说明\2、平台任务状态及模板配置.md
'VectorDB_Operations' object has no attribute 'folder_path'
2025-05-27 17:00:54,039 - ERROR - vector_db_operations:_batch_process_files:174 - 文件处理异常: D:\401385\zizi-1.5-5.6\markdown_files\robot\2025_04_10_机器人资料转换\使用说明\17、设备、充电桩注册失败问题排查.md
'VectorDB_Operations' object has no attribute 'folder_path'
2025-05-27 17:00:54,118 - ERROR - vector_db_operations:_batch_process_files:174 - 文件处理异常: D:\401385\zizi-1.5-5.6\markdown_files\robot\2025_04_10_机器人资料转换\使用说明\数据表说明-20、AGV_MODEL参数.md
'VectorDB_Operations' object has no attribute 'folder_path'
2025-05-27 17:00:54,166 - ERROR - vector_db_operations:_batch_process_files:174 - 文件处理异常: D:\401385\zizi-1.5-5.6\markdown_files\robot\2025_04_10_机器人资料转换\使用说明\7、授权问题排查.md
'VectorDB_Operations' object has no attribute 'folder_path'
2025-05-27 17:00:54,245 - ERROR - vector_db_operations:_batch_process_files:174 - 文件处理异常: D:\401385\zizi-1.5-5.6\markdown_files\robot\2025_04_10_机器人资料转换\使用说明\9、库位状态不变更排查.md
'VectorDB_Operations' object has no attribute 'folder_path'
2025-05-27 17:00:54,292 - ERROR - vector_db_operations:_batch_process_files:174 - 文件处理异常: D:\401385\zizi-1.5-5.6\markdown_files\robot\2025_04_10_机器人资料转换\基础技能\12、平台端特定文件及其存储路径介绍.md
'VectorDB_Operations' object has no attribute 'folder_path'
2025-05-27 17:00:54,356 - ERROR - vector_db_operations:_batch_process_files:174 - 文件处理异常: D:\401385\zizi-1.5-5.6\markdown_files\robot\2025_04_10_机器人资料转换\基础技能\10、数据库所有表名及用途.md
'VectorDB_Operations' object has no attribute 'folder_path'
2025-05-27 17:00:54,403 - ERROR - vector_db_operations:_batch_process_files:174 - 文件处理异常: D:\401385\zizi-1.5-5.6\markdown_files\robot\2025_04_10_机器人资料转换\基础技能\17、supervisor(看门狗)服务命令.md
'VectorDB_Operations' object has no attribute 'folder_path'
2025-05-27 17:00:54,467 - ERROR - vector_db_operations:_batch_process_files:174 - 文件处理异常: D:\401385\zizi-1.5-5.6\markdown_files\robot\2025_04_10_机器人资料转换\基础技能\11、测试服务器硬盘IO读写能力的命令.md
'VectorDB_Operations' object has no attribute 'folder_path'
2025-05-27 17:00:54,512 - ERROR - vector_db_operations:_batch_process_files:174 - 文件处理异常: D:\401385\zizi-1.5-5.6\markdown_files\robot\2025_04_10_机器人资料转换\场景配置\场景配置-action.md
'VectorDB_Operations' object has no attribute 'folder_path'
2025-05-27 17:00:54,575 - ERROR - vector_db_operations:_batch_process_files:174 - 文件处理异常: D:\401385\zizi-1.5-5.6\markdown_files\robot\2025_04_10_机器人资料转换\基础技能\14、双机热备关机软件.md
'VectorDB_Operations' object has no attribute 'folder_path'
2025-05-27 17:00:54,637 - ERROR - vector_db_operations:_batch_process_files:174 - 文件处理异常: D:\401385\zizi-1.5-5.6\markdown_files\robot\2025_04_10_机器人资料转换\基础技能\13、数据库服务器和应用服务器分离无法使用数据库可视化软件指导文件.md
'VectorDB_Operations' object has no attribute 'folder_path'
2025-05-27 17:00:54,653 - ERROR - vector_db_operations:_batch_process_files:174 - 文件处理异常: D:\401385\zizi-1.5-5.6\markdown_files\robot\2025_04_10_机器人资料转换\基础技能\3、登录网关.md
'VectorDB_Operations' object has no attribute 'folder_path'
2025-05-27 17:00:54,717 - ERROR - vector_db_operations:_batch_process_files:174 - 文件处理异常: D:\401385\zizi-1.5-5.6\markdown_files\robot\2025_04_10_机器人资料转换\基础技能\18、地图编辑CheckList.md
'VectorDB_Operations' object has no attribute 'folder_path'
2025-05-27 17:00:54,765 - ERROR - vector_db_operations:_batch_process_files:174 - 文件处理异常: D:\401385\zizi-1.5-5.6\markdown_files\robot\2025_04_10_机器人资料转换\基础技能\15、服务器排查手册.md
'VectorDB_Operations' object has no attribute 'folder_path'
2025-05-27 17:00:54,843 - ERROR - vector_db_operations:_batch_process_files:174 - 文件处理异常: D:\401385\zizi-1.5-5.6\markdown_files\robot\2025_04_10_机器人资料转换\基础技能\2、登录数据库.md
'VectorDB_Operations' object has no attribute 'folder_path'
2025-05-27 17:00:54,920 - ERROR - vector_db_operations:_batch_process_files:174 - 文件处理异常: D:\401385\zizi-1.5-5.6\markdown_files\robot\2025_04_10_机器人资料转换\基础技能\4、各模块作用、日志路径.md
'VectorDB_Operations' object has no attribute 'folder_path'
2025-05-27 17:00:54,997 - ERROR - vector_db_operations:_batch_process_files:174 - 文件处理异常: D:\401385\zizi-1.5-5.6\markdown_files\robot\2025_04_10_机器人资料转换\场景配置\场景配置-业务场景.md
'VectorDB_Operations' object has no attribute 'folder_path'
2025-05-27 17:00:55,061 - ERROR - vector_db_operations:_batch_process_files:174 - 文件处理异常: D:\401385\zizi-1.5-5.6\markdown_files\robot\2025_04_10_机器人资料转换\基础技能\7、查看服务状态、重启服务.md
'VectorDB_Operations' object has no attribute 'folder_path'
2025-05-27 17:00:55,156 - ERROR - vector_db_operations:_batch_process_files:174 - 文件处理异常: D:\401385\zizi-1.5-5.6\markdown_files\robot\2025_04_10_机器人资料转换\基础技能\1、登录后台服务器.md
'VectorDB_Operations' object has no attribute 'folder_path'
2025-05-27 17:00:55,251 - ERROR - vector_db_operations:_batch_process_files:174 - 文件处理异常: D:\401385\zizi-1.5-5.6\markdown_files\robot\2025_04_10_机器人资料转换\基础技能\16、服务器抓包相关说明文档.md
'VectorDB_Operations' object has no attribute 'folder_path'
2025-05-27 17:00:55,346 - ERROR - vector_db_operations:_batch_process_files:174 - 文件处理异常: D:\401385\zizi-1.5-5.6\markdown_files\robot\2025_04_10_机器人资料转换\基础技能\9、查看版本.md
'VectorDB_Operations' object has no attribute 'folder_path'
2025-05-27 17:00:55,439 - ERROR - vector_db_operations:_batch_process_files:174 - 文件处理异常: D:\401385\zizi-1.5-5.6\markdown_files\robot\2025_04_10_机器人资料转换\安装部署\10、平台软件算法升级指导.md
'VectorDB_Operations' object has no attribute 'folder_path'
2025-05-27 17:00:55,503 - ERROR - vector_db_operations:_batch_process_files:174 - 文件处理异常: D:\401385\zizi-1.5-5.6\markdown_files\robot\2025_04_10_机器人资料转换\安装部署\11、单模块部署手册.md
'VectorDB_Operations' object has no attribute 'folder_path'
2025-05-27 17:00:55,583 - ERROR - vector_db_operations:_batch_process_files:174 - 文件处理异常: D:\401385\zizi-1.5-5.6\markdown_files\robot\2025_04_10_机器人资料转换\基础技能\6、下载日志.md
'VectorDB_Operations' object has no attribute 'folder_path'
2025-05-27 17:00:55,678 - ERROR - vector_db_operations:_batch_process_files:174 - 文件处理异常: D:\401385\zizi-1.5-5.6\markdown_files\robot\2025_04_10_机器人资料转换\基础技能\8、服务器时间同步配置.md
'VectorDB_Operations' object has no attribute 'folder_path'
2025-05-27 17:00:55,726 - ERROR - vector_db_operations:_batch_process_files:174 - 文件处理异常: D:\401385\zizi-1.5-5.6\markdown_files\robot\2025_04_10_机器人资料转换\安装部署\12、平台服务器修改IP.md
'VectorDB_Operations' object has no attribute 'folder_path'
2025-05-27 17:00:55,822 - ERROR - vector_db_operations:_batch_process_files:174 - 文件处理异常: D:\401385\zizi-1.5-5.6\markdown_files\robot\2025_04_10_机器人资料转换\安装部署\13、更换脚本.md
'VectorDB_Operations' object has no attribute 'folder_path'
2025-05-27 17:00:55,902 - ERROR - vector_db_operations:_batch_process_files:174 - 文件处理异常: D:\401385\zizi-1.5-5.6\markdown_files\robot\2025_04_10_机器人资料转换\安装部署\3、平台授权信息获取.md
'VectorDB_Operations' object has no attribute 'folder_path'
2025-05-27 17:00:55,997 - ERROR - vector_db_operations:_batch_process_files:174 - 文件处理异常: D:\401385\zizi-1.5-5.6\markdown_files\robot\2025_04_10_机器人资料转换\安装部署\6、nacos端口失败.md
'VectorDB_Operations' object has no attribute 'folder_path'
2025-05-27 17:00:56,059 - ERROR - vector_db_operations:_batch_process_files:174 - 文件处理异常: D:\401385\zizi-1.5-5.6\markdown_files\robot\2025_04_10_机器人资料转换\安装部署\2、平台RCS及ICS发布说明.md
'VectorDB_Operations' object has no attribute 'folder_path'
2025-05-27 17:00:56,137 - ERROR - vector_db_operations:_batch_process_files:174 - 文件处理异常: D:\401385\zizi-1.5-5.6\markdown_files\robot\2025_04_10_机器人资料转换\基础技能\5、服务器一键备份脚本及方法.md
'VectorDB_Operations' object has no attribute 'folder_path'
2025-05-27 17:00:56,215 - ERROR - vector_db_operations:_batch_process_files:174 - 文件处理异常: D:\401385\zizi-1.5-5.6\markdown_files\robot\2025_04_10_机器人资料转换\安装部署\1、产品型号和料号标识.md
'VectorDB_Operations' object has no attribute 'folder_path'
2025-05-27 17:00:56,293 - ERROR - vector_db_operations:_batch_process_files:174 - 文件处理异常: D:\401385\zizi-1.5-5.6\markdown_files\robot\2025_04_10_机器人资料转换\安装部署\4、申请授权加密.md
'VectorDB_Operations' object has no attribute 'folder_path'
2025-05-27 17:00:56,357 - ERROR - vector_db_operations:_batch_process_files:174 - 文件处理异常: D:\401385\zizi-1.5-5.6\markdown_files\robot\2025_04_10_机器人资料转换\安装部署\8、windows系统虚拟机安装部署.md
'VectorDB_Operations' object has no attribute 'folder_path'
2025-05-27 17:00:56,436 - ERROR - vector_db_operations:_batch_process_files:174 - 文件处理异常: D:\401385\zizi-1.5-5.6\markdown_files\robot\2025_04_10_机器人资料转换\安装部署\7、双机热备安装部署.md
'VectorDB_Operations' object has no attribute 'folder_path'
2025-05-27 17:00:56,530 - ERROR - vector_db_operations:_batch_process_files:174 - 文件处理异常: D:\401385\zizi-1.5-5.6\markdown_files\robot\2025_04_10_机器人资料转换\第三方设备配置\41、堆高车业务配置调试文档-2.md
'VectorDB_Operations' object has no attribute 'folder_path'
2025-05-27 17:00:56,625 - ERROR - vector_db_operations:_batch_process_files:174 - 文件处理异常: D:\401385\zizi-1.5-5.6\markdown_files\robot\2025_04_10_机器人资料转换\故障分析\故障分析-叉车.md
'VectorDB_Operations' object has no attribute 'folder_path'
2025-05-27 17:00:56,687 - ERROR - vector_db_operations:_batch_process_files:174 - 文件处理异常: D:\401385\zizi-1.5-5.6\markdown_files\robot\2025_04_10_机器人资料转换\第三方设备配置\40、堆高车业务配置调试文档-1.md
'VectorDB_Operations' object has no attribute 'folder_path'
2025-05-27 17:00:56,782 - ERROR - vector_db_operations:_batch_process_files:174 - 文件处理异常: D:\401385\zizi-1.5-5.6\markdown_files\robot\2025_04_10_机器人资料转换\安装部署\5、服务器配置参考.md
'VectorDB_Operations' object has no attribute 'folder_path'
2025-05-27 17:00:56,876 - ERROR - vector_db_operations:_batch_process_files:174 - 文件处理异常: D:\401385\zizi-1.5-5.6\markdown_files\robot\2025_04_10_机器人资料转换\第三方设备配置\42、堆高车业务配置调试文档-3.md
'VectorDB_Operations' object has no attribute 'folder_path'
2025-05-27 17:00:56,956 - ERROR - vector_db_operations:_batch_process_files:174 - 文件处理异常: D:\401385\zizi-1.5-5.6\markdown_files\robot\2025_04_10_机器人资料转换\第三方设备配置\45、堆高车配置调试手册.md
'VectorDB_Operations' object has no attribute 'folder_path'
2025-05-27 17:00:57,033 - ERROR - vector_db_operations:_batch_process_files:174 - 文件处理异常: D:\401385\zizi-1.5-5.6\markdown_files\robot\2025_04_10_机器人资料转换\故障分析\故障分析-分配算法.md
'VectorDB_Operations' object has no attribute 'folder_path'
2025-05-27 17:00:57,129 - ERROR - vector_db_operations:_batch_process_files:174 - 文件处理异常: D:\401385\zizi-1.5-5.6\markdown_files\robot\2025_04_10_机器人资料转换\安装部署\9、仿真系统搭建说明.md
'VectorDB_Operations' object has no attribute 'folder_path'
2025-05-27 17:00:57,190 - ERROR - vector_db_operations:_batch_process_files:174 - 文件处理异常: D:\401385\zizi-1.5-5.6\markdown_files\robot\2025_04_10_机器人资料转换\故障分析\故障分析-调度算法.md
'VectorDB_Operations' object has no attribute 'folder_path'
2025-05-27 17:00:57,268 - ERROR - vector_db_operations:_batch_process_files:174 - 文件处理异常: D:\401385\zizi-1.5-5.6\markdown_files\robot\2025_04_10_机器人资料转换\故障分析\故障分析-第三方.md
'VectorDB_Operations' object has no attribute 'folder_path'
2025-05-27 17:00:57,347 - ERROR - vector_db_operations:_batch_process_files:174 - 文件处理异常: D:\401385\zizi-1.5-5.6\markdown_files\robot\2025_04_10_机器人资料转换\第三方设备配置\46、门禁配置调试手册.md
'VectorDB_Operations' object has no attribute 'folder_path'
2025-05-27 17:00:57,440 - ERROR - vector_db_operations:_batch_process_files:174 - 文件处理异常: D:\401385\zizi-1.5-5.6\markdown_files\robot\2025_04_10_机器人资料转换\调度平台操作指导文档\10、公交车模式配置文档.md
'VectorDB_Operations' object has no attribute 'folder_path'
2025-05-27 17:00:57,520 - ERROR - vector_db_operations:_batch_process_files:174 - 文件处理异常: D:\401385\zizi-1.5-5.6\markdown_files\robot\2025_04_10_机器人资料转换\第三方设备配置\48、提升机配置调试手册.md
'VectorDB_Operations' object has no attribute 'folder_path'
2025-05-27 17:00:57,599 - ERROR - vector_db_operations:_batch_process_files:174 - 文件处理异常: D:\401385\zizi-1.5-5.6\markdown_files\robot\2025_04_10_机器人资料转换\第三方设备配置\47、上装接入配置调试手册.md
'VectorDB_Operations' object has no attribute 'folder_path'
2025-05-27 17:00:57,647 - ERROR - vector_db_operations:_batch_process_files:174 - 文件处理异常: D:\401385\zizi-1.5-5.6\markdown_files\robot\2025_04_10_机器人资料转换\第三方设备配置\43、PLC业务配置操作文档.md
'VectorDB_Operations' object has no attribute 'folder_path'
2025-05-27 17:00:57,725 - ERROR - vector_db_operations:_batch_process_files:174 - 文件处理异常: D:\401385\zizi-1.5-5.6\markdown_files\robot\2025_04_10_机器人资料转换\调度平台操作指导文档\11、举升车叉车接驳配置文档.md
'VectorDB_Operations' object has no attribute 'folder_path'
2025-05-27 17:00:57,801 - ERROR - vector_db_operations:_batch_process_files:174 - 文件处理异常: D:\401385\zizi-1.5-5.6\markdown_files\robot\2025_04_10_机器人资料转换\调度平台操作指导文档\15、密集库挪库配置调试手册.md
'VectorDB_Operations' object has no attribute 'folder_path'
2025-05-27 17:00:57,865 - ERROR - vector_db_operations:_batch_process_files:174 - 文件处理异常: D:\401385\zizi-1.5-5.6\markdown_files\robot\2025_04_10_机器人资料转换\调度平台操作指导文档\12、途径区配置文档.md
'VectorDB_Operations' object has no attribute 'folder_path'
2025-05-27 17:00:57,945 - ERROR - vector_db_operations:_batch_process_files:174 - 文件处理异常: D:\401385\zizi-1.5-5.6\markdown_files\robot\2025_04_10_机器人资料转换\调度平台操作指导文档\17、途径区配置调试手册.md
'VectorDB_Operations' object has no attribute 'folder_path'
2025-05-27 17:00:58,038 - ERROR - vector_db_operations:_batch_process_files:174 - 文件处理异常: D:\401385\zizi-1.5-5.6\markdown_files\robot\2025_04_10_机器人资料转换\调度平台操作指导文档\13、堆高车功能说明书.md
'VectorDB_Operations' object has no attribute 'folder_path'
2025-05-27 17:00:58,117 - ERROR - vector_db_operations:_batch_process_files:174 - 文件处理异常: D:\401385\zizi-1.5-5.6\markdown_files\robot\2025_04_10_机器人资料转换\调度平台操作指导文档\14、交通管制区配置调试手册.md
'VectorDB_Operations' object has no attribute 'folder_path'
2025-05-27 17:00:58,208 - ERROR - vector_db_operations:_batch_process_files:174 - 文件处理异常: D:\401385\zizi-1.5-5.6\markdown_files\robot\2025_04_10_机器人资料转换\第三方设备配置\49、方案配件使用说明.md
'VectorDB_Operations' object has no attribute 'folder_path'
2025-05-27 17:00:58,288 - ERROR - vector_db_operations:_batch_process_files:174 - 文件处理异常: D:\401385\zizi-1.5-5.6\markdown_files\robot\2025_04_10_机器人资料转换\第三方设备配置\44、电梯配置调试文档.md
'VectorDB_Operations' object has no attribute 'folder_path'
2025-05-27 17:00:58,350 - ERROR - vector_db_operations:_batch_process_files:174 - 文件处理异常: D:\401385\zizi-1.5-5.6\markdown_files\robot\2025_04_10_机器人资料转换\调度平台操作指导文档\1、RCS客户端功能说明.md
'VectorDB_Operations' object has no attribute 'folder_path'
2025-05-27 17:00:58,430 - ERROR - vector_db_operations:_batch_process_files:174 - 文件处理异常: D:\401385\zizi-1.5-5.6\markdown_files\robot\2025_04_10_机器人资料转换\调度平台操作指导文档\18、服务器环境要求.md
'VectorDB_Operations' object has no attribute 'folder_path'
2025-05-27 17:00:58,525 - ERROR - vector_db_operations:_batch_process_files:174 - 文件处理异常: D:\401385\zizi-1.5-5.6\markdown_files\robot\2025_04_10_机器人资料转换\故障分析\故障分析--前端.md
'VectorDB_Operations' object has no attribute 'folder_path'
2025-05-27 17:00:58,619 - ERROR - vector_db_operations:_batch_process_files:174 - 文件处理异常: D:\401385\zizi-1.5-5.6\markdown_files\robot\2025_04_10_机器人资料转换\调度平台操作指导文档\16、密集库选点配置调试手册.md
'VectorDB_Operations' object has no attribute 'folder_path'
2025-05-27 17:00:58,651 - ERROR - vector_db_operations:_batch_process_files:174 - 文件处理异常: D:\401385\zizi-1.5-5.6\markdown_files\robot\2025_04_10_机器人资料转换\调度平台操作指导文档\4、第三方设备相关流程.md
'VectorDB_Operations' object has no attribute 'folder_path'
2025-05-27 17:00:58,713 - ERROR - vector_db_operations:_batch_process_files:174 - 文件处理异常: D:\401385\zizi-1.5-5.6\markdown_files\robot\2025_04_10_机器人资料转换\调度平台操作指导文档\19、AMR管理平台服务器部署操作指导手册.md
'VectorDB_Operations' object has no attribute 'folder_path'
2025-05-27 17:00:58,808 - ERROR - vector_db_operations:_batch_process_files:174 - 文件处理异常: D:\401385\zizi-1.5-5.6\markdown_files\robot\2025_04_10_机器人资料转换\调度平台操作指导文档\21、授权申请.md
'VectorDB_Operations' object has no attribute 'folder_path'
2025-05-27 17:00:58,854 - ERROR - vector_db_operations:_batch_process_files:174 - 文件处理异常: D:\401385\zizi-1.5-5.6\markdown_files\robot\2025_04_10_机器人资料转换\调度平台操作指导文档\6、备料管理.md
'VectorDB_Operations' object has no attribute 'folder_path'
2025-05-27 17:00:58,963 - ERROR - vector_db_operations:_batch_process_files:174 - 文件处理异常: D:\401385\zizi-1.5-5.6\markdown_files\robot\2025_04_10_机器人资料转换\调度平台操作指导文档\8、常用软件.md
'VectorDB_Operations' object has no attribute 'folder_path'
2025-05-27 17:00:59,011 - ERROR - vector_db_operations:_batch_process_files:174 - 文件处理异常: D:\401385\zizi-1.5-5.6\markdown_files\robot\2025_04_10_机器人资料转换\调度平台操作指导文档\20、AMR系统部署和运维手册V2.0.md
'VectorDB_Operations' object has no attribute 'folder_path'
2025-05-27 17:00:59,074 - ERROR - vector_db_operations:_batch_process_files:174 - 文件处理异常: D:\401385\zizi-1.5-5.6\markdown_files\robot\2025_04_10_机器人资料转换\调度平台操作指导文档\3、充电流程.md
'VectorDB_Operations' object has no attribute 'folder_path'
2025-05-27 17:00:59,165 - ERROR - vector_db_operations:_batch_process_files:174 - 文件处理异常: D:\401385\zizi-1.5-5.6\markdown_files\robot\2025_04_10_机器人资料转换\调度平台操作指导文档\2、AGV 业务流程.md
'VectorDB_Operations' object has no attribute 'folder_path'
2025-05-27 17:00:59,274 - ERROR - vector_db_operations:_batch_process_files:174 - 文件处理异常: D:\401385\zizi-1.5-5.6\markdown_files\robot\2025_04_10_机器人资料转换\调度平台操作指导文档\5、移动端配置（PAD）.md
'VectorDB_Operations' object has no attribute 'folder_path'
2025-05-27 17:00:59,338 - ERROR - vector_db_operations:_batch_process_files:174 - 文件处理异常: D:\401385\zizi-1.5-5.6\markdown_files\robot\2025_04_10_机器人资料转换\调度平台操作指导文档\移动AGV管理平台-RCS4.5&ICS3.5_操作配置文档V4.5_20241023--V1.0.md
'VectorDB_Operations' object has no attribute 'folder_path'
2025-05-27 17:00:59,432 - ERROR - vector_db_operations:_batch_process_files:174 - 文件处理异常: D:\401385\zizi-1.5-5.6\markdown_files\robot\2025_04_10_机器人资料转换\调度平台操作指导文档\9、其他.md
'VectorDB_Operations' object has no attribute 'folder_path'
2025-05-27 17:00:59,510 - ERROR - vector_db_operations:_batch_process_files:174 - 文件处理异常: D:\401385\zizi-1.5-5.6\markdown_files\robot\2025_04_10_机器人资料转换\调度平台操作指导文档\7、其他功能说明.md
'VectorDB_Operations' object has no attribute 'folder_path'
2025-05-27 17:00:59,745 - INFO - vector_db_operations:_batch_process_files:185 - 文件批量处理完成 | 总块数: 0
2025-05-27 17:01:01,037 - INFO - vector_db_operations:_setup_milvus_collection:274 - 成功初始化集合: robot
2025-05-27 17:01:01,210 - INFO - vector_db_operations:_create_vector_db:318 - 向量库创建完成 | 集合: robot | 总块数: 0
2025-05-27 17:05:20,233 - INFO - vector_db_operations:_connect_milvus:93 - Milvus连接成功 | 地址: localhost:19530
2025-05-27 17:05:22,863 - INFO - vector_db_operations:__init__:79 - VectorDBOperations初始化完成 | 模型路径: ./models/bge-large-zh-v1.5 | 分块大小: 1500 | 重叠大小: 200
2025-05-27 17:05:22,950 - INFO - vector_db_operations:_batch_process_files:165 - 发现 110 个Markdown文件待处理
2025-05-27 17:05:31,043 - WARNING - vector_db_operations:_process_single_file:207 - 文件 D:\401385\zizi-1.5-5.6\markdown_files\robot\2025_04_10_机器人资料转换\故障分析\故障分析--前端.md 编码检测为 UTF-8-SIG，可能存在乱码风险
2025-05-27 17:06:17,980 - INFO - vector_db_operations:_batch_process_files:188 - 文件批量处理完成 | 总块数: 2101
2025-05-27 17:06:19,198 - INFO - vector_db_operations:_setup_milvus_collection:277 - 成功初始化集合: robot
2025-05-27 17:06:30,564 - DEBUG - vector_db_operations:_create_vector_db:314 - 向量库初始化 | 批次: 1 | 文档数: 100
2025-05-27 17:06:39,761 - DEBUG - vector_db_operations:_create_vector_db:314 - 向量库初始化 | 批次: 2 | 文档数: 100
2025-05-27 17:06:48,621 - DEBUG - vector_db_operations:_create_vector_db:314 - 向量库初始化 | 批次: 3 | 文档数: 100
2025-05-27 17:06:59,347 - DEBUG - vector_db_operations:_create_vector_db:314 - 向量库初始化 | 批次: 4 | 文档数: 100
2025-05-27 17:07:13,445 - DEBUG - vector_db_operations:_create_vector_db:314 - 向量库初始化 | 批次: 5 | 文档数: 100
2025-05-27 17:07:24,242 - DEBUG - vector_db_operations:_create_vector_db:314 - 向量库初始化 | 批次: 6 | 文档数: 100
2025-05-27 17:07:34,517 - DEBUG - vector_db_operations:_create_vector_db:314 - 向量库初始化 | 批次: 7 | 文档数: 100
2025-05-27 17:07:45,033 - DEBUG - vector_db_operations:_create_vector_db:314 - 向量库初始化 | 批次: 8 | 文档数: 100
2025-05-27 17:07:56,457 - DEBUG - vector_db_operations:_create_vector_db:314 - 向量库初始化 | 批次: 9 | 文档数: 100
2025-05-27 17:08:07,541 - DEBUG - vector_db_operations:_create_vector_db:314 - 向量库初始化 | 批次: 10 | 文档数: 100
2025-05-27 17:08:18,473 - DEBUG - vector_db_operations:_create_vector_db:314 - 向量库初始化 | 批次: 11 | 文档数: 100
2025-05-27 17:08:28,708 - DEBUG - vector_db_operations:_create_vector_db:314 - 向量库初始化 | 批次: 12 | 文档数: 100
2025-05-27 17:08:38,567 - DEBUG - vector_db_operations:_create_vector_db:314 - 向量库初始化 | 批次: 13 | 文档数: 100
2025-05-27 17:08:49,590 - DEBUG - vector_db_operations:_create_vector_db:314 - 向量库初始化 | 批次: 14 | 文档数: 100
2025-05-27 17:09:00,417 - DEBUG - vector_db_operations:_create_vector_db:314 - 向量库初始化 | 批次: 15 | 文档数: 100
2025-05-27 17:09:10,769 - DEBUG - vector_db_operations:_create_vector_db:314 - 向量库初始化 | 批次: 16 | 文档数: 100
2025-05-27 17:09:20,757 - DEBUG - vector_db_operations:_create_vector_db:314 - 向量库初始化 | 批次: 17 | 文档数: 100
2025-05-27 17:09:30,579 - DEBUG - vector_db_operations:_create_vector_db:314 - 向量库初始化 | 批次: 18 | 文档数: 100
2025-05-27 17:09:39,913 - DEBUG - vector_db_operations:_create_vector_db:314 - 向量库初始化 | 批次: 19 | 文档数: 100
2025-05-27 17:09:49,294 - DEBUG - vector_db_operations:_create_vector_db:314 - 向量库初始化 | 批次: 20 | 文档数: 100
2025-05-27 17:09:58,741 - DEBUG - vector_db_operations:_create_vector_db:314 - 向量库初始化 | 批次: 21 | 文档数: 100
2025-05-27 17:10:09,216 - DEBUG - vector_db_operations:_create_vector_db:314 - 向量库初始化 | 批次: 22 | 文档数: 1
2025-05-27 17:10:09,295 - INFO - vector_db_operations:_create_vector_db:321 - 向量库创建完成 | 集合: robot | 总块数: 2101
2025-05-27 17:14:41,695 - INFO - vector_db_operations:_connect_milvus:93 - Milvus连接成功 | 地址: localhost:19530
2025-05-27 17:14:44,396 - INFO - vector_db_operations:__init__:79 - VectorDBOperations初始化完成 | 模型路径: ./models/bge-large-zh-v1.5 | 分块大小: 1500 | 重叠大小: 200
2025-05-27 17:14:44,398 - INFO - vector_db_operations:_batch_process_files:165 - 发现 1 个Markdown文件待处理
2025-05-27 17:14:44,940 - INFO - vector_db_operations:_batch_process_files:188 - 文件批量处理完成 | 总块数: 4
2025-05-27 17:14:46,241 - INFO - vector_db_operations:_setup_milvus_collection:277 - 成功初始化集合: vision
2025-05-27 17:14:57,940 - DEBUG - vector_db_operations:_create_vector_db:314 - 向量库初始化 | 批次: 1 | 文档数: 4
2025-05-27 17:14:58,066 - INFO - vector_db_operations:_create_vector_db:321 - 向量库创建完成 | 集合: vision | 总块数: 4
2025-05-30 10:24:33,318 - INFO - vector_db_operations:_connect_milvus:93 - Milvus连接成功 | 地址: localhost:19530
2025-05-30 10:24:33,836 - INFO - vector_db_operations:__init__:79 - VectorDBOperations初始化完成 | 模型路径: ./models/bge-large-zh-v1.5 | 分块大小: 1500 | 重叠大小: 200
2025-05-30 10:24:34,362 - INFO - vector_db_operations:_setup_milvus_collection:277 - 成功初始化集合: wer
2025-06-16 16:17:53,003 - INFO - vector_db_operations:_connect_milvus:93 - Milvus连接成功 | 地址: localhost:19530
2025-06-16 16:17:54,140 - INFO - vector_db_operations:__init__:79 - VectorDBOperations初始化完成 | 模型路径: ./models/bge-large-zh-v1.5 | 分块大小: 1500 | 重叠大小: 200
2025-06-16 16:17:54,690 - INFO - vector_db_operations:_setup_milvus_collection:277 - 成功初始化集合: robotbody
2025-06-16 16:46:23,452 - INFO - vector_db_operations:_connect_milvus:93 - Milvus连接成功 | 地址: localhost:19530
2025-06-16 16:46:24,205 - INFO - vector_db_operations:__init__:79 - VectorDBOperations初始化完成 | 模型路径: ./models/bge-large-zh-v1.5 | 分块大小: 1500 | 重叠大小: 200
2025-06-16 16:46:24,207 - INFO - vector_db_operations:_batch_process_files:165 - 发现 2 个Markdown文件待处理
2025-06-16 16:46:25,014 - INFO - vector_db_operations:_batch_process_files:188 - 文件批量处理完成 | 总块数: 8
2025-06-16 16:46:26,169 - INFO - vector_db_operations:_setup_milvus_collection:277 - 成功初始化集合: robotbody
2025-06-16 16:47:00,891 - DEBUG - vector_db_operations:_create_vector_db:314 - 向量库初始化 | 批次: 1 | 文档数: 8
2025-06-16 16:47:01,018 - INFO - vector_db_operations:_create_vector_db:321 - 向量库创建完成 | 集合: robotbody | 总块数: 8
2025-06-18 09:39:31,328 - INFO - vector_db_operations:_connect_milvus:93 - Milvus连接成功 | 地址: localhost:19530
2025-06-18 09:39:32,192 - INFO - vector_db_operations:__init__:79 - VectorDBOperations初始化完成 | 模型路径: ./models/bge-large-zh-v1.5 | 分块大小: 1500 | 重叠大小: 200
2025-06-18 09:39:32,194 - INFO - vector_db_operations:_batch_process_files:170 - 发现 2 个Markdown文件待处理
2025-06-18 09:40:10,219 - INFO - vector_db_operations:_batch_process_files:193 - 文件批量处理完成 | 总块数: 704
2025-06-18 09:40:11,482 - INFO - vector_db_operations:_setup_milvus_collection:287 - 成功初始化集合: mvp
2025-06-18 09:40:11,588 - INFO - vector_db_operations:_create_vector_db:307 - 入库文档块 1/704 | 标题: D:\401385\zizi-1.5-5.6\markdown_files\mvp\MVP算法平台_ | 内容预览: 前言...
2025-06-18 09:40:11,711 - INFO - vector_db_operations:_create_vector_db:307 - 入库文档块 2/704 | 标题: D:\401385\zizi-1.5-5.6\markdown_files\mvp\MVP算法平台_ | 内容预览: 适用版本  
本手册适用于MVP5.0.0版本算法平台。  
符号约定  
在本文档中可能出现下列标识，代表的含义如下。  
|**标识**|**说明**|
| - | - |
||表示有高度潜在危险...
2025-06-18 09:40:11,835 - INFO - vector_db_operations:_create_vector_db:307 - 入库文档块 3/704 | 标题: D:\401385\zizi-1.5-5.6\markdown_files\mvp\MVP算法平台_ | 内容预览: |V1.4.0|<p>- 更新软件安装和操作界面及logo等</p><p>- 更新所有算子的参数说明。</p><p>- 新增圆环展开、生成中点、平行线、点与直线垂线、VeriCode读码、读/写全局变...
2025-06-18 09:40:11,945 - INFO - vector_db_operations:_create_vector_db:307 - 入库文档块 4/704 | 标题: D:\401385\zizi-1.5-5.6\markdown_files\mvp\MVP算法平台_ | 内容预览: 目录...
2025-06-18 09:40:12,084 - INFO - vector_db_operations:_create_vector_db:307 - 入库文档块 5/704 | 标题: D:\401385\zizi-1.5-5.6\markdown_files\mvp\MVP算法平台_ | 内容预览: [前言1****](#_toc173247598)**  
[**第 1 章 产品简介6****](#_toc173247599)  
[1.1 功能概述6](#_toc173247600)  
[1...
2025-06-18 09:40:12,164 - INFO - vector_db_operations:_create_vector_db:307 - 入库文档块 6/704 | 标题: D:\401385\zizi-1.5-5.6\markdown_files\mvp\MVP算法平台_ | 内容预览: [3.1 常用算子44](#_toc173247622)  
[3.2 图像采集44](#_toc173247623)  
[3.2.1 概述44](#_toc173247624)  
[3.2.2 ...
2025-06-18 09:40:12,276 - INFO - vector_db_operations:_create_vector_db:307 - 入库文档块 7/704 | 标题: D:\401385\zizi-1.5-5.6\markdown_files\mvp\MVP算法平台_ | 内容预览: [3.4.9 亮度89](#_toc173247646)  
[3.4.10 对比度89](#_toc173247647)  
[3.4.11 像素计数90](#_toc173247648)  
[3...
2025-06-18 09:40:12,352 - INFO - vector_db_operations:_create_vector_db:307 - 入库文档块 8/704 | 标题: D:\401385\zizi-1.5-5.6\markdown_files\mvp\MVP算法平台_ | 内容预览: [3.6.5 生成中点121](#_toc173247670)  
[3.7 测量122](#_toc173247671)  
[3.7.1 两点生成直线122](#_toc173247672)  
...
2025-06-18 09:40:12,477 - INFO - vector_db_operations:_create_vector_db:307 - 入库文档块 9/704 | 标题: D:\401385\zizi-1.5-5.6\markdown_files\mvp\MVP算法平台_ | 内容预览: [3.7.22 平行线145](#_toc173247693)  
[3.7.23 点与直线垂线145](#_toc173247694)  
[3.8 识别146](#_toc173247695)  ...
2025-06-18 09:40:12,615 - INFO - vector_db_operations:_create_vector_db:307 - 入库文档块 10/704 | 标题: D:\401385\zizi-1.5-5.6\markdown_files\mvp\MVP算法平台_ | 内容预览: [3.10.10 写数据队列183](#_toc173247716)  
[3.11 通讯185](#_toc173247717)  
[3.11.1 串口配置185](#_toc173247718)...
2025-06-18 09:40:12,694 - INFO - vector_db_operations:_create_vector_db:307 - 入库文档块 11/704 | 标题: D:\401385\zizi-1.5-5.6\markdown_files\mvp\MVP算法平台_ | 内容预览: [3.12.8 虚拟键盘237](#_toc173247738)  
[3.12.9 条件判断237](#_toc173247739)  
[3.13 机械臂工具238](#_toc173247740...
2025-06-18 09:40:12,820 - INFO - vector_db_operations:_create_vector_db:307 - 入库文档块 12/704 | 标题: D:\401385\zizi-1.5-5.6\markdown_files\mvp\MVP算法平台_ | 内容预览: [4.18 子界面258](#_toc173247762)  
[**第 5 章 案例展示260****](#_toc173247763)  
[5.1 Pin针针头尺寸检测260](#_toc173...
2025-06-18 09:40:12,930 - INFO - vector_db_operations:_create_vector_db:307 - 入库文档块 13/704 | 标题: D:\401385\zizi-1.5-5.6\markdown_files\mvp\MVP算法平台_ | 内容预览: 产品简介 > 功能概述

MVP算法平台集成13类机器视觉系统基础功能算子，分别为：图像采集、定位、图像处理、标定、生成工具、测量、识别、深度学习、逻辑控制、通讯、辅助工具、机械臂工具、检测工具。  ...
2025-06-18 09:40:13,069 - INFO - vector_db_operations:_create_vector_db:307 - 入库文档块 14/704 | 标题: D:\401385\zizi-1.5-5.6\markdown_files\mvp\MVP算法平台_ | 内容预览: 产品简介 > 功能特性

-
- 支持拖拉和双击添加算子操作，无需编程。
- 利用算子连线可自由搭建视觉解决方案，提供视觉化流程图编辑方式，减小用户操作流程，提高用户可视化体验和开发效率。
- 以用户...
2025-06-18 09:40:13,180 - INFO - vector_db_operations:_create_vector_db:307 - 入库文档块 15/704 | 标题: D:\401385\zizi-1.5-5.6\markdown_files\mvp\MVP算法平台_ | 内容预览: 产品简介 > 运行环境

1. 运行环境配置  
|**参数**|**最低配置**|**推荐配置**|
| - | - | - |
|操作系统|Win10 64bit/Win11 64bit||
|C...
2025-06-18 09:40:13,290 - INFO - vector_db_operations:_create_vector_db:307 - 入库文档块 16/704 | 标题: D:\401385\zizi-1.5-5.6\markdown_files\mvp\MVP算法平台_ | 内容预览: 产品简介 > 软件安装

MVP提供64位安装包，在安装MVP软件的过程中，提示用户选择安装对应相机所需的驱动，以便支持相机高性能拉流功能。  
在安装MVP之前若已安装之前版本，本安装包会自动卸载老...
2025-06-18 09:40:13,370 - INFO - vector_db_operations:_create_vector_db:307 - 入库文档块 17/704 | 标题: D:\401385\zizi-1.5-5.6\markdown_files\mvp\MVP算法平台_ | 内容预览: 软件界面说明 > 主界面

双击 启动软件，进入MVP主界面。  
1. 2.  
1. 3. 参数说明  
|**参数**|**说明**|
| - | - |
|菜单栏|包含文件、账号、语言、工具、...
2025-06-18 09:40:13,479 - INFO - vector_db_operations:_create_vector_db:307 - 入库文档块 18/704 | 标题: D:\401385\zizi-1.5-5.6\markdown_files\mvp\MVP算法平台_ | 内容预览: 软件界面说明 > 主界面 > 菜单栏...
2025-06-18 09:40:13,586 - INFO - vector_db_operations:_create_vector_db:307 - 入库文档块 19/704 | 标题: D:\401385\zizi-1.5-5.6\markdown_files\mvp\MVP算法平台_ | 内容预览: 主界面中最上方显示软件的菜单栏。包含了文件、账号、语言、工具、自定义界面、数据存储、全局工具、设置、帮助等选项。  
1. 菜单栏  
- 文件：包含新建工程、打开、最近打开、打开示例、保存、另存为、...
2025-06-18 09:40:13,710 - INFO - vector_db_operations:_create_vector_db:307 - 入库文档块 20/704 | 标题: D:\401385\zizi-1.5-5.6\markdown_files\mvp\MVP算法平台_ | 内容预览: 1. 切换用户  
- 语言：包含中文、英文两个子菜单项，点击相应的菜单对软件界面进行中英文切换。
- 工具：包含相机管理工具、深度学习模型转换工具三个子菜单。
- 相机管理工具：通过该子菜单项可以打...
2025-06-18 09:40:13,820 - INFO - vector_db_operations:_create_vector_db:307 - 入库文档块 21/704 | 标题: D:\401385\zizi-1.5-5.6\markdown_files\mvp\MVP算法平台_ | 内容预览: 软件界面说明 > 主界面 > 快捷工具条

快捷工具条位于菜单栏下方，工具条中的按钮可以快速方便地对视觉方案进行相应的操作。  
1. 快捷工具栏  
- 新建工程：创建一个新的算法平台工程，当前工程...
2025-06-18 09:40:13,959 - INFO - vector_db_operations:_create_vector_db:307 - 入库文档块 22/704 | 标题: D:\401385\zizi-1.5-5.6\markdown_files\mvp\MVP算法平台_ | 内容预览: 软件界面说明 > 工具栏 > 工具箱

工具箱包含常用算子、图像采集、定位、图像处理、标定、生成工具、测量、识别、深度学习、逻辑控制、通讯、辅助工具、机械臂工具、检测工具。  
- 常用算子：自定义选...
2025-06-18 09:40:14,085 - INFO - vector_db_operations:_create_vector_db:307 - 入库文档块 23/704 | 标题: D:\401385\zizi-1.5-5.6\markdown_files\mvp\MVP算法平台_ | 内容预览: 软件界面说明 > 工具栏 > 工具应用举例

鼠标停留在左侧对应工具栏就可以显示子工具，选中要使用的工具双击或拖拉至流程编辑区域。  
1. 找边应用举例  
错误码  
1. 错误码提示  
掩膜操...
2025-06-18 09:40:14,211 - INFO - vector_db_operations:_create_vector_db:307 - 入库文档块 24/704 | 标题: D:\401385\zizi-1.5-5.6\markdown_files\mvp\MVP算法平台_ | 内容预览: 软件界面说明 > 流程编辑区 > 概述

图2-18 流程编辑区  
1. 2. 辑区说明  
|**区域**|**说明**|
| - | - |
|流程标签页|显示存在流程，最高支持16个区域。|
...
2025-06-18 09:40:14,338 - INFO - vector_db_operations:_create_vector_db:307 - 入库文档块 25/704 | 标题: D:\401385\zizi-1.5-5.6\markdown_files\mvp\MVP算法平台_ | 内容预览: 软件界面说明 > 流程编辑区 > 切换模块

切换流程编辑区域显示的模块，可以通过流程选择框选择对应模块选项，以及双击流程算子进入和双击空白区域返回上一层两种快捷操作。  
1. 单击流程选择框对应模...
2025-06-18 09:40:14,475 - INFO - vector_db_operations:_create_vector_db:307 - 入库文档块 26/704 | 标题: D:\401385\zizi-1.5-5.6\markdown_files\mvp\MVP算法平台_ | 内容预览: 软件界面说明 > 流程编辑区 > 缩放比例

（1）通过调整缩放滚动条，以及点击【-】/【+】进行流程编辑区域显示比例调整，当前缩放比例实时显示于混动条右侧标签处。  
（2）单击缩放比例标签，可将流...
2025-06-18 09:40:14,585 - INFO - vector_db_operations:_create_vector_db:307 - 入库文档块 27/704 | 标题: D:\401385\zizi-1.5-5.6\markdown_files\mvp\MVP算法平台_ | 内容预览: 软件界面说明 > 流程编辑区 > 鹰眼视图

1. 隐藏鹰眼视图  
点击右下角按钮，可切换鹰眼式图隐藏/显示状态。  
图2-22 隐藏鹰眼视图  
1. 流程编辑视窗移动  
当前流程编辑区视窗，...
2025-06-18 09:40:14,710 - INFO - vector_db_operations:_create_vector_db:307 - 入库文档块 28/704 | 标题: D:\401385\zizi-1.5-5.6\markdown_files\mvp\MVP算法平台_ | 内容预览: 软件界面说明 > 流程编辑区 > 算子添加

由工具栏左键点击选择对应算子，保持左键按下的状态移动至流程编辑区域释放，即算子添加成功。  
图2-24 算子添加...
2025-06-18 09:40:14,817 - INFO - vector_db_operations:_create_vector_db:307 - 入库文档块 29/704 | 标题: D:\401385\zizi-1.5-5.6\markdown_files\mvp\MVP算法平台_ | 内容预览: 软件界面说明 > 流程编辑区 > 算子连线

（1）算子连线区域，目前支持算子上下左右共四个连线区域作为连线起点  
图2-25 算子连线区域  
（2）目标算子拟连线终点区域，会高亮显示，当可进行连...
2025-06-18 09:40:14,909 - INFO - vector_db_operations:_create_vector_db:307 - 入库文档块 30/704 | 标题: D:\401385\zizi-1.5-5.6\markdown_files\mvp\MVP算法平台_ | 内容预览: 软件界面说明 > 流程编辑区 > 算子自动连线

插入算子或者移动无连线算子至另一算子下方10~45像素区域时，触发自动连线。连线后将算子矫正至目标蓝色矩形区域（距离35像素）。  
图2-29 插入...
2025-06-18 09:40:15,035 - INFO - vector_db_operations:_create_vector_db:307 - 入库文档块 31/704 | 标题: D:\401385\zizi-1.5-5.6\markdown_files\mvp\MVP算法平台_ | 内容预览: 软件界面说明 > 流程编辑区 > 算子插入连线

1. 插入算子或者移动算子至已有连线中时，当前可插入连线会高亮并加粗显示，鼠标释放后即可插入至当前连线中。  
图2-31 插入算子插入连线（插入前）...
2025-06-18 09:40:15,162 - INFO - vector_db_operations:_create_vector_db:307 - 入库文档块 32/704 | 标题: D:\401385\zizi-1.5-5.6\markdown_files\mvp\MVP算法平台_ | 内容预览: 软件界面说明 > 切换用户功能

启用用户模式后，可以根据实际需要，切换不同的角色来运行MVP，达到视觉解决方案权限管理的目的，各个角色的权限如下表所示。  
1. 权限管理说明  
|**角色**|...
2025-06-18 09:40:15,273 - INFO - vector_db_operations:_create_vector_db:307 - 入库文档块 33/704 | 标题: D:\401385\zizi-1.5-5.6\markdown_files\mvp\MVP算法平台_ | 内容预览: 视觉功能模块 > 常用算子

常用算子中默认已添加仿真器算子，用户可根据自己使用习惯，自定义选择算子添加其中。  
图像采集...
2025-06-18 09:40:15,398 - INFO - vector_db_operations:_create_vector_db:307 - 入库文档块 34/704 | 标题: D:\401385\zizi-1.5-5.6\markdown_files\mvp\MVP算法平台_ | 内容预览: 视觉功能模块 > 常用算子 > 概述

图像采集算子主要功能是获取图像源，可以从本地或者相机获取。...
2025-06-18 09:40:15,539 - INFO - vector_db_operations:_create_vector_db:307 - 入库文档块 35/704 | 标题: D:\401385\zizi-1.5-5.6\markdown_files\mvp\MVP算法平台_ | 内容预览: 视觉功能模块 > 常用算子 > 仿真器

仿真器算子主要是通过outImage参数为其他算子提供本地处理图片，仿真器加载图片显示方式分为两种。  
- 一种是以电影胶片的模式显示当前路径下所有的图片，...
2025-06-18 09:40:15,633 - INFO - vector_db_operations:_create_vector_db:307 - 入库文档块 36/704 | 标题: D:\401385\zizi-1.5-5.6\markdown_files\mvp\MVP算法平台_ | 内容预览: 视觉功能模块 > 常用算子 > 相机

相机算子主要用于从相机采集图片，目前只支持USB、GIGE以及X86智能相机，相机配置硬触发模式和软触发模式。  
- 软触发模式下，每执行一次会向相机下发一次...
2025-06-18 09:40:15,729 - INFO - vector_db_operations:_create_vector_db:307 - 入库文档块 37/704 | 标题: D:\401385\zizi-1.5-5.6\markdown_files\mvp\MVP算法平台_ | 内容预览: 视觉功能模块 > 定位 > 斑点检测...
2025-06-18 09:40:15,853 - INFO - vector_db_operations:_create_vector_db:307 - 入库文档块 38/704 | 标题: D:\401385\zizi-1.5-5.6\markdown_files\mvp\MVP算法平台_ | 内容预览: 斑点检测算子主要检测和定位图像中指定灰度值范围内、形状通常不可测的区域。使用斑点检测可以对图像中是否有斑点以及斑点数量、位置、形状等特征进行定位，另外还可以通过斑点检测来发现图像中的特征在拓扑结构上的...
2025-06-18 09:40:15,961 - INFO - vector_db_operations:_create_vector_db:307 - 入库文档块 39/704 | 标题: D:\401385\zizi-1.5-5.6\markdown_files\mvp\MVP算法平台_ | 内容预览: <tr><td colspan="1">极性</td><td colspan="1"><p>用于判断斑点像素值是否高于背景像素，分为白底黑点和黑底白点。</p><p>注意：可根据图像的实际情况进行设置...
2025-06-18 09:40:16,084 - INFO - vector_db_operations:_create_vector_db:307 - 入库文档块 40/704 | 标题: D:\401385\zizi-1.5-5.6\markdown_files\mvp\MVP算法平台_ | 内容预览: <tr><td colspan="1"><p>仅连通域：</p><p>①图像结果上无斑点轮廓信息</p><p>②输出斑点的部分信息（斑点ID,属性，面积，中心，外接正矩形，二值图，标签图）</p><p...
2025-06-18 09:40:16,208 - INFO - vector_db_operations:_create_vector_db:307 - 入库文档块 41/704 | 标题: D:\401385\zizi-1.5-5.6\markdown_files\mvp\MVP算法平台_ | 内容预览: <tr><td colspan="1">矩形度范围</td><td colspan="1">打开“矩形度过滤使能”后的矩形度范围</td></tr>
<tr><td colspan="1">外接矩形宽...
2025-06-18 09:40:16,333 - INFO - vector_db_operations:_create_vector_db:307 - 入库文档块 42/704 | 标题: D:\401385\zizi-1.5-5.6\markdown_files\mvp\MVP算法平台_ | 内容预览: <tr><td colspan="1">操作核大小</td><td colspan="1">滤波器滑窗尺寸的大小，滑窗尺寸为奇数，如3、5、7…，滑窗尺寸越大则形态学处理程度越强。</td></tr>...
2025-06-18 09:40:16,442 - INFO - vector_db_operations:_create_vector_db:307 - 入库文档块 43/704 | 标题: D:\401385\zizi-1.5-5.6\markdown_files\mvp\MVP算法平台_ | 内容预览: <tr><td colspan="1" rowspan="15">斑点数组</td><td colspan="1" rowspan="15">斑点数组 [i](第i个斑点)</td><td colsp...
2025-06-18 09:40:16,551 - INFO - vector_db_operations:_create_vector_db:307 - 入库文档块 44/704 | 标题: D:\401385\zizi-1.5-5.6\markdown_files\mvp\MVP算法平台_ | 内容预览: <tr><td colspan="1">斑点矩形度</td><td colspan="1">斑点矩形度</td></tr>
<tr><td colspan="1">斑点中心</td><td colsp...
2025-06-18 09:40:16,663 - INFO - vector_db_operations:_create_vector_db:307 - 入库文档块 45/704 | 标题: D:\401385\zizi-1.5-5.6\markdown_files\mvp\MVP算法平台_ | 内容预览: 视觉功能模块 > 定位 > 找边...
2025-06-18 09:40:16,741 - INFO - vector_db_operations:_create_vector_db:307 - 入库文档块 46/704 | 标题: D:\401385\zizi-1.5-5.6\markdown_files\mvp\MVP算法平台_ | 内容预览: 找边算子主要用于查找图像中的直线，在图像中放置一系列卡尺工具，根据卡尺工具得到的边缘点集结果拟合出直线。  
1. 找边操作流程  
找边算子效果如下图所示，其中蓝色卡尺为期望线段区域，红色箭头为搜索...
2025-06-18 09:40:16,851 - INFO - vector_db_operations:_create_vector_db:307 - 入库文档块 47/704 | 标题: D:\401385\zizi-1.5-5.6\markdown_files\mvp\MVP算法平台_ | 内容预览: <tr><td colspan="1">搜索方向</td><td colspan="1">单个卡尺里查找点的方向，默认方向/反方向，第一个卡尺会以红色箭头标出搜索方向。</td></tr>
<tr><...
2025-06-18 09:40:16,960 - INFO - vector_db_operations:_create_vector_db:307 - 入库文档块 48/704 | 标题: D:\401385\zizi-1.5-5.6\markdown_files\mvp\MVP算法平台_ | 内容预览: <tr><td colspan="1">边缘1极性</td><td colspan="1">只有设置边缘对时才能设置该值，期望边缘对在搜索方向上第二条边的极性变化。</td></tr>
<tr><td...
2025-06-18 09:40:17,084 - INFO - vector_db_operations:_create_vector_db:307 - 入库文档块 49/704 | 标题: D:\401385\zizi-1.5-5.6\markdown_files\mvp\MVP算法平台_ | 内容预览: <tr><td colspan="1">边缘明亮处阈值</td></tr>
<tr><td colspan="1" rowspan="2">拟合方式</td><td colspan="1">忽略点拟合...
2025-06-18 09:40:17,209 - INFO - vector_db_operations:_create_vector_db:307 - 入库文档块 50/704 | 标题: D:\401385\zizi-1.5-5.6\markdown_files\mvp\MVP算法平台_ | 内容预览: |全部拟合点数量|找到的所有点的个数（包括忽略点）|  
1. 配置结果参数  
<table><tr><th colspan="1"><b>参数</b></th><th colspan="2"><b...
2025-06-18 09:40:17,347 - INFO - vector_db_operations:_create_vector_db:307 - 入库文档块 51/704 | 标题: D:\401385\zizi-1.5-5.6\markdown_files\mvp\MVP算法平台_ | 内容预览: 视觉功能模块 > 定位 > 找圆...
2025-06-18 09:40:17,455 - INFO - vector_db_operations:_create_vector_db:307 - 入库文档块 52/704 | 标题: D:\401385\zizi-1.5-5.6\markdown_files\mvp\MVP算法平台_ | 内容预览: 找圆工具先在图像中放置一系列卡尺工具，根据卡尺工具得到的边缘点集结果拟合出圆，用于圆的定位与测量。  
1. 找圆操作流程  
1. 找圆算子效果  
1. 配置参数  
<table><tr><th...
2025-06-18 09:40:17,579 - INFO - vector_db_operations:_create_vector_db:307 - 入库文档块 53/704 | 标题: D:\401385\zizi-1.5-5.6\markdown_files\mvp\MVP算法平台_ | 内容预览: <tr><td colspan="1">搜索方向</td><td colspan="1">单个卡尺里查找点的方向，内向外/外向内，第一个卡尺会以红色箭头标出搜索方向。</td></tr>
<tr><t...
2025-06-18 09:40:17,686 - INFO - vector_db_operations:_create_vector_db:307 - 入库文档块 54/704 | 标题: D:\401385\zizi-1.5-5.6\markdown_files\mvp\MVP算法平台_ | 内容预览: <tr><td colspan="1">边缘1极性</td><td colspan="1">只有设置边缘对时才能设置该值，期望边缘对在搜索方向上第二条圆弧的极性变化。</td></tr>
<tr><t...
2025-06-18 09:40:17,808 - INFO - vector_db_operations:_create_vector_db:307 - 入库文档块 55/704 | 标题: D:\401385\zizi-1.5-5.6\markdown_files\mvp\MVP算法平台_ | 内容预览: <tr><td colspan="1">边缘明亮处阈值</td><td colspan="1">边缘明亮处阈值大小。</td></tr>
<tr><td colspan="1" rowspan="2"...
2025-06-18 09:40:17,916 - INFO - vector_db_operations:_create_vector_db:307 - 入库文档块 56/704 | 标题: D:\401385\zizi-1.5-5.6\markdown_files\mvp\MVP算法平台_ | 内容预览: 视觉功能模块 > 定位 > 模板匹配...
2025-06-18 09:40:18,025 - INFO - vector_db_operations:_create_vector_db:307 - 入库文档块 57/704 | 标题: D:\401385\zizi-1.5-5.6\markdown_files\mvp\MVP算法平台_ | 内容预览: 模板匹配工具是在模板图像中择一个特征区域，并以特征区域的边缘特征作为模板，并在检测图像中根据训练的模板边缘特征进行匹配，定位模板图像在检测图像中的位置。模板匹配可以配合其他工具使用，以模板匹配的结果作...
2025-06-18 09:40:18,149 - INFO - vector_db_operations:_create_vector_db:307 - 入库文档块 58/704 | 标题: D:\401385\zizi-1.5-5.6\markdown_files\mvp\MVP算法平台_ | 内容预览: <tr><td colspan="1">最小分数</td><td colspan="2">匹配到的目标都有一个分数，该分数表示目标与预期目标的相似度，只能匹配到高于最小分数的目标。最大是1，表示完全契...
2025-06-18 09:40:18,258 - INFO - vector_db_operations:_create_vector_db:307 - 入库文档块 59/704 | 标题: D:\401385\zizi-1.5-5.6\markdown_files\mvp\MVP算法平台_ | 内容预览: <tr><td colspan="1">金字塔返回层</td><td colspan="1"><p>检索目标时从指定层返回结果。应用于轻微变形、模糊的场景。</p><p>若训练时的最大金字塔层数为n，...
2025-06-18 09:40:18,367 - INFO - vector_db_operations:_create_vector_db:307 - 入库文档块 60/704 | 标题: D:\401385\zizi-1.5-5.6\markdown_files\mvp\MVP算法平台_ | 内容预览: |训练按钮|点击训练按钮，得到训练界面的特征模板，默认保存在主界面的模板文件路径下。|
|另存为按钮|训练好的模板也可以另存为到其他目录下。|  
若将最大金字塔层数设成3，则金字塔共有3层。每增加一...
2025-06-18 09:40:18,476 - INFO - vector_db_operations:_create_vector_db:307 - 入库文档块 61/704 | 标题: D:\401385\zizi-1.5-5.6\markdown_files\mvp\MVP算法平台_ | 内容预览: 1. 输出坐标系  
<table><tr><th colspan="1"><b>参数</b></th><th colspan="2"><b>说明</b></th></tr>
<tr><td cols...
2025-06-18 09:40:18,602 - INFO - vector_db_operations:_create_vector_db:307 - 入库文档块 62/704 | 标题: D:\401385\zizi-1.5-5.6\markdown_files\mvp\MVP算法平台_ | 内容预览: <tr><td colspan="1">训练模板中心坐标y</td><td colspan="1">模板匹配训练模板时，模板的中心点Y坐标</td></tr>
<tr><td colspan="1">...
2025-06-18 09:40:18,710 - INFO - vector_db_operations:_create_vector_db:307 - 入库文档块 63/704 | 标题: D:\401385\zizi-1.5-5.6\markdown_files\mvp\MVP算法平台_ | 内容预览: 视觉功能模块 > 定位 > 模板比对

模板比对算子主要完成模板图像或者模板区域与检测图像或者检测区域之间的差异检测。可以用于缺陷检测、图像差异检测等应用。  
2. 模板比对操作流程  
模板比对效...
2025-06-18 09:40:18,788 - INFO - vector_db_operations:_create_vector_db:307 - 入库文档块 64/704 | 标题: D:\401385\zizi-1.5-5.6\markdown_files\mvp\MVP算法平台_ | 内容预览: 视觉功能模块 > 定位 > 轮廓比对

轮廓比对算子通过比对模板图像轮廓和测试图像轮廓的差异，检测出缺角，崩边，叠片等缺陷。适用于产品轮廓边界清楚且稳定的环境。  
1. 轮廓比对操作流程  
轮廓比...
2025-06-18 09:40:18,896 - INFO - vector_db_operations:_create_vector_db:307 - 入库文档块 65/704 | 标题: D:\401385\zizi-1.5-5.6\markdown_files\mvp\MVP算法平台_ | 内容预览: 视觉功能模块 > 定位 > 找顶点...
2025-06-18 09:40:19,007 - INFO - vector_db_operations:_create_vector_db:307 - 入库文档块 66/704 | 标题: D:\401385\zizi-1.5-5.6\markdown_files\mvp\MVP算法平台_ | 内容预览: 沿矩形ROI框的边摆放很多卡尺工具，每个卡尺工具返回一个坐标点，求距离基准边最近或者最远的一点，此点作为图形的顶点。  
卡尺参数参考找边参数。  
投影长度与卡尺间隔一般取较小值，最好范围在1-5之...
2025-06-18 09:40:19,131 - INFO - vector_db_operations:_create_vector_db:307 - 入库文档块 67/704 | 标题: D:\401385\zizi-1.5-5.6\markdown_files\mvp\MVP算法平台_ | 内容预览: <tr><td colspan="1">边缘0极性</td><td colspan="1">分为由暗到明、由明到暗、任何极性。</td></tr>
<tr><td colspan="1">对比度阈值<...
2025-06-18 09:40:19,242 - INFO - vector_db_operations:_create_vector_db:307 - 入库文档块 68/704 | 标题: D:\401385\zizi-1.5-5.6\markdown_files\mvp\MVP算法平台_ | 内容预览: 视觉功能模块 > 定位 > 找多边

找多边算子主要用于查找图像中的多条直线。找多边算子一次可以最多找8条直线，每条直线查找所使用的原理和参数与找边算子相同。  
1. 找多边操作流程  
找多边效果...
2025-06-18 09:40:19,336 - INFO - vector_db_operations:_create_vector_db:307 - 入库文档块 69/704 | 标题: D:\401385\zizi-1.5-5.6\markdown_files\mvp\MVP算法平台_ | 内容预览: 视觉功能模块 > 定位 > 创建坐标系

创建坐标系算子通过输入或配置XY坐标、旋转角度、缩放比例参数，创建出一个坐标系，供找边、找圆等算子使用。  
1. 创建坐标系操作流程  
创建坐标系效果图如...
2025-06-18 09:40:19,462 - INFO - vector_db_operations:_create_vector_db:307 - 入库文档块 70/704 | 标题: D:\401385\zizi-1.5-5.6\markdown_files\mvp\MVP算法平台_ | 内容预览: 视觉功能模块 > 图像处理 > 平滑滤波

平滑滤波表示在尽量保留图像细节特征的前提下，对目标图像的噪声进行抑制，是图像预处理中不可缺少的操作。其处理效果的好坏将直接影响到后续图像处理分析的有效性和可...
2025-06-18 09:40:19,539 - INFO - vector_db_operations:_create_vector_db:307 - 入库文档块 71/704 | 标题: D:\401385\zizi-1.5-5.6\markdown_files\mvp\MVP算法平台_ | 内容预览: 视觉功能模块 > 图像处理 > 图像二值化...
2025-06-18 09:40:19,648 - INFO - vector_db_operations:_create_vector_db:307 - 入库文档块 72/704 | 标题: D:\401385\zizi-1.5-5.6\markdown_files\mvp\MVP算法平台_ | 内容预览: 图像二值化算子通过固定阈值或自适应阈值，将感兴趣区域内的灰度图像转换为二值图像；图像二值化将图像上的像素点的灰度值设置为0或255，也就是将整个图像呈现出明显的黑白效果的过程。  
1. 图像二值化操...
2025-06-18 09:40:19,760 - INFO - vector_db_operations:_create_vector_db:307 - 入库文档块 73/704 | 标题: D:\401385\zizi-1.5-5.6\markdown_files\mvp\MVP算法平台_ | 内容预览: <tr><td colspan="1">高阈值</td></tr>
<tr><td colspan="1">滤波核高</td><td colspan="1">图像二值化滤波核的高度。当输入偶数时，算法...
2025-06-18 09:40:19,901 - INFO - vector_db_operations:_create_vector_db:307 - 入库文档块 74/704 | 标题: D:\401385\zizi-1.5-5.6\markdown_files\mvp\MVP算法平台_ | 内容预览: 视觉功能模块 > 图像处理 > 裁剪

裁剪算子可以截取指定的原灰度矩形ROI区域，并生成ROI大小的新的灰度图像。  
裁剪效果如下图所示，左图裁剪前，右图裁剪后。  
1. 裁剪效果...
2025-06-18 09:40:20,008 - INFO - vector_db_operations:_create_vector_db:307 - 入库文档块 75/704 | 标题: D:\401385\zizi-1.5-5.6\markdown_files\mvp\MVP算法平台_ | 内容预览: 视觉功能模块 > 图像处理 > 彩色转灰度

彩色转灰度工具可将三通道的彩色图像转换为单通道的灰度图像。  
3. 彩转灰效果图  
4. 配置参数  
|**参数**|**说明**|
| - | -...
2025-06-18 09:40:20,131 - INFO - vector_db_operations:_create_vector_db:307 - 入库文档块 76/704 | 标题: D:\401385\zizi-1.5-5.6\markdown_files\mvp\MVP算法平台_ | 内容预览: 视觉功能模块 > 图像处理 > 颜色提取

颜色提取算子首先提取框选区域的颜色，训练出对应颜色模板。可训练多种颜色，然后输入当前颜色，计算当前颜色与颜色模板的相似度，用于颜色匹配及颜色识别的项目。  ...
2025-06-18 09:40:20,257 - INFO - vector_db_operations:_create_vector_db:307 - 入库文档块 77/704 | 标题: D:\401385\zizi-1.5-5.6\markdown_files\mvp\MVP算法平台_ | 内容预览: 视觉功能模块 > 图像处理 > 仿射变换

仿射变换算子可以将输入图像矩形框区域内的图像进行变换，并生成新的矩形输出图像。输入矩形支持平移，旋转，倾斜，XY比例缩放。  
仿射变换的典型应用场景包括但...
2025-06-18 09:40:20,397 - INFO - vector_db_operations:_create_vector_db:307 - 入库文档块 78/704 | 标题: D:\401385\zizi-1.5-5.6\markdown_files\mvp\MVP算法平台_ | 内容预览: 视觉功能模块 > 图像处理 > 形态学处理

形态学处理算子可以根据设定的掩模形状和形态学方法对输入灰度图像进行形态学操作。  
形态学方法包括：膨胀、腐蚀、开运算、闭运算；支持的掩模形状包括：矩形、...
2025-06-18 09:40:20,522 - INFO - vector_db_operations:_create_vector_db:307 - 入库文档块 79/704 | 标题: D:\401385\zizi-1.5-5.6\markdown_files\mvp\MVP算法平台_ | 内容预览: 视觉功能模块 > 图像处理 > 边缘梯度...
2025-06-18 09:40:20,615 - INFO - vector_db_operations:_create_vector_db:307 - 入库文档块 80/704 | 标题: D:\401385\zizi-1.5-5.6\markdown_files\mvp\MVP算法平台_ | 内容预览: 边缘梯度算子可以计算灰度图像的边缘梯度，并根据梯度幅值生成新的灰度图像。  
通过边缘梯度计算后得到的图像，将关注点集中在边缘区域，边缘后续的处理。  
1. 边缘梯度操作流程  
1. 边缘梯度效果...
2025-06-18 09:40:20,739 - INFO - vector_db_operations:_create_vector_db:307 - 入库文档块 81/704 | 标题: D:\401385\zizi-1.5-5.6\markdown_files\mvp\MVP算法平台_ | 内容预览: |Robinson类型|robinson通过8个卷积核计算像素8个方向的梯度值，效果最好，但是耗时较大。|  
1. Sobel绝对值效果图  
1. Sobel开平方效果图  
1. Roberts...
2025-06-18 09:40:20,817 - INFO - vector_db_operations:_create_vector_db:307 - 入库文档块 82/704 | 标题: D:\401385\zizi-1.5-5.6\markdown_files\mvp\MVP算法平台_ | 内容预览: 视觉功能模块 > 图像处理 > 亮度

亮度算子计算掩膜区域中的平均亮度值，根据输出亮度值是否介于阈值区间内，判断被检测物体是否存在。  
特征亮度的变化用于体现所检测物体的良好，适用于产品亮度差异检...
2025-06-18 09:40:20,927 - INFO - vector_db_operations:_create_vector_db:307 - 入库文档块 83/704 | 标题: D:\401385\zizi-1.5-5.6\markdown_files\mvp\MVP算法平台_ | 内容预览: 视觉功能模块 > 图像处理 > 对比度

对比度算子用于对掩膜区域内图像对比度的计算，识别所需检测特征是否在设置的对比度范围以内，配合相应工业生产的检测判断。  
该算子适用于良品部件与次品部件对比度...
2025-06-18 09:40:21,051 - INFO - vector_db_operations:_create_vector_db:307 - 入库文档块 84/704 | 标题: D:\401385\zizi-1.5-5.6\markdown_files\mvp\MVP算法平台_ | 内容预览: 视觉功能模块 > 图像处理 > 像素计数

像素计数工具主要统计在划定ROI区域内，在阈值范围内的像素个数。  
1. 像素计数算子操作流程  
像素计数的效果如下图所示。  
1. 像素计数效果  ...
2025-06-18 09:40:21,178 - INFO - vector_db_operations:_create_vector_db:307 - 入库文档块 85/704 | 标题: D:\401385\zizi-1.5-5.6\markdown_files\mvp\MVP算法平台_ | 内容预览: 视觉功能模块 > 图像处理 > 图像运算

图像运算工具可以根据设定的运算类型，对图像进行求平均减少噪声、图像混合和去除固定背景，从而比较两图的差异等。运算类型包括：求和、求差、求最值和位运算。  
...
2025-06-18 09:40:21,269 - INFO - vector_db_operations:_create_vector_db:307 - 入库文档块 86/704 | 标题: D:\401385\zizi-1.5-5.6\markdown_files\mvp\MVP算法平台_ | 内容预览: 视觉功能模块 > 图像处理 > 区间计数

区间计数算子可以在指定灰度区间内计算满足该区间的线段像素数目。  
1. 图像运算算子操作流程  
1. 配置参数  
<table><tr><th col...
2025-06-18 09:40:21,363 - INFO - vector_db_operations:_create_vector_db:307 - 入库文档块 87/704 | 标题: D:\401385\zizi-1.5-5.6\markdown_files\mvp\MVP算法平台_ | 内容预览: 视觉功能模块 > 图像处理 > 圆环展开

圆环展开算子用来将图片的指定环形区域展开成矩形图片，常用来将环形区域的字符展开，以便于字符的识别。  
1. 圆环展开算子操作流程  
1. 圆环展开算子参...
2025-06-18 09:40:21,487 - INFO - vector_db_operations:_create_vector_db:307 - 入库文档块 88/704 | 标题: D:\401385\zizi-1.5-5.6\markdown_files\mvp\MVP算法平台_ | 内容预览: 视觉功能模块 > 图像处理 > 图像拼接

图像拼接算子用来将两张或两张以上图像按照X方向或Y方向进行拼接。图像拼接算子主要用将多张图像拼接成一张完整的图像，分为标定拼接和简单拼接两个功能  
1. ...
2025-06-18 09:40:21,610 - INFO - vector_db_operations:_create_vector_db:307 - 入库文档块 89/704 | 标题: D:\401385\zizi-1.5-5.6\markdown_files\mvp\MVP算法平台_ | 内容预览: 视觉功能模块 > 图像处理 > 图像增强

图像增强算子用于增强图像灰度。  
1. 图像增强算子操作流程  
1. 输出参数  
|**参数**|**说明**|
| - | - |
|输出图像|输出...
2025-06-18 09:40:21,737 - INFO - vector_db_operations:_create_vector_db:307 - 入库文档块 90/704 | 标题: D:\401385\zizi-1.5-5.6\markdown_files\mvp\MVP算法平台_ | 内容预览: 视觉功能模块 > 图像处理 > 图像清晰度

图像清晰度算子用于计算输入灰度图像的清晰度。  
1. 图像清晰度算子操作流程  
1. 配置参数  
|**参数**|**说明**|
| - | - |...
2025-06-18 09:40:21,847 - INFO - vector_db_operations:_create_vector_db:307 - 入库文档块 91/704 | 标题: D:\401385\zizi-1.5-5.6\markdown_files\mvp\MVP算法平台_ | 内容预览: 视觉功能模块 > 图像处理 > 图像锐化

图像锐化算子用于增强图像的边缘或某些线性目标要素的特征，使图像变得清晰。  
1. 图像锐化算子操作流程  
1. 配置参数  
|**参数名称**|**范...
2025-06-18 09:40:21,957 - INFO - vector_db_operations:_create_vector_db:307 - 入库文档块 92/704 | 标题: D:\401385\zizi-1.5-5.6\markdown_files\mvp\MVP算法平台_ | 内容预览: 视觉功能模块 > 图像处理 > 凸包填充

凸包填充算子用于对输入灰度图像边缘存在孔洞时，通过填充获取目标区域完整掩膜图并和原图逐点按位与形成新的输出图像。  
1. 凸包填充算子操作流程  
1. ...
2025-06-18 09:40:22,063 - INFO - vector_db_operations:_create_vector_db:307 - 入库文档块 93/704 | 标题: D:\401385\zizi-1.5-5.6\markdown_files\mvp\MVP算法平台_ | 内容预览: 视觉功能模块 > 标定 > 高精度棋盘格标定...
2025-06-18 09:40:22,191 - INFO - vector_db_operations:_create_vector_db:307 - 入库文档块 94/704 | 标题: D:\401385\zizi-1.5-5.6\markdown_files\mvp\MVP算法平台_ | 内容预览: 高精度棋盘格标定算子用于建立棋盘格所在平面和图像平面的关系，计算图像坐标映射到世界坐标的透视变换，输出标定文件。  
1. 高精度棋盘格标定操作流程  
1. 棋盘格标定  
1. 配置参数  
<t...
2025-06-18 09:40:22,301 - INFO - vector_db_operations:_create_vector_db:307 - 入库文档块 95/704 | 标题: D:\401385\zizi-1.5-5.6\markdown_files\mvp\MVP算法平台_ | 内容预览: <tr><td colspan="1">标定文件</td><td colspan="1"></td><td colspan="2">标定结果保存于该文件。</td></tr>
<tr><td cols...
2025-06-18 09:40:22,471 - INFO - vector_db_operations:_create_vector_db:307 - 入库文档块 96/704 | 标题: D:\401385\zizi-1.5-5.6\markdown_files\mvp\MVP算法平台_ | 内容预览: 坐标旋转角度：原点逆时针旋转的角度。  
1. 以下3图分别为（红色坐标系）：
- 初始原点。
1. 标定文件（1）  
- 原点偏移X配置-60；原点偏移Y配置30。（棋盘格的宽高配置都是30）。
...
2025-06-18 09:40:22,580 - INFO - vector_db_operations:_create_vector_db:307 - 入库文档块 97/704 | 标题: D:\401385\zizi-1.5-5.6\markdown_files\mvp\MVP算法平台_ | 内容预览: <tr><td colspan="1">RMS误差</td><td colspan="1">均方根误差。</td></tr>
<tr><td colspan="1" rowspan="4">点结果</...
2025-06-18 09:40:22,703 - INFO - vector_db_operations:_create_vector_db:307 - 入库文档块 98/704 | 标题: D:\401385\zizi-1.5-5.6\markdown_files\mvp\MVP算法平台_ | 内容预览: 视觉功能模块 > 标定 > N点标定

N点标定算子根据输入或配置的N组坐标点对（图像—世界），计算图像坐标映射到世界坐标的透视变换，并将图像的像素坐标转换到世界坐标，输出标定文件。  
如下图所示，...
2025-06-18 09:40:22,846 - INFO - vector_db_operations:_create_vector_db:307 - 入库文档块 99/704 | 标题: D:\401385\zizi-1.5-5.6\markdown_files\mvp\MVP算法平台_ | 内容预览: 视觉功能模块 > 标定 > 坐标转换器

坐标转换器根据用户输入的点、线、圆、线段和配置的标定文件，将图像中得到的点、线、圆、线段转换到世界坐标并输出。  
1. 坐标转换器操作流程  
1. 添加坐...
2025-06-18 09:40:22,940 - INFO - vector_db_operations:_create_vector_db:307 - 入库文档块 100/704 | 标题: D:\401385\zizi-1.5-5.6\markdown_files\mvp\MVP算法平台_ | 内容预览: 视觉功能模块 > 标定 > 读取标定文件

读取标定文件算子根据配置所选择的标定文件（棋盘标定算子、N点标定算子生成）解析标定信息，下级算子根据此信息，将图像坐标按标定的比例转化为世界坐标并输出。  ...
2025-06-18 09:41:38,362 - DEBUG - vector_db_operations:_create_vector_db:329 - 向量库初始化 | 批次: 1 | 文档数: 100
2025-06-18 09:41:38,441 - INFO - vector_db_operations:_create_vector_db:307 - 入库文档块 101/704 | 标题: D:\401385\zizi-1.5-5.6\markdown_files\mvp\MVP算法平台_ | 内容预览: 视觉功能模块 > 标定 > H矩阵变换

H矩阵变换工具，可用于坐标系转换，在输入H矩阵的基础上，添加偏移量、旋转量和缩放量，得到新的H矩阵。  
如果没有外部H矩阵输入，默认在单位矩阵的基础上进行偏...
2025-06-18 09:41:38,565 - INFO - vector_db_operations:_create_vector_db:307 - 入库文档块 102/704 | 标题: D:\401385\zizi-1.5-5.6\markdown_files\mvp\MVP算法平台_ | 内容预览: 视觉功能模块 > 标定 > 图像解畸变

图像解畸变算子通过读取标定文件，获取标定结果，对图像进行透视变换校正。当标定开启非线性校正时，也可以校正径向畸变。  
透视畸变校正：  
棋盘格标定时，会定...
2025-06-18 09:41:38,629 - INFO - vector_db_operations:_create_vector_db:307 - 入库文档块 103/704 | 标题: D:\401385\zizi-1.5-5.6\markdown_files\mvp\MVP算法平台_ | 内容预览: 视觉功能模块 > 标定 > 手眼标定...
2025-06-18 09:41:38,738 - INFO - vector_db_operations:_create_vector_db:307 - 入库文档块 104/704 | 标题: D:\401385\zizi-1.5-5.6\markdown_files\mvp\MVP算法平台_ | 内容预览: 手眼标定是通过构建一系列图像点和物理点进行拟合，计算图像坐标系到机械臂世界坐标系之间的关系。  
- 参数说明
1. 手眼标定  
1. 手眼标定参数  
|**参数**|**说明**|
| - | ...
2025-06-18 09:41:38,849 - INFO - vector_db_operations:_create_vector_db:307 - 入库文档块 105/704 | 标题: D:\401385\zizi-1.5-5.6\markdown_files\mvp\MVP算法平台_ | 内容预览: |相机安装|<p>移动（eyeinhand）：相机安装在机械手上，会跟随机械手移动</p><p></p><p>固定（eyetohand）：相机固定，不会跟随机械手移动</p><p></p>|
|清除标...
2025-06-18 09:41:38,960 - INFO - vector_db_operations:_create_vector_db:307 - 入库文档块 106/704 | 标题: D:\401385\zizi-1.5-5.6\markdown_files\mvp\MVP算法平台_ | 内容预览: |5|(imageX5,imageY5)|（0,0）|
|6|(imageX6,imageY6)|（-Len,0）|
|7|(imageX7,imageY7)|（-Len,Len）|
|8|(imag...
2025-06-18 09:41:39,086 - INFO - vector_db_operations:_create_vector_db:307 - 入库文档块 107/704 | 标题: D:\401385\zizi-1.5-5.6\markdown_files\mvp\MVP算法平台_ | 内容预览: `   `为了计算补偿量，需要以下已知变量：  
\1)示教位置坐标（Cx0,Cy0）  
\2)标准的工件（Mark）坐标点（X0，Y0）  
\3)工件移动后新的（Mark）坐标点（X1，Y1） ...
2025-06-18 09:41:39,165 - INFO - vector_db_operations:_create_vector_db:307 - 入库文档块 108/704 | 标题: D:\401385\zizi-1.5-5.6\markdown_files\mvp\MVP算法平台_ | 内容预览: |**序号**|**图像坐标**|**世界坐标**|
| - | - | - |
|1|(imageX1,imageY1)|（-Len,-Len）|
|2|(imageX2,imageY2)|（0,-...
2025-06-18 09:41:39,273 - INFO - vector_db_operations:_create_vector_db:307 - 入库文档块 109/704 | 标题: D:\401385\zizi-1.5-5.6\markdown_files\mvp\MVP算法平台_ | 内容预览: newX1= cos(a) \*(X1- Cx0) – sin(a)\*(Y1 – Cy0) + Cx0  
newY1= cos(a)\*(Y1 - Cy0) + sin(a)\*(X1 - Cx0...
2025-06-18 09:41:39,366 - INFO - vector_db_operations:_create_vector_db:307 - 入库文档块 110/704 | 标题: D:\401385\zizi-1.5-5.6\markdown_files\mvp\MVP算法平台_ | 内容预览: 视觉功能模块 > 生成工具 > 生成点

生成点算子从输入或者配置接收X、Y坐标参数，根据X、Y的值输出一个点类型的输出参数。  
1. 生成点操作流程  
在算子运行过程中，若有其它算子的输出参数作...
2025-06-18 09:41:39,460 - INFO - vector_db_operations:_create_vector_db:307 - 入库文档块 111/704 | 标题: D:\401385\zizi-1.5-5.6\markdown_files\mvp\MVP算法平台_ | 内容预览: 视觉功能模块 > 生成工具 > 生成直线...
2025-06-18 09:41:39,569 - INFO - vector_db_operations:_create_vector_db:307 - 入库文档块 112/704 | 标题: D:\401385\zizi-1.5-5.6\markdown_files\mvp\MVP算法平台_ | 内容预览: 生成直线算子从输入或者配置接收相应的参数，生成一条直线。用户可以根据实际需要，使用两个点的方式或一个点和一个角度的方式来生成直线。根据用户选择的生成方式，生成直线算子的输入参数也会随之改变。  
1....
2025-06-18 09:41:39,631 - INFO - vector_db_operations:_create_vector_db:307 - 入库文档块 113/704 | 标题: D:\401385\zizi-1.5-5.6\markdown_files\mvp\MVP算法平台_ | 内容预览: <tr><td rowspan="3">点角式</td><td rowspan="2">点0</td><td valign="top">横坐标</td><td valign="top">范围[-999...
2025-06-18 09:41:39,693 - INFO - vector_db_operations:_create_vector_db:307 - 入库文档块 114/704 | 标题: D:\401385\zizi-1.5-5.6\markdown_files\mvp\MVP算法平台_ | 内容预览: 视觉功能模块 > 生成工具 > 生成矩形

生成矩形算子从输入或者配置接收基准点、矩形的宽高、矩形的角度来生成一个矩形。生成矩形的基准点可以为矩形的中心点、左上角、左下角、右上角、右下角、上边中心点、...
2025-06-18 09:41:39,818 - INFO - vector_db_operations:_create_vector_db:307 - 入库文档块 115/704 | 标题: D:\401385\zizi-1.5-5.6\markdown_files\mvp\MVP算法平台_ | 内容预览: 视觉功能模块 > 生成工具 > 生成圆...
2025-06-18 09:41:39,927 - INFO - vector_db_operations:_create_vector_db:307 - 入库文档块 116/704 | 标题: D:\401385\zizi-1.5-5.6\markdown_files\mvp\MVP算法平台_ | 内容预览: 生成圆算子从输入或者配置接收相应的参数，生成一个圆。用户可以根据实际需要，使用圆心半径的方式或圆心和圆上一个点的方式来生成圆。根据用户选择的生成方式，生成圆算子的输入参数也会随之改变。  
1. 生成...
2025-06-18 09:41:40,051 - INFO - vector_db_operations:_create_vector_db:307 - 入库文档块 117/704 | 标题: D:\401385\zizi-1.5-5.6\markdown_files\mvp\MVP算法平台_ | 内容预览: <tr><td rowspan="3">圆心半径</td><td valign="top">圆心X</td><td valign="top">范围[-99999,99999],默认为300</td><...
2025-06-18 09:41:40,176 - INFO - vector_db_operations:_create_vector_db:307 - 入库文档块 118/704 | 标题: D:\401385\zizi-1.5-5.6\markdown_files\mvp\MVP算法平台_ | 内容预览: 视觉功能模块 > 生成工具 > 生成中点

生成中点算子从输入或者配置接收相应的参数，生成二者之间的中点。  
1. 生成中点操作流程  
1. 参数描述  
|**参数**|**参数范围**|**说...
2025-06-18 09:41:40,287 - INFO - vector_db_operations:_create_vector_db:307 - 入库文档块 119/704 | 标题: D:\401385\zizi-1.5-5.6\markdown_files\mvp\MVP算法平台_ | 内容预览: 视觉功能模块 > 测量

测量类算子涉及到标定坐标时，图像坐标只用于图像显示，其他值都已经和世界坐标相关联。所有元素（点、线段、距离等）都作为世界坐标关联的值。转换关系详见[3.5](#_标定)标定类...
2025-06-18 09:41:40,383 - INFO - vector_db_operations:_create_vector_db:307 - 入库文档块 120/704 | 标题: D:\401385\zizi-1.5-5.6\markdown_files\mvp\MVP算法平台_ | 内容预览: 视觉功能模块 > 测量 > 两点生成直线

两点生成直线算子从输入或者配置接收两点参数，根据两点生成一条直线并输出，如果输出两点坐标相同则算子失败。可切换到结果界面查看输出生成的直线描述信息（输出两点...
2025-06-18 09:41:40,461 - INFO - vector_db_operations:_create_vector_db:307 - 入库文档块 121/704 | 标题: D:\401385\zizi-1.5-5.6\markdown_files\mvp\MVP算法平台_ | 内容预览: 视觉功能模块 > 测量 > 线段与圆交点...
2025-06-18 09:41:40,585 - INFO - vector_db_operations:_create_vector_db:307 - 入库文档块 122/704 | 标题: D:\401385\zizi-1.5-5.6\markdown_files\mvp\MVP算法平台_ | 内容预览: 线段与圆交点算子从输入或者配置接收一条线段和一个圆参数，根据接收参数求得线段和圆的位置关系并输出，可切换到结果界面查看输出信息（是否相交，交点个数和交点）。  
1. 线段与圆交点操作流程  
分为相...
2025-06-18 09:41:40,679 - INFO - vector_db_operations:_create_vector_db:307 - 入库文档块 123/704 | 标题: D:\401385\zizi-1.5-5.6\markdown_files\mvp\MVP算法平台_ | 内容预览: <tr><td colspan="1">起点Y</td><td colspan="1">线段起点Y坐标</td></tr>
<tr><td colspan="1">边长</td><td colspan...
2025-06-18 09:41:40,787 - INFO - vector_db_operations:_create_vector_db:307 - 入库文档块 124/704 | 标题: D:\401385\zizi-1.5-5.6\markdown_files\mvp\MVP算法平台_ | 内容预览: 视觉功能模块 > 测量 > 线段与直线交点...
2025-06-18 09:41:40,897 - INFO - vector_db_operations:_create_vector_db:307 - 入库文档块 125/704 | 标题: D:\401385\zizi-1.5-5.6\markdown_files\mvp\MVP算法平台_ | 内容预览: 线段与直线交点算子从输入或者配置接收一条线段和一条直线参数，根据接收参数求得线段和直线的位置关系并输出，可切换到结果界面查看输出信息（是否相交，交点个数和交点）。  
1. 线段与直线交点操作流程  ...
2025-06-18 09:41:41,005 - INFO - vector_db_operations:_create_vector_db:307 - 入库文档块 126/704 | 标题: D:\401385\zizi-1.5-5.6\markdown_files\mvp\MVP算法平台_ | 内容预览: <tr><td colspan="1">起点Y</td><td colspan="1">线段起点Y坐标</td></tr>
<tr><td colspan="1">边长</td><td colspan...
2025-06-18 09:41:41,131 - INFO - vector_db_operations:_create_vector_db:307 - 入库文档块 127/704 | 标题: D:\401385\zizi-1.5-5.6\markdown_files\mvp\MVP算法平台_ | 内容预览: 视觉功能模块 > 测量 > 线段与线段交点...
2025-06-18 09:41:41,243 - INFO - vector_db_operations:_create_vector_db:307 - 入库文档块 128/704 | 标题: D:\401385\zizi-1.5-5.6\markdown_files\mvp\MVP算法平台_ | 内容预览: 线段与线段交点算子从输入或者配置接收两条线段参数，根据接收参数求得两条线段之间的位置关系并输出，可切换到结果界面查看输出信息（是否相交，交点个数和交点）。  
1. 线段与线段交点操作流程  
1. ...
2025-06-18 09:41:41,380 - INFO - vector_db_operations:_create_vector_db:307 - 入库文档块 129/704 | 标题: D:\401385\zizi-1.5-5.6\markdown_files\mvp\MVP算法平台_ | 内容预览: <tr><td colspan="1">起点Y</td><td colspan="1">线段A起点Y坐标</td></tr>
<tr><td colspan="1">边长</td><td colspa...
2025-06-18 09:41:41,488 - INFO - vector_db_operations:_create_vector_db:307 - 入库文档块 130/704 | 标题: D:\401385\zizi-1.5-5.6\markdown_files\mvp\MVP算法平台_ | 内容预览: 视觉功能模块 > 测量 > 直线与圆交点

直线与圆交点算子从输入或者配置接收一条直线和一个圆参数，根据接收参数求得直线和圆的位置关系并输出，可切换到结果界面查看输出信息（是否相交，交点个数和交点）。...
2025-06-18 09:41:41,584 - INFO - vector_db_operations:_create_vector_db:307 - 入库文档块 131/704 | 标题: D:\401385\zizi-1.5-5.6\markdown_files\mvp\MVP算法平台_ | 内容预览: 视觉功能模块 > 测量 > 直线与直线交点

直线与直线交点算子从输入或者配置接收两条直线参数，根据接收参数求得线段和直线的位置关系并输出，可切换到结果界面查看输出信息（是否相交，交点个数、交点、直线...
2025-06-18 09:41:41,692 - INFO - vector_db_operations:_create_vector_db:307 - 入库文档块 132/704 | 标题: D:\401385\zizi-1.5-5.6\markdown_files\mvp\MVP算法平台_ | 内容预览: 视觉功能模块 > 测量 > 圆与圆交点

圆与圆交点算子从输入或者配置接收两个圆参数，根据接收参数求得两圆之间的位置关系并输出，可切换到结果界面查看输出信息（是否相交，交点个数和交点）。  
1. 圆...
2025-06-18 09:41:41,802 - INFO - vector_db_operations:_create_vector_db:307 - 入库文档块 133/704 | 标题: D:\401385\zizi-1.5-5.6\markdown_files\mvp\MVP算法平台_ | 内容预览: 视觉功能模块 > 测量 > 点与点夹角

点与点夹角算子从输入或者配置接收两个点参数，根据接收参数求得两点坐标连线和图像坐标系的夹角并输出，如果输出两点坐标相同则算子失败，可切换到结果界面查看输出信息...
2025-06-18 09:41:41,896 - INFO - vector_db_operations:_create_vector_db:307 - 入库文档块 134/704 | 标题: D:\401385\zizi-1.5-5.6\markdown_files\mvp\MVP算法平台_ | 内容预览: 视觉功能模块 > 测量 > 直线与直线夹角

直线与直线夹角算子从输入或者配置接收两条直线参数，根据接收参数求得两直线之间的夹角并输出，可切换到结果界面查看输出信息（夹角大小，提示：直线平行、重合夹角...
2025-06-18 09:41:42,005 - INFO - vector_db_operations:_create_vector_db:307 - 入库文档块 135/704 | 标题: D:\401385\zizi-1.5-5.6\markdown_files\mvp\MVP算法平台_ | 内容预览: 视觉功能模块 > 测量 > 点与圆距离

点与圆距离算子从输入或者配置接收一个点和一个圆参数，根据接收参数求得点与圆之间的位置关系并输出，可切换到结果界面查看输出信息（点与圆之间的距离、圆上到已知点距...
2025-06-18 09:41:42,130 - INFO - vector_db_operations:_create_vector_db:307 - 入库文档块 136/704 | 标题: D:\401385\zizi-1.5-5.6\markdown_files\mvp\MVP算法平台_ | 内容预览: 视觉功能模块 > 测量 > 点与直线距离

点与直线距离算子从输入或者配置接收一个点和一条直线参数，根据接收参数求得点与直线之间的位置关系并输出，可切换到结果界面查看输出信息（点与圆之间的距离、直线上...
2025-06-18 09:41:42,257 - INFO - vector_db_operations:_create_vector_db:307 - 入库文档块 137/704 | 标题: D:\401385\zizi-1.5-5.6\markdown_files\mvp\MVP算法平台_ | 内容预览: 视觉功能模块 > 测量 > 点与线段距离...
2025-06-18 09:41:42,351 - INFO - vector_db_operations:_create_vector_db:307 - 入库文档块 138/704 | 标题: D:\401385\zizi-1.5-5.6\markdown_files\mvp\MVP算法平台_ | 内容预览: 点与线段距离算子从输入或者配置接收一个点和一条线段参数，根据接收参数求得点与线段之间的位置关系并输出，可切换到结果界面查看输出信息（点与圆之间的距离、以及线段上到已知点距离最短的点）。分为点不在线段上...
2025-06-18 09:41:42,463 - INFO - vector_db_operations:_create_vector_db:307 - 入库文档块 139/704 | 标题: D:\401385\zizi-1.5-5.6\markdown_files\mvp\MVP算法平台_ | 内容预览: <tr><td colspan="1">起点Y</td><td colspan="2">线段起点Y坐标</td></tr>
<tr><td colspan="1">边长</td><td colspan...
2025-06-18 09:41:42,573 - INFO - vector_db_operations:_create_vector_db:307 - 入库文档块 140/704 | 标题: D:\401385\zizi-1.5-5.6\markdown_files\mvp\MVP算法平台_ | 内容预览: 视觉功能模块 > 测量 > 点与点距离

点与点距离算子从输入或者配置接收两个点参数，根据接收参数求得点与点之间的位置关系并输出，如果输入两点坐标相同，不显示交点角度，可切换到结果界面查看输出信息（点...
2025-06-18 09:41:42,683 - INFO - vector_db_operations:_create_vector_db:307 - 入库文档块 141/704 | 标题: D:\401385\zizi-1.5-5.6\markdown_files\mvp\MVP算法平台_ | 内容预览: 视觉功能模块 > 测量 > 线段与圆距离...
2025-06-18 09:41:42,776 - INFO - vector_db_operations:_create_vector_db:307 - 入库文档块 142/704 | 标题: D:\401385\zizi-1.5-5.6\markdown_files\mvp\MVP算法平台_ | 内容预览: 线段与圆距离算子从输入或者配置接收一条线段和一个圆参数，根据接收参数求得线段与圆之间的位置关系并输出，可切换到结果界面查看输出信息（线段与圆之间的距离与圆和线段上都任意取一点，距离最短时线段上和圆上所...
2025-06-18 09:41:42,902 - INFO - vector_db_operations:_create_vector_db:307 - 入库文档块 143/704 | 标题: D:\401385\zizi-1.5-5.6\markdown_files\mvp\MVP算法平台_ | 内容预览: <tr><td colspan="1">起点Y</td><td colspan="1">线段起点Y坐标</td></tr>
<tr><td colspan="1">边长</td><td colspan...
2025-06-18 09:41:43,046 - INFO - vector_db_operations:_create_vector_db:307 - 入库文档块 144/704 | 标题: D:\401385\zizi-1.5-5.6\markdown_files\mvp\MVP算法平台_ | 内容预览: 视觉功能模块 > 测量 > 线段与直线距离...
2025-06-18 09:41:43,156 - INFO - vector_db_operations:_create_vector_db:307 - 入库文档块 145/704 | 标题: D:\401385\zizi-1.5-5.6\markdown_files\mvp\MVP算法平台_ | 内容预览: 线段与直线距离算子从输入或者配置接收一条线段和一个直线参数，根据接收参数求得线段与直线之间的位置关系并输出，可切换到结果界面查看输出信息（线段与直线之间的距离与直线和线段上都任意取一点，距离最短时线段...
2025-06-18 09:41:43,283 - INFO - vector_db_operations:_create_vector_db:307 - 入库文档块 146/704 | 标题: D:\401385\zizi-1.5-5.6\markdown_files\mvp\MVP算法平台_ | 内容预览: <tr><td colspan="1">起点Y</td><td colspan="1">线段起点Y坐标</td></tr>
<tr><td colspan="1">边长</td><td colspan...
2025-06-18 09:41:43,423 - INFO - vector_db_operations:_create_vector_db:307 - 入库文档块 147/704 | 标题: D:\401385\zizi-1.5-5.6\markdown_files\mvp\MVP算法平台_ | 内容预览: 视觉功能模块 > 测量 > 线段与线段距离...
2025-06-18 09:41:43,547 - INFO - vector_db_operations:_create_vector_db:307 - 入库文档块 148/704 | 标题: D:\401385\zizi-1.5-5.6\markdown_files\mvp\MVP算法平台_ | 内容预览: 线段与线段距离算子从输入或者配置接收两条线段参数，根据接收参数求得线段与线段之间的位置关系并输出，可切换到结果界面查看输出信息（线段与线段之间的距离与两线段上各都任意取一点，距离最短时两线段上所取的点...
2025-06-18 09:41:43,657 - INFO - vector_db_operations:_create_vector_db:307 - 入库文档块 149/704 | 标题: D:\401385\zizi-1.5-5.6\markdown_files\mvp\MVP算法平台_ | 内容预览: <tr><td colspan="1">起点Y</td><td colspan="1">线段A起点Y坐标</td></tr>
<tr><td colspan="1">边长</td><td colspa...
2025-06-18 09:41:43,781 - INFO - vector_db_operations:_create_vector_db:307 - 入库文档块 150/704 | 标题: D:\401385\zizi-1.5-5.6\markdown_files\mvp\MVP算法平台_ | 内容预览: 视觉功能模块 > 测量 > 直线与圆距离

直线与圆距离算子从输入或者配置接收一条直线和一个圆参数，根据接收参数求得直线与圆之间的位置关系并输出，可切换到结果界面查看输出信息（直线与圆之间的距离与圆和...
2025-06-18 09:41:43,907 - INFO - vector_db_operations:_create_vector_db:307 - 入库文档块 151/704 | 标题: D:\401385\zizi-1.5-5.6\markdown_files\mvp\MVP算法平台_ | 内容预览: 视觉功能模块 > 测量 > 圆与圆距离

圆与圆距离算子从输入或者配置接收两个圆参数，根据接收参数求得圆与圆之间的位置关系并输出，可切换到结果界面查看输出信息（圆与圆之间的距离与两圆上都各任意取一点，...
2025-06-18 09:41:44,031 - INFO - vector_db_operations:_create_vector_db:307 - 入库文档块 152/704 | 标题: D:\401385\zizi-1.5-5.6\markdown_files\mvp\MVP算法平台_ | 内容预览: 视觉功能模块 > 测量 > 拟合线

拟合线算子从输入或者配置接收十个以内点参数，根据接收参数（输入点与添加点）和配置中设置的忽略点数来拟合线并输出，可切换到结果界面查看输出信息（拟合直线、RMS误差...
2025-06-18 09:41:44,155 - INFO - vector_db_operations:_create_vector_db:307 - 入库文档块 153/704 | 标题: D:\401385\zizi-1.5-5.6\markdown_files\mvp\MVP算法平台_ | 内容预览: 视觉功能模块 > 测量 > 拟合圆

拟合圆算子从输入或者配置接收十个以内点参数，根据接收参数和配置中设置的忽略点数来拟合圆并输出，可切换到结果界面查看输出信息（拟合圆、RMS误差）。  
1. 拟合...
2025-06-18 09:41:44,297 - INFO - vector_db_operations:_create_vector_db:307 - 入库文档块 154/704 | 标题: D:\401385\zizi-1.5-5.6\markdown_files\mvp\MVP算法平台_ | 内容预览: 视觉功能模块 > 测量 > 卡尺工具...
2025-06-18 09:41:44,407 - INFO - vector_db_operations:_create_vector_db:307 - 入库文档块 155/704 | 标题: D:\401385\zizi-1.5-5.6\markdown_files\mvp\MVP算法平台_ | 内容预览: 卡尺工具是一种测量目标对象的宽度、边缘的位置、特征或边缘对的位置和边缘对之间距离的视觉工具。卡尺工具在使用的时候，需要使用者提供期望测量或定位的大致区域、目标对象或边缘的特性等。可切换到结果界面查看输...
2025-06-18 09:41:44,531 - INFO - vector_db_operations:_create_vector_db:307 - 入库文档块 156/704 | 标题: D:\401385\zizi-1.5-5.6\markdown_files\mvp\MVP算法平台_ | 内容预览: |高斯半径（过滤一半像素）|<p>用于增强边缘和抑制噪声，最小值为1。</p><p></p><p>当边缘模糊或有噪声干扰时，增大该值使检测结果更加稳定，如果边缘与边缘之间挨得太近时会影响边缘位置的精度...
2025-06-18 09:41:44,611 - INFO - vector_db_operations:_create_vector_db:307 - 入库文档块 157/704 | 标题: D:\401385\zizi-1.5-5.6\markdown_files\mvp\MVP算法平台_ | 内容预览: 视觉功能模块 > 测量 > 平行线...
2025-06-18 09:41:44,719 - INFO - vector_db_operations:_create_vector_db:307 - 入库文档块 158/704 | 标题: D:\401385\zizi-1.5-5.6\markdown_files\mvp\MVP算法平台_ | 内容预览: 平行线算子从输入或者配置接受一条直线参数，根据接收参数和配置参数可求得与该直线平行的一条直线并输出，分为过某一点的平行线和与该直线相距长度的平行线两种模式，可切换到结果界面查看输出信息。  
1. 平...
2025-06-18 09:41:44,814 - INFO - vector_db_operations:_create_vector_db:307 - 入库文档块 159/704 | 标题: D:\401385\zizi-1.5-5.6\markdown_files\mvp\MVP算法平台_ | 内容预览: 点与直线垂线算子从输入或者配置接收一个点和一条直线参数，根据接收参数求得点与直线之间的位置关系并输出，可切换到结果界面查看输出信息（点与直线的垂线和垂线交点）。  
1. 点与直线垂线操作流程  
1...
2025-06-18 09:41:44,924 - INFO - vector_db_operations:_create_vector_db:307 - 入库文档块 160/704 | 标题: D:\401385\zizi-1.5-5.6\markdown_files\mvp\MVP算法平台_ | 内容预览: 视觉功能模块 > 识别 > 条形码...
2025-06-18 09:41:45,048 - INFO - vector_db_operations:_create_vector_db:307 - 入库文档块 161/704 | 标题: D:\401385\zizi-1.5-5.6\markdown_files\mvp\MVP算法平台_ | 内容预览: 条形码识别算法用于精确定位图片中一维码的位置并解析其包含的字符信息。算法平台支持解码类型包括CODE128、EAN-13、CODE39、EAN-8、CheckSumCODE39、UPCA、UPCE、I...
2025-06-18 09:41:45,175 - INFO - vector_db_operations:_create_vector_db:307 - 入库文档块 162/704 | 标题: D:\401385\zizi-1.5-5.6\markdown_files\mvp\MVP算法平台_ | 内容预览: |定位符极性|- 极性标志，分为白底黑码、黑底白码、任意。|  
UPCA码为一种特殊的EAN13码，即UPCA码为EAN13的子集。故勾选EAN13码时，也能识别出UPCA码。  
当勾选CODE3...
2025-06-18 09:41:45,317 - INFO - vector_db_operations:_create_vector_db:307 - 入库文档块 163/704 | 标题: D:\401385\zizi-1.5-5.6\markdown_files\mvp\MVP算法平台_ | 内容预览: <tr><td colspan="1">首个条形码结果</td><td colspan="2">第一个条形码的内容</td></tr>
</table>  
1. 输出参数  
|参数|说明|
| -...
2025-06-18 09:41:45,441 - INFO - vector_db_operations:_create_vector_db:307 - 入库文档块 164/704 | 标题: D:\401385\zizi-1.5-5.6\markdown_files\mvp\MVP算法平台_ | 内容预览: 视觉功能模块 > 识别 > 二维码...
2025-06-18 09:41:45,550 - INFO - vector_db_operations:_create_vector_db:307 - 入库文档块 165/704 | 标题: D:\401385\zizi-1.5-5.6\markdown_files\mvp\MVP算法平台_ | 内容预览: 二维码识别算法会对图像中的二维码进行定位并解码。  
1. 二维码操作流程  
算法平台软件支持解码类型包括：DM码、QR码、QR mode1码、MQR Code、PDF417 Code、DM ECC...
2025-06-18 09:41:45,628 - INFO - vector_db_operations:_create_vector_db:307 - 入库文档块 166/704 | 标题: D:\401385\zizi-1.5-5.6\markdown_files\mvp\MVP算法平台_ | 内容预览: <tr><td colspan="1">DM最小版本</td><td colspan="2">DM解码最小版本号，范围：1~30，默认值为30。</td></tr>
<tr><td colspan="...
2025-06-18 09:41:45,737 - INFO - vector_db_operations:_create_vector_db:307 - 入库文档块 167/704 | 标题: D:\401385\zizi-1.5-5.6\markdown_files\mvp\MVP算法平台_ | 内容预览: <tr><td colspan="1">质量评价</td><td colspan="2">二维码打印质量评价开关。</td></tr>
</table>  
\* 表示类型是一种解码模式，不能用作区分...
2025-06-18 09:41:45,860 - INFO - vector_db_operations:_create_vector_db:307 - 入库文档块 168/704 | 标题: D:\401385\zizi-1.5-5.6\markdown_files\mvp\MVP算法平台_ | 内容预览: </table>  
1. 配置结果  
|参数|说明|
| - | - |
|结果|检测结果|
|成功数量|检测成功数量|
|码的类型|二维码类型|
|角度|二维码旋转角度|
|质量|二维码的质量|...
2025-06-18 09:41:46,000 - INFO - vector_db_operations:_create_vector_db:307 - 入库文档块 169/704 | 标题: D:\401385\zizi-1.5-5.6\markdown_files\mvp\MVP算法平台_ | 内容预览: 视觉功能模块 > 识别 > 简版字符识别...
2025-06-18 09:41:46,126 - INFO - vector_db_operations:_create_vector_db:307 - 入库文档块 170/704 | 标题: D:\401385\zizi-1.5-5.6\markdown_files\mvp\MVP算法平台_ | 内容预览: 简版字符识别算子和字符识别算子一样可自定义训练模型，可根据模型进行字符识别。相较于字符识别算子，简版字符算别算子在模型训练时多了添加文字框的功能，若出现未识别的字符可增加文本框进行框选训练，目前可支持...
2025-06-18 09:41:46,235 - INFO - vector_db_operations:_create_vector_db:307 - 入库文档块 171/704 | 标题: D:\401385\zizi-1.5-5.6\markdown_files\mvp\MVP算法平台_ | 内容预览: |删除字符|选中字符样本后可删除字库中的字符|  
1. 输出参数  
|参数|说明|
| - | - |
|输出字符串数组|识别出的字符串数组内容|
|识别区域|识别出的字符信息（包括文本框，字符的...
2025-06-18 09:41:46,328 - INFO - vector_db_operations:_create_vector_db:307 - 入库文档块 172/704 | 标题: D:\401385\zizi-1.5-5.6\markdown_files\mvp\MVP算法平台_ | 内容预览: 视觉功能模块 > 识别 > VC码...
2025-06-18 09:41:46,437 - INFO - vector_db_operations:_create_vector_db:307 - 入库文档块 173/704 | 标题: D:\401385\zizi-1.5-5.6\markdown_files\mvp\MVP算法平台_ | 内容预览: VC码识别算法会对图像中的VC码进行定位并解码。  
1. VC码操作流程  
1. 参数配置  
<table><tr><th colspan="1">参数</th><th colspan="2">...
2025-06-18 09:41:46,548 - INFO - vector_db_operations:_create_vector_db:307 - 入库文档块 174/704 | 标题: D:\401385\zizi-1.5-5.6\markdown_files\mvp\MVP算法平台_ | 内容预览: <tr><td colspan="1">VC码最大版本号</td><td colspan="2">VC解码最大版本号，范围：1~20，默认值为6。</td></tr>
<tr><td colspan=...
2025-06-18 09:41:46,660 - INFO - vector_db_operations:_create_vector_db:307 - 入库文档块 175/704 | 标题: D:\401385\zizi-1.5-5.6\markdown_files\mvp\MVP算法平台_ | 内容预览: <tr><td colspan="1" rowspan="6">VC码输出信息</td><td colspan="1">读码信息[].位置</td><td colspan="1">VC码检测框的顶点坐...
2025-06-18 09:41:46,784 - INFO - vector_db_operations:_create_vector_db:307 - 入库文档块 176/704 | 标题: D:\401385\zizi-1.5-5.6\markdown_files\mvp\MVP算法平台_ | 内容预览: 视觉功能模块 > 深度学习 > 深度学习字符识别

基于深度学习的OCR识别技术，支持基于检测的识别方法及端到端的识别方法。  
- 自带基于检测的识别模型，支持字母数字及常用符号111个类别，网络输...
2025-06-18 09:41:46,895 - INFO - vector_db_operations:_create_vector_db:307 - 入库文档块 177/704 | 标题: D:\401385\zizi-1.5-5.6\markdown_files\mvp\MVP算法平台_ | 内容预览: 视觉功能模块 > 深度学习 > 深度学习检测

基于深度学习的检测技术，支持正矩形，旋转矩形的检测，用于通用目标识别或定位。  
1. 深度学习检测操作流程  
1. 配置参数  
|参数|范围|说明...
2025-06-18 09:41:47,023 - INFO - vector_db_operations:_create_vector_db:307 - 入库文档块 178/704 | 标题: D:\401385\zizi-1.5-5.6\markdown_files\mvp\MVP算法平台_ | 内容预览: 视觉功能模块 > 深度学习 > 深度学习分类

基于深度学习的分类技术，支持输入ROI部分图像分类，如像素分类算子或斑点工具检测到目标，可以连接分类算法获取缺陷OK/NG或者种类等。  
1. 深度学...
2025-06-18 09:41:47,133 - INFO - vector_db_operations:_create_vector_db:307 - 入库文档块 179/704 | 标题: D:\401385\zizi-1.5-5.6\markdown_files\mvp\MVP算法平台_ | 内容预览: 视觉功能模块 > 深度学习 > 深度学习语义分割

基于深度学习的像素分类技术，可以用于缺陷检测，实例分割，提取到缺陷区域后可以连接斑点工具检测出目标的位置，面积用于过滤分析。  
1. 深度学习像素...
2025-06-18 09:41:47,242 - INFO - vector_db_operations:_create_vector_db:307 - 入库文档块 180/704 | 标题: D:\401385\zizi-1.5-5.6\markdown_files\mvp\MVP算法平台_ | 内容预览: 视觉功能模块 > 深度学习 > 深度学习实例分割...
2025-06-18 09:41:47,367 - INFO - vector_db_operations:_create_vector_db:307 - 入库文档块 181/704 | 标题: D:\401385\zizi-1.5-5.6\markdown_files\mvp\MVP算法平台_ | 内容预览: 基于深度学习的实例分割技术，可以将图中的检测物体分割成多个小图，用于给深度学习分类进行分类。  
1. 深度学习实例分割流程  
1. 配置参数  
|**名称**|**范围**|**备注**|
| ...
2025-06-18 09:41:47,476 - INFO - vector_db_operations:_create_vector_db:307 - 入库文档块 182/704 | 标题: D:\401385\zizi-1.5-5.6\markdown_files\mvp\MVP算法平台_ | 内容预览: |缺陷背景差|范围[-255,255]|标签过滤为true时可见|
|最小分数|范围[0,100],默认为50|标签过滤为true时可见|  
1. <a name="_toc51594050"></...
2025-06-18 09:41:47,569 - INFO - vector_db_operations:_create_vector_db:307 - 入库文档块 183/704 | 标题: D:\401385\zizi-1.5-5.6\markdown_files\mvp\MVP算法平台_ | 内容预览: 视觉功能模块 > 逻辑控制 > 容器

和编程中的容器有同样的含义，算法平台的容器算子有两大功能，一个是将数据加入一个容器中，一个是将数据从一个容器中取出，容器目前支持所有算法平台包含的数据类型。  ...
2025-06-18 09:41:47,679 - INFO - vector_db_operations:_create_vector_db:307 - 入库文档块 184/704 | 标题: D:\401385\zizi-1.5-5.6\markdown_files\mvp\MVP算法平台_ | 内容预览: 视觉功能模块 > 逻辑控制 > 数学表达式...
2025-06-18 09:41:47,788 - INFO - vector_db_operations:_create_vector_db:307 - 入库文档块 185/704 | 标题: D:\401385\zizi-1.5-5.6\markdown_files\mvp\MVP算法平台_ | 内容预览: 数学表达式算子可以自己创建输入和输出参数，通过自定义表达式进行数学运行。  
目前仅支持Int、Real、Bool三种数据类型，目前数学表达式所支持的输入如下：  
- 二元运算符：加减乘除（+-\*...
2025-06-18 09:41:47,896 - INFO - vector_db_operations:_create_vector_db:307 - 入库文档块 186/704 | 标题: D:\401385\zizi-1.5-5.6\markdown_files\mvp\MVP算法平台_ | 内容预览: 判断条件？判断条件为true时使用的语句：判断条件为false时使用的语句  
两边结果类型应保持一致。为避免优先级问题，实际应用建议使用()?():()的形式。例如：  
(1==1)?(2):(3...
2025-06-18 09:41:48,021 - INFO - vector_db_operations:_create_vector_db:307 - 入库文档块 187/704 | 标题: D:\401385\zizi-1.5-5.6\markdown_files\mvp\MVP算法平台_ | 内容预览: 1. 参数值修改  
获得的结果为  
1. 结果  
数学表达式的输出变量(表达式)可以在配置界面的输出参数处直接设置或修改，如将相加修改为相减如下：  
1. 配置界面修改输出表达式  
InAd...
2025-06-18 09:41:48,145 - INFO - vector_db_operations:_create_vector_db:307 - 入库文档块 188/704 | 标题: D:\401385\zizi-1.5-5.6\markdown_files\mvp\MVP算法平台_ | 内容预览: 视觉功能模块 > 逻辑控制 > 顺序模块

顺序模块，可以将其理解为编程中的“函数”。在该模块中添加的算子，会顺序执行。如果所有的算子、连线全部在最外层的主流程展示，当工程较大、算子连线较多时会不易阅...
2025-06-18 09:41:48,270 - INFO - vector_db_operations:_create_vector_db:307 - 入库文档块 189/704 | 标题: D:\401385\zizi-1.5-5.6\markdown_files\mvp\MVP算法平台_ | 内容预览: 视觉功能模块 > 逻辑控制 > 循环模块

在循环模块内的算子可以循环执行。当工程进入循环模块以后，如果没有“循环退出节点”，则工程会一直在循环模块内部一直运行，直到达到循环次数才会结束运行；添加“循...
2025-06-18 09:41:48,396 - INFO - vector_db_operations:_create_vector_db:307 - 入库文档块 190/704 | 标题: D:\401385\zizi-1.5-5.6\markdown_files\mvp\MVP算法平台_ | 内容预览: 视觉功能模块 > 逻辑控制 > 循环退出节点

“循环退出节点”是一个特殊的算子，其内部无法添加其他算子，属于一个独立的算子。  
该算子只能添加到“循环模块”内部，用作运行退出“循环模块”去使用。...
2025-06-18 09:41:48,524 - INFO - vector_db_operations:_create_vector_db:307 - 入库文档块 191/704 | 标题: D:\401385\zizi-1.5-5.6\markdown_files\mvp\MVP算法平台_ | 内容预览: 视觉功能模块 > 逻辑控制 > 分支节点

节点类似编程语言中的switch语句，可以创建多个分支条件，当输入参数满足某一个分支条件时，会进入某一个特定分支，执行相应的操作。  
输入参数  
|参数...
2025-06-18 09:41:48,616 - INFO - vector_db_operations:_create_vector_db:307 - 入库文档块 192/704 | 标题: D:\401385\zizi-1.5-5.6\markdown_files\mvp\MVP算法平台_ | 内容预览: 视觉功能模块 > 逻辑控制 > 读全局变量

全局变量主要用于在程序的多个不同位置使用，比如不同的流程和分支节点，实现跨流程、跨节点的数据交互，可以在软件的任何位置都可以读取或者写入全局变量的值。读全...
2025-06-18 09:41:48,726 - INFO - vector_db_operations:_create_vector_db:307 - 入库文档块 193/704 | 标题: D:\401385\zizi-1.5-5.6\markdown_files\mvp\MVP算法平台_ | 内容预览: 视觉功能模块 > 逻辑控制 > 写全局变量

“写全局变量”算子与“读全局变量”算子功能类似，可创建全局变量并且方法与“读全局变量”算子相同，“写全局变量”算子主要是写入全局变量的值，也是目前能够修改...
2025-06-18 09:41:48,836 - INFO - vector_db_operations:_create_vector_db:307 - 入库文档块 194/704 | 标题: D:\401385\zizi-1.5-5.6\markdown_files\mvp\MVP算法平台_ | 内容预览: 视觉功能模块 > 逻辑控制 > 读数据队列

数据队列主要用于在程序的多个不同位置使用，比如不同的流程和分支节点，实现跨流程、跨节点的数据交互，可以在软件的任何位置都可以读取或者写入数据队列的值。读数...
2025-06-18 09:41:48,944 - INFO - vector_db_operations:_create_vector_db:307 - 入库文档块 195/704 | 标题: D:\401385\zizi-1.5-5.6\markdown_files\mvp\MVP算法平台_ | 内容预览: 视觉功能模块 > 逻辑控制 > 写数据队列

数据队列主要用于在程序的多个不同位置使用，比如不同的流程和分支节点，实现跨流程、跨节点的数据交互，可以在软件的任何位置都可以读取或者写入数据队列的值。写数...
2025-06-18 09:41:49,068 - INFO - vector_db_operations:_create_vector_db:307 - 入库文档块 196/704 | 标题: D:\401385\zizi-1.5-5.6\markdown_files\mvp\MVP算法平台_ | 内容预览: 视觉功能模块 > 通讯 > 串口配置

串口配置用于打开并设置计算机串口，将得到的句柄即编号传给报文发送和接收类算子。  
上述算子利用串口配置算子打开的串口实现报文的发送和解析。  
串口配置需要和...
2025-06-18 09:41:49,177 - INFO - vector_db_operations:_create_vector_db:307 - 入库文档块 197/704 | 标题: D:\401385\zizi-1.5-5.6\markdown_files\mvp\MVP算法平台_ | 内容预览: 视觉功能模块 > 通讯 > 网络配置

网络配置用于打开并设置计算机网络，将得到的句柄传给报文发送和接收类算子。  
上述算子利用网络配置算子打开的网口实现报文的发送和解析。  
网络配置必须与发送或...
2025-06-18 09:41:49,302 - INFO - vector_db_operations:_create_vector_db:307 - 入库文档块 198/704 | 标题: D:\401385\zizi-1.5-5.6\markdown_files\mvp\MVP算法平台_ | 内容预览: 视觉功能模块 > 通讯 > 报文发送

报文发送利用Python脚本将发送内容组合成报文并将其通过串口或网络发送给其他设备或软件。  
1. 编辑脚本，将发送的值组合成报文的形式。
1. 选择该脚本。...
2025-06-18 09:41:49,410 - INFO - vector_db_operations:_create_vector_db:307 - 入库文档块 199/704 | 标题: D:\401385\zizi-1.5-5.6\markdown_files\mvp\MVP算法平台_ | 内容预览: 视觉功能模块 > 通讯 > 报文接收

报文接收利用Python脚本将发送内容组合成报文，通过串口或网络发送给其他设备或软件。  
1. 编辑脚本，将接受的报文解析成值。
1. 选择该脚本。
1. 将...
2025-06-18 09:41:49,533 - INFO - vector_db_operations:_create_vector_db:307 - 入库文档块 200/704 | 标题: D:\401385\zizi-1.5-5.6\markdown_files\mvp\MVP算法平台_ | 内容预览: 视觉功能模块 > 通讯 > 报文发送（参数可配）

报文发送（参数可配）通过预先定义的协议格式发送数据到外部设备或外部软件。  
操作流程  
1. 正常添加网络配置或串口配置和报文发送（参数可配）算...
2025-06-18 09:43:13,547 - DEBUG - vector_db_operations:_create_vector_db:329 - 向量库初始化 | 批次: 2 | 文档数: 100
2025-06-18 09:43:13,627 - INFO - vector_db_operations:_create_vector_db:307 - 入库文档块 201/704 | 标题: D:\401385\zizi-1.5-5.6\markdown_files\mvp\MVP算法平台_ | 内容预览: 视觉功能模块 > 通讯 > 报文接收（参数可配）

报文接收（参数可配）通过预先定义的协议格式，将接收到的报文解析作为特定的值，并输出给其他算子使用。  
操作流程  
1. 添加网络配置或串口配置和...
2025-06-18 09:43:13,736 - INFO - vector_db_operations:_create_vector_db:307 - 入库文档块 202/704 | 标题: D:\401385\zizi-1.5-5.6\markdown_files\mvp\MVP算法平台_ | 内容预览: 视觉功能模块 > 通讯 > FTP客户端

连接FTP服务器，保存图片或者文件到FTP服务器指定路径下。  
1. 设置FTP服务器ip地址，端口（系统默认21），用户名，密码和路径。
1. FTP客...
2025-06-18 09:43:13,862 - INFO - vector_db_operations:_create_vector_db:307 - 入库文档块 203/704 | 标题: D:\401385\zizi-1.5-5.6\markdown_files\mvp\MVP算法平台_ | 内容预览: 视觉功能模块 > 通讯 > 发送ASCII码...
2025-06-18 09:43:13,973 - INFO - vector_db_operations:_create_vector_db:307 - 入库文档块 204/704 | 标题: D:\401385\zizi-1.5-5.6\markdown_files\mvp\MVP算法平台_ | 内容预览: 该算子用于发送ASCII类型的字符。  
1. 输入起始符，分隔符和终止符。
1. 设置起始符终止符  
1. 配置界面参数说明  
|参数|说明|
| - | - |
|句柄|订阅串口或网络的句柄|...
2025-06-18 09:43:14,114 - INFO - vector_db_operations:_create_vector_db:307 - 入库文档块 205/704 | 标题: D:\401385\zizi-1.5-5.6\markdown_files\mvp\MVP算法平台_ | 内容预览: |类型False|自定义输入框，Bool型数据接收到False值时发送的内容|
|方形选框|选中则”格式”显示为接收到True值时发送的预览内容，不选中则”格式”显示为接收到False值时发送的预览内...
2025-06-18 09:43:14,224 - INFO - vector_db_operations:_create_vector_db:307 - 入库文档块 206/704 | 标题: D:\401385\zizi-1.5-5.6\markdown_files\mvp\MVP算法平台_ | 内容预览: - 固定长度为5，不勾选强制符号->格式显示为-0123
- 固定长度为5，勾选强制符号->格式显示为-0123
- 固定长度为2，不勾选强制符号->格式显示为23
- 固定长度为2，勾选强制符号->...
2025-06-18 09:43:14,334 - INFO - vector_db_operations:_create_vector_db:307 - 入库文档块 207/704 | 标题: D:\401385\zizi-1.5-5.6\markdown_files\mvp\MVP算法平台_ | 内容预览: - 不固定长度，勾选强制符号，小数位数设为2->格式显示为+12.35
- 固定长度为8，不勾选强制符号，小数位数设为3->格式显示为0012.345
- 固定长度为8，勾选强制符号，小数位数设为3-...
2025-06-18 09:43:14,459 - INFO - vector_db_operations:_create_vector_db:307 - 入库文档块 208/704 | 标题: D:\401385\zizi-1.5-5.6\markdown_files\mvp\MVP算法平台_ | 内容预览: - 不固定长度，勾选强制符号，小数位数设为2->格式显示为-2.35
- 固定长度为8，不勾选强制符号，小数位数设为3->格式显示为-002.345
- 固定长度为8，勾选强制符号，小数位数设为3->...
2025-06-18 09:43:14,568 - INFO - vector_db_operations:_create_vector_db:307 - 入库文档块 209/704 | 标题: D:\401385\zizi-1.5-5.6\markdown_files\mvp\MVP算法平台_ | 内容预览: - 固定长度为2->格式显示为st
- 固定长度为10->格式显示为string
1. 配置好数据后点击确定，配置好的数据会显示在算子上，输入参数与上级算子相连，inHandle与网络配置或者串口配置...
2025-06-18 09:43:14,693 - INFO - vector_db_operations:_create_vector_db:307 - 入库文档块 210/704 | 标题: D:\401385\zizi-1.5-5.6\markdown_files\mvp\MVP算法平台_ | 内容预览: 视觉功能模块 > 通讯 > 接收ASCII码...
2025-06-18 09:43:14,787 - INFO - vector_db_operations:_create_vector_db:307 - 入库文档块 211/704 | 标题: D:\401385\zizi-1.5-5.6\markdown_files\mvp\MVP算法平台_ | 内容预览: 用于接收ASCII的字符。  
1. 输入起始符，分隔符和终止符。
1. 配置界面  
1. 配置界面参数说明  
|参数|说明|
| - | - |
|句柄|订阅串口或网络的句柄|
|起始符|接收数...
2025-06-18 09:43:14,912 - INFO - vector_db_operations:_create_vector_db:307 - 入库文档块 212/704 | 标题: D:\401385\zizi-1.5-5.6\markdown_files\mvp\MVP算法平台_ | 内容预览: 1. 输出参数说明  
|参数|说明|
| - | - |
|在数据配置时配置的参数|在数据配置处配置好的数据点击确定后会显示在算子上，可与下级参数连线将接收到的值传递给下级算子|  
若数据配置如下...
2025-06-18 09:43:15,004 - INFO - vector_db_operations:_create_vector_db:307 - 入库文档块 213/704 | 标题: D:\401385\zizi-1.5-5.6\markdown_files\mvp\MVP算法平台_ | 内容预览: 视觉功能模块 > 通讯 > 相机IO...
2025-06-18 09:43:15,131 - INFO - vector_db_operations:_create_vector_db:307 - 入库文档块 214/704 | 标题: D:\401385\zizi-1.5-5.6\markdown_files\mvp\MVP算法平台_ | 内容预览: 相机IO用于通过相机直接输出bool 变量。“相机IO”算子可以控制相机输出电压的高低。  
相机与工装板连接，关于连接线序和方法，参考相机使用手册。  
1. <a name="_toc515940...
2025-06-18 09:43:15,227 - INFO - vector_db_operations:_create_vector_db:307 - 入库文档块 215/704 | 标题: D:\401385\zizi-1.5-5.6\markdown_files\mvp\MVP算法平台_ | 内容预览: 因此可以看出该相机可作为输出通道的有line0和line2。  
- 若期望在相机IO处输出通道0，则需将line0的lineSource选为UserOutput。
1. MV line0输出设置  ...
2025-06-18 09:43:15,353 - INFO - vector_db_operations:_create_vector_db:307 - 入库文档块 216/704 | 标题: D:\401385\zizi-1.5-5.6\markdown_files\mvp\MVP算法平台_ | 内容预览: 关于所连接的工装板的指示灯的亮暗现象说明：  
以工装板的指示灯收到LineStatus状态为True时为暗，False时为亮这种策略为例作为说明，若策略相反则现象相反。  
在MV上通过LineIn...
2025-06-18 09:43:15,478 - INFO - vector_db_operations:_create_vector_db:307 - 入库文档块 217/704 | 标题: D:\401385\zizi-1.5-5.6\markdown_files\mvp\MVP算法平台_ | 内容预览: 视觉功能模块 > 通讯 > FINS协议算子...
2025-06-18 09:43:15,605 - INFO - vector_db_operations:_create_vector_db:307 - 入库文档块 218/704 | 标题: D:\401385\zizi-1.5-5.6\markdown_files\mvp\MVP算法平台_ | 内容预览: FINS协议是报文发送与接收的一种通讯协议。
1. #### FINS握手
1. 调用FINS握手算子。
1. 连接算子的inHandle与网络配置的outSocketHandle  
步骤3  运行...
2025-06-18 09:43:15,748 - INFO - vector_db_operations:_create_vector_db:307 - 入库文档块 219/704 | 标题: D:\401385\zizi-1.5-5.6\markdown_files\mvp\MVP算法平台_ | 内容预览: 1. Fins写入算配置参数  
|参数|说明|
| - | - |
|Fins句柄|订阅Fins握手的句柄|
|寄存器类型|目前支持DM和W寄存器|
|起始位置|读取数据的初始位置|
|超时|超时时...
2025-06-18 09:43:15,858 - INFO - vector_db_operations:_create_vector_db:307 - 入库文档块 220/704 | 标题: D:\401385\zizi-1.5-5.6\markdown_files\mvp\MVP算法平台_ | 内容预览: 视觉功能模块 > 通讯 > Snap7协议算子

Snap7是用于与西门子plc通讯的协议，主要用于西门子S7-1200/S7-1500系列plc。
1. #### Snap7连接
1. 设置连接pl...
2025-06-18 09:43:15,954 - INFO - vector_db_operations:_create_vector_db:307 - 入库文档块 221/704 | 标题: D:\401385\zizi-1.5-5.6\markdown_files\mvp\MVP算法平台_ | 内容预览: 视觉功能模块 > 辅助工具 > 保存图片

自由选择路径保存算法处理后的图片。主要将inImage参数和带有outImage参数的算子连线，将算子处理结果图片保存到目标路径下。  
1. 保存图片操作...
2025-06-18 09:43:16,095 - INFO - vector_db_operations:_create_vector_db:307 - 入库文档块 222/704 | 标题: D:\401385\zizi-1.5-5.6\markdown_files\mvp\MVP算法平台_ | 内容预览: 视觉功能模块 > 辅助工具 > Python脚本...
2025-06-18 09:43:16,204 - INFO - vector_db_operations:_create_vector_db:307 - 入库文档块 223/704 | 标题: D:\401385\zizi-1.5-5.6\markdown_files\mvp\MVP算法平台_ | 内容预览: Python脚本是当MVP已有算子不能满足需求时，可以通过执行用户自定义python脚本逻辑来工作的特殊算子。  
脚本编写规则参考示例脚本代码。  
参数、函数说明：  
1. 参数说明  
|**...
2025-06-18 09:43:16,299 - INFO - vector_db_operations:_create_vector_db:307 - 入库文档块 224/704 | 标题: D:\401385\zizi-1.5-5.6\markdown_files\mvp\MVP算法平台_ | 内容预览: |MatchToInspect|模板匹配输出至模板比对|
|RectAngle|带角度的矩形类型|
|DeepLearningDetect|深度学习缺陷检测结果|
|DeepLearningDetec...
2025-06-18 09:43:16,407 - INFO - vector_db_operations:_create_vector_db:307 - 入库文档块 225/704 | 标题: D:\401385\zizi-1.5-5.6\markdown_files\mvp\MVP算法平台_ | 内容预览: 1. 选择脚本  
Python脚本基本内容介绍：  
- ``脚本内容介绍。
1. 脚本基本内容介绍  
- 引用第三方库介绍：  
将py库放在MVP安装目录下的\Application\win6...
2025-06-18 09:43:16,517 - INFO - vector_db_operations:_create_vector_db:307 - 入库文档块 226/704 | 标题: D:\401385\zizi-1.5-5.6\markdown_files\mvp\MVP算法平台_ | 内容预览: 视觉功能模块 > 辅助工具 > C#脚本...
2025-06-18 09:43:16,627 - INFO - vector_db_operations:_create_vector_db:307 - 入库文档块 227/704 | 标题: D:\401385\zizi-1.5-5.6\markdown_files\mvp\MVP算法平台_ | 内容预览: C#脚本算子支持用户自定义编写c#脚本，创建指定输入参数与输出参数，动态编译脚本以及运行脚本。  
1. 输入/输出参数说明  
|输入 / 输出参数|说明|
| - | - |
|Int32|整数，...
2025-06-18 09:43:16,738 - INFO - vector_db_operations:_create_vector_db:307 - 入库文档块 228/704 | 标题: D:\401385\zizi-1.5-5.6\markdown_files\mvp\MVP算法平台_ | 内容预览: |DeepLearningClassify|深度学习分类识别结果|
|Cross2DFPA|十字星点带方向|
|DeepLearningDetectArray|深度学习缺陷检测结果数组|
|DeepL...
2025-06-18 09:43:16,847 - INFO - vector_db_operations:_create_vector_db:307 - 入库文档块 229/704 | 标题: D:\401385\zizi-1.5-5.6\markdown_files\mvp\MVP算法平台_ | 内容预览: 仅支持 .cs文件。  
1. 导入功能使用流程  
1. 编辑/导入C#脚本。
1. 编写C#脚本步骤  
1. 设置参数值以及删除参数  
编译功能  
在编译之前，请先编写或导入C#脚本文件。 ...
2025-06-18 09:43:16,969 - INFO - vector_db_operations:_create_vector_db:307 - 入库文档块 230/704 | 标题: D:\401385\zizi-1.5-5.6\markdown_files\mvp\MVP算法平台_ | 内容预览: 视觉功能模块 > 辅助工具 > 统计功能

统计功能算子从输入接收一个布尔值，根据这个接收的参数统计算子执行的成功次数、失败次数及成功率。  
1. 统计功能操作流程  
1. 统计算子结果输出  
...
2025-06-18 09:43:17,080 - INFO - vector_db_operations:_create_vector_db:307 - 入库文档块 231/704 | 标题: D:\401385\zizi-1.5-5.6\markdown_files\mvp\MVP算法平台_ | 内容预览: 视觉功能模块 > 辅助工具 > 结果显示

结果显示算子接收别的算子输出的点、线、圆等参数，然后将这些来自不同算子的图形绘制在图像上。  
1. 结果显示操作流程  
1. 支持参数类型  
|参数|...
2025-06-18 09:43:17,172 - INFO - vector_db_operations:_create_vector_db:307 - 入库文档块 232/704 | 标题: D:\401385\zizi-1.5-5.6\markdown_files\mvp\MVP算法平台_ | 内容预览: 视觉功能模块 > 辅助工具 > 指定输出

用于输出指定的类型的数值。  
1. 选择数值类型。
1. 选择数值类型  
1. 输入输出的值。...
2025-06-18 09:43:17,266 - INFO - vector_db_operations:_create_vector_db:307 - 入库文档块 233/704 | 标题: D:\401385\zizi-1.5-5.6\markdown_files\mvp\MVP算法平台_ | 内容预览: 视觉功能模块 > 辅助工具 > 延时

延时算子从配置中接收一个数值x，根据这个数值等待x毫秒。  
添加延时算子，在配置界面配置需要延时等待的毫秒数后，单次运行。  
延时算子只有配置参数时间，用来...
2025-06-18 09:43:17,376 - INFO - vector_db_operations:_create_vector_db:307 - 入库文档块 234/704 | 标题: D:\401385\zizi-1.5-5.6\markdown_files\mvp\MVP算法平台_ | 内容预览: 视觉功能模块 > 辅助工具 > 虚拟键盘

虚拟键盘算子可在运行下向外部鼠标光标所在位置输入指定的字符串文字。  
1. 虚拟键盘操作流程  
1. 配置参数  
|参数|说明|
| - | - |
...
2025-06-18 09:43:17,484 - INFO - vector_db_operations:_create_vector_db:307 - 入库文档块 235/704 | 标题: D:\401385\zizi-1.5-5.6\markdown_files\mvp\MVP算法平台_ | 内容预览: 视觉功能模块 > 辅助工具 > 条件判断

条件判断算子是对输入参数分别进行值评估，然后根据判断方式，对各个值进行综合判断，最终输出综合判断结果。（类似于if判断逻辑）  
1. 条件判断操作流程  ...
2025-06-18 09:43:17,594 - INFO - vector_db_operations:_create_vector_db:307 - 入库文档块 236/704 | 标题: D:\401385\zizi-1.5-5.6\markdown_files\mvp\MVP算法平台_ | 内容预览: 视觉功能模块 > 机械臂工具 > 位置计算

- **算子说明**  
位置计算算子主要用于机械臂定位抓取、抓取偏移补正、定位放置。  
1. 输出参数  
|**算子输出**|**描述**|**说明...
2025-06-18 09:43:17,703 - INFO - vector_db_operations:_create_vector_db:307 - 入库文档块 237/704 | 标题: D:\401385\zizi-1.5-5.6\markdown_files\mvp\MVP算法平台_ | 内容预览: 视觉功能模块 > 检测工具 > 直线检测...
2025-06-18 09:43:17,811 - INFO - vector_db_operations:_create_vector_db:307 - 入库文档块 238/704 | 标题: D:\401385\zizi-1.5-5.6\markdown_files\mvp\MVP算法平台_ | 内容预览: 检测工件产品直线部分的缺陷，缺陷类型有毛刺、崩边、遮挡，缺陷信息包括1）缺陷数量、2）缺陷外接矩形 3）缺陷面积、4）缺陷长度、5）缺陷类型、6）缺陷起、止卡尺索引。  
- 图像界面  
参数设置：...
2025-06-18 09:43:17,936 - INFO - vector_db_operations:_create_vector_db:307 - 入库文档块 239/704 | 标题: D:\401385\zizi-1.5-5.6\markdown_files\mvp\MVP算法平台_ | 内容预览: |极性|<p>范围：[白底黑工件，黑底白工件]，</p><p>默认：白底黑工件</p>||
|直线模式|<p>范围：[期望直线，拟合直线]</p><p>默认：期望直线</p>|<p>期望直线：使用ex...
2025-06-18 09:43:18,031 - INFO - vector_db_operations:_create_vector_db:307 - 入库文档块 240/704 | 标题: D:\401385\zizi-1.5-5.6\markdown_files\mvp\MVP算法平台_ | 内容预览: 自定义界面 > 功能概述

一些用户追求软件界面直观明了，交互简洁方便，而自定义界面就可以根据用户的需求与喜好来制定界面。...
2025-06-18 09:43:18,140 - INFO - vector_db_operations:_create_vector_db:307 - 入库文档块 241/704 | 标题: D:\401385\zizi-1.5-5.6\markdown_files\mvp\MVP算法平台_ | 内容预览: 自定义界面 > 图像控件

图像控件可以通过数据源绑定，来显示算子的图像。  
1. 图像控件预览界面  
1. 图像控件属性类型  
|属性类型|属性设置|
| - | - |
|位置|控件位置坐标...
2025-06-18 09:43:18,250 - INFO - vector_db_operations:_create_vector_db:307 - 入库文档块 242/704 | 标题: D:\401385\zizi-1.5-5.6\markdown_files\mvp\MVP算法平台_ | 内容预览: 自定义界面 > 图片控件

通过选择图片路径显示图片，图片有不缩放、填充、按比例缩放和按比例填充四种显示方式，四种显示效果如下图。  
1. 图片控件预览界面  
1. 图片控件属性类型  
|属性类...
2025-06-18 09:43:18,374 - INFO - vector_db_operations:_create_vector_db:307 - 入库文档块 243/704 | 标题: D:\401385\zizi-1.5-5.6\markdown_files\mvp\MVP算法平台_ | 内容预览: 自定义界面 > 运行控制控件

控制整个工程或者单个流程的单次运行、连续运行和停止。  
1. 运行控制功能预览界面（连续运行）  
1. 运行控制控件属性类型  
|属性类型|属性设置|
| - |...
2025-06-18 09:43:18,483 - INFO - vector_db_operations:_create_vector_db:307 - 入库文档块 244/704 | 标题: D:\401385\zizi-1.5-5.6\markdown_files\mvp\MVP算法平台_ | 内容预览: 自定义界面 > 运行状态控件

显示流程或者整个工程的运行状态。  
1. 运行状态功能预览界面
**  
1. 运行状态控件属性类型  
|属性类型|属性设置|
| - | - |
|位置|控件位置...
2025-06-18 09:43:18,561 - INFO - vector_db_operations:_create_vector_db:307 - 入库文档块 245/704 | 标题: D:\401385\zizi-1.5-5.6\markdown_files\mvp\MVP算法平台_ | 内容预览: 自定义界面 > OK/NG控件

通过绑定数据源，如果绑定数据源为true则显示为OK样式下的按钮，为false则显示为NG下的按钮。  
1. OK/NG功能预览界面  
1. OK/NG控件属性类...
2025-06-18 09:43:18,669 - INFO - vector_db_operations:_create_vector_db:307 - 入库文档块 246/704 | 标题: D:\401385\zizi-1.5-5.6\markdown_files\mvp\MVP算法平台_ | 内容预览: 自定义界面 > OK/NG指示灯

通过绑定数据源，如果绑定数据源为true则显示为OK样式下的指示灯，为false则显示为NG下的指示灯。  
2. OK/NG指示灯功能预览界面  
3. OK/N...
2025-06-18 09:43:18,779 - INFO - vector_db_operations:_create_vector_db:307 - 入库文档块 247/704 | 标题: D:\401385\zizi-1.5-5.6\markdown_files\mvp\MVP算法平台_ | 内容预览: 自定义界面 > 文本显示

显示当前绑定数据源的文本信息。  
1. 文本显示功能预览界面  
1. 文本显示控件属性类型  
|属性类型|属性设置|
| - | - |
|位置|控件位置坐标|
|尺...
2025-06-18 09:43:18,903 - INFO - vector_db_operations:_create_vector_db:307 - 入库文档块 248/704 | 标题: D:\401385\zizi-1.5-5.6\markdown_files\mvp\MVP算法平台_ | 内容预览: 自定义界面 > 按钮

通过设置按钮功能，达到设置算子配置、打开工程、保存工程、写全局变量、运行一次、打开路径、选择文件、用户切换功能。  
1. 按钮功能预览界面（按钮功能选择算子配置）  
1. ...
2025-06-18 09:43:19,013 - INFO - vector_db_operations:_create_vector_db:307 - 入库文档块 249/704 | 标题: D:\401385\zizi-1.5-5.6\markdown_files\mvp\MVP算法平台_ | 内容预览: 自定义界面 > 开关

通过绑定具有开关的算子配置，来自定义界面实现控制算子开关的功能。  
1. 开关控件属性类型  
|属性类型|属性设置|
| - | - |
|位置|控件位置坐标|
|尺寸|控...
2025-06-18 09:43:19,123 - INFO - vector_db_operations:_create_vector_db:307 - 入库文档块 250/704 | 标题: D:\401385\zizi-1.5-5.6\markdown_files\mvp\MVP算法平台_ | 内容预览: 自定义界面 > 下拉框

通过绑定数据源，修改算子的输入参数（支持int、double、string类型）。  
1. 下拉框功能预览界面  
1. 下拉框控件属性类型  
|属性类型|属性设置|
|...
2025-06-18 09:43:19,250 - INFO - vector_db_operations:_create_vector_db:307 - 入库文档块 251/704 | 标题: D:\401385\zizi-1.5-5.6\markdown_files\mvp\MVP算法平台_ | 内容预览: 自定义界面 > 参数设置

通过绑定算子的输入参数作为数据源，来使用此控件来设置输入参数，支持int类型和double类型的输入参数，例如设置生成圆的半径。  
1. 参数设置功能预览界面  
1. ...
2025-06-18 09:43:19,373 - INFO - vector_db_operations:_create_vector_db:307 - 入库文档块 252/704 | 标题: D:\401385\zizi-1.5-5.6\markdown_files\mvp\MVP算法平台_ | 内容预览: 自定义界面 > 文本输入

通过绑定数据，显示绑定数据的文本信息。  
1. 文本输入功能预览界面  
1. 文本输入控件属性类型  
|属性类型|属性设置|
| - | - |
|位置|控件位置坐标...
2025-06-18 09:43:19,482 - INFO - vector_db_operations:_create_vector_db:307 - 入库文档块 253/704 | 标题: D:\401385\zizi-1.5-5.6\markdown_files\mvp\MVP算法平台_ | 内容预览: 自定义界面 > 表格

通过绑定数据，以表格的形式显示当前数据，每运行一次会根据绑定的数据进行刷新表格，比如可用于展示每次检测的各个缺陷的个数等。  
1. 表格功能预览界面  
1. 表格控件属性类...
2025-06-18 09:43:19,576 - INFO - vector_db_operations:_create_vector_db:307 - 入库文档块 254/704 | 标题: D:\401385\zizi-1.5-5.6\markdown_files\mvp\MVP算法平台_ | 内容预览: 自定义界面 > 柱状图...
2025-06-18 09:43:19,699 - INFO - vector_db_operations:_create_vector_db:307 - 入库文档块 255/704 | 标题: D:\401385\zizi-1.5-5.6\markdown_files\mvp\MVP算法平台_ | 内容预览: 通过绑定数据，以长方形的长度为变量的统计图表显示当前数据统计值，比如可用于各类缺陷总数统计等，当某次运行后，柱状图某个标签对应的数据源未产生有效值时，针对这个标签用数值0进行绘制。  
1. 柱状图功...
2025-06-18 09:43:19,795 - INFO - vector_db_operations:_create_vector_db:307 - 入库文档块 256/704 | 标题: D:\401385\zizi-1.5-5.6\markdown_files\mvp\MVP算法平台_ | 内容预览: <tr><td colspan="1">自适应最大值</td></tr>
<tr><td colspan="1">最小值（刻度最小值）</td></tr>
<tr><td colspan="1">自适...
2025-06-18 09:43:19,919 - INFO - vector_db_operations:_create_vector_db:307 - 入库文档块 257/704 | 标题: D:\401385\zizi-1.5-5.6\markdown_files\mvp\MVP算法平台_ | 内容预览: 自定义界面 > 折线图...
2025-06-18 09:43:20,042 - INFO - vector_db_operations:_create_vector_db:307 - 入库文档块 258/704 | 标题: D:\401385\zizi-1.5-5.6\markdown_files\mvp\MVP算法平台_ | 内容预览: 通过绑定数据，可以显示随执行次数而变化的连续数据，因此非常适用于显示在相等时间间隔下数据的趋势，比如可用于边缘长度测量数据的秩序变换。  
1. 折线图功能预览界面  
1. 折线图控件属性类型  
...
2025-06-18 09:43:20,181 - INFO - vector_db_operations:_create_vector_db:307 - 入库文档块 259/704 | 标题: D:\401385\zizi-1.5-5.6\markdown_files\mvp\MVP算法平台_ | 内容预览: <tr><td colspan="1">自适应最大值</td></tr>
<tr><td colspan="1">最小值（刻度最小值）</td></tr>
<tr><td colspan="1">自适...
2025-06-18 09:43:20,304 - INFO - vector_db_operations:_create_vector_db:307 - 入库文档块 260/704 | 标题: D:\401385\zizi-1.5-5.6\markdown_files\mvp\MVP算法平台_ | 内容预览: 自定义界面 > 饼状图

通过绑定数据，以一个圆形区域划分为多个子区域，用于展示数据的占比关系。比如用于缺陷检测的缺陷类型统计。  
1. 饼状图功能预览界面  
1. 饼状图控件属性类型  
<ta...
2025-06-18 09:43:20,428 - INFO - vector_db_operations:_create_vector_db:307 - 入库文档块 261/704 | 标题: D:\401385\zizi-1.5-5.6\markdown_files\mvp\MVP算法平台_ | 内容预览: 自定义界面 > 子界面

通过子界面按钮，按下子界面按钮弹出子界面。  
1. 子界面功能预览界面  
1. 子界面控件属性类型  
|属性类型|属性设置|
| - | - |
|位置|控件位置坐标|...
2025-06-18 09:43:20,536 - INFO - vector_db_operations:_create_vector_db:307 - 入库文档块 262/704 | 标题: D:\401385\zizi-1.5-5.6\markdown_files\mvp\MVP算法平台_ | 内容预览: 案例展示

1. ## 定位打孔-钣金打螺丝
案例效果：定位孔洞  
方案搭建思路。  
- 通过模板匹配粗定位螺丝孔在图像中的位置。
- 再通过找圆定位螺丝孔的精确位置。
- 得到螺丝孔的坐标后将其...
2025-06-18 09:43:20,673 - INFO - vector_db_operations:_create_vector_db:307 - 入库文档块 263/704 | 标题: D:\401385\zizi-1.5-5.6\markdown_files\mvp\MVP算法平台_ | 内容预览: 案例展示 > 商标声明

- VGA是IBM公司的商标。
- Windows标识和Windows是微软公司的商标或注册商标。
- 在本文档中可能提及的其他商标或公司的名称，由其各自所有者拥有。...
2025-06-18 09:43:20,796 - INFO - vector_db_operations:_create_vector_db:307 - 入库文档块 264/704 | 标题: D:\401385\zizi-1.5-5.6\markdown_files\mvp\MVP算法平台_ | 内容预览: 案例展示 > 责任声明

- 在适用法律允许的范围内，在任何情况下，本公司都不对因本文档中相关内容及描述的产品而产生任何特殊的、附随的、间接的、继发性的损害进行赔偿，也不对任何利润、数据、商誉、文档丢...
2025-06-18 09:43:20,906 - INFO - vector_db_operations:_create_vector_db:307 - 入库文档块 265/704 | 标题: D:\401385\zizi-1.5-5.6\markdown_files\mvp\MVP算法平台_ | 内容预览: 案例展示 > 隐私保护提醒

您安装了我们的产品，您可能会采集人脸、指纹、车牌、邮箱、电话、GPS等个人信息。在使用产品过程中，您需要遵守所在地区或国家的隐私保护法律法规要求，保障他人的合法权益。如，...
2025-06-18 09:43:21,014 - INFO - vector_db_operations:_create_vector_db:307 - 入库文档块 266/704 | 标题: D:\401385\zizi-1.5-5.6\markdown_files\mvp\MVP算法平台_ | 内容预览: 案例展示 > 关于本文档

- 本文档供多个型号产品使用，产品外观和功能请以实物为准。
- 如果不按照本文档中的指导进行操作而造成的任何损失由使用方自己承担。
- 本文档会实时根据相关地区的法律法规更...
2025-06-18 09:43:21,141 - INFO - vector_db_operations:_create_vector_db:307 - 入库文档块 267/704 | 标题: D:\401385\zizi-1.5-5.6\markdown_files\mvp\MVP算法平台_ | 内容预览: 案例展示 > 安全声明

- 若您将产品接入互联网需自担风险，包括但不限于可能遭受网络攻击、黑客攻击、病毒感染等，请您加强网络、设备数据和个人信息等的保护，采取保障设备网络安全的必要措施，包括但不限于...
2025-06-18 09:43:21,251 - INFO - vector_db_operations:_create_vector_db:307 - 入库文档块 268/704 | 标题: D:\401385\zizi-1.5-5.6\markdown_files\mvp\MVP算法平台_ | 内容预览: 案例展示 > 安全建议...
2025-06-18 09:43:21,360 - INFO - vector_db_operations:_create_vector_db:307 - 入库文档块 269/704 | 标题: D:\401385\zizi-1.5-5.6\markdown_files\mvp\MVP算法平台_ | 内容预览: 保障设备基本网络安全的必须措施：  
1. **使用复杂密码**  
请参考如下建议进行密码设置：  
- 长度不小于8个字符。
- 至少包含两种字符类型，字符类型包括大小写字母、数字和符号。
- 不...
2025-06-18 09:43:21,453 - INFO - vector_db_operations:_create_vector_db:307 - 入库文档块 270/704 | 标题: D:\401385\zizi-1.5-5.6\markdown_files\mvp\MVP算法平台_ | 内容预览: **MAC地址绑定**  
建议您在设备端将其网关设备的IP与MAC地址进行绑定，以降低ARP欺骗风险。  
**合理分配账户及权限**  
根据业务和管理需要，合理新增用户，并合理为其分配最小权限集...
2025-06-18 09:43:21,563 - INFO - vector_db_operations:_create_vector_db:307 - 入库文档块 271/704 | 标题: D:\401385\zizi-1.5-5.6\markdown_files\mvp\MVPSuppo | 内容预览: MVP速查表 > 文档标识

| 属性                | 内容                                                             ...
2025-06-18 09:43:21,688 - INFO - vector_db_operations:_create_vector_db:307 - 入库文档块 272/704 | 标题: D:\401385\zizi-1.5-5.6\markdown_files\mvp\MVPSuppo | 内容预览: 1. 彩色算子功能 > 1.1 功能描述

MVP可以读取彩色的算子，支持以下操作：
- **仿射变换**
- **裁剪**
- **彩转灰**
- **仿真器**
- **相机**
- **保存图片...
2025-06-18 09:43:21,781 - INFO - vector_db_operations:_create_vector_db:307 - 入库文档块 273/704 | 标题: D:\401385\zizi-1.5-5.6\markdown_files\mvp\MVPSuppo | 内容预览: 1. 彩色算子功能 > 1.2 注意事项

涉及复杂算法的操作需要将彩色图像转换为灰度图。...
2025-06-18 09:43:21,906 - INFO - vector_db_operations:_create_vector_db:307 - 入库文档块 274/704 | 标题: D:\401385\zizi-1.5-5.6\markdown_files\mvp\MVPSuppo | 内容预览: 2. Modbus数据结构与寄存器关系 > 2.1 数据结构说明

| 数据结构 | 范围               | 位数(B) | 占用寄存器个数 | 备注                  ...
2025-06-18 09:43:22,014 - INFO - vector_db_operations:_create_vector_db:307 - 入库文档块 275/704 | 标题: D:\401385\zizi-1.5-5.6\markdown_files\mvp\MVPSuppo | 内容预览: 3. 文档维护与验证 > 3.1 维护责任人

- **技术支持团队/王平川**...
2025-06-18 09:43:22,139 - INFO - vector_db_operations:_create_vector_db:307 - 入库文档块 276/704 | 标题: D:\401385\zizi-1.5-5.6\markdown_files\mvp\MVPSuppo | 内容预览: 3. 文档维护与验证 > 3.2 验证环境

- **Modbus Slave**
- **MVP 5.1.0 (2024-12-27)**...
2025-06-18 09:43:22,233 - INFO - vector_db_operations:_create_vector_db:307 - 入库文档块 277/704 | 标题: D:\401385\zizi-1.5-5.6\markdown_files\mvp\MVPSuppo | 内容预览: 知识库文档标准模板 > 文档标识

| 属性                | 内容                                                          ...
2025-06-18 09:43:22,358 - INFO - vector_db_operations:_create_vector_db:307 - 入库文档块 278/704 | 标题: D:\401385\zizi-1.5-5.6\markdown_files\mvp\MVPSuppo | 内容预览: 1. 问题症状描述

**典型场景**
描述问题发生的典型场景和具体症状。...
2025-06-18 09:43:22,466 - INFO - vector_db_operations:_create_vector_db:307 - 入库文档块 279/704 | 标题: D:\401385\zizi-1.5-5.6\markdown_files\mvp\MVPSuppo | 内容预览: 2. 快速解决路径 > 🟢 初级解决方案（5分钟内）

- 步骤1：描述初级解决方案的第一步。
- 步骤2：描述初级解决方案的第二步。...
2025-06-18 09:43:22,594 - INFO - vector_db_operations:_create_vector_db:307 - 入库文档块 280/704 | 标题: D:\401385\zizi-1.5-5.6\markdown_files\mvp\MVPSuppo | 内容预览: 2. 快速解决路径 > 🔴 高级解决方案（需工程师介入）

- 步骤1：描述高级解决方案的第一步。
- 步骤2：描述高级解决方案的第二步。...
2025-06-18 09:43:22,688 - INFO - vector_db_operations:_create_vector_db:307 - 入库文档块 281/704 | 标题: D:\401385\zizi-1.5-5.6\markdown_files\mvp\MVPSuppo | 内容预览: 3. 根本原因分析 > ▸ 触发条件

- 条件1：描述触发问题的第一个条件。
- 条件2：描述触发问题的第二个条件。...
2025-06-18 09:43:22,797 - INFO - vector_db_operations:_create_vector_db:307 - 入库文档块 282/704 | 标题: D:\401385\zizi-1.5-5.6\markdown_files\mvp\MVPSuppo | 内容预览: 4. 关联文档

- [文档1](URL1)：描述关联文档1的内容。
- [文档2](URL2)：描述关联文档2的内容。...
2025-06-18 09:43:22,953 - INFO - vector_db_operations:_create_vector_db:307 - 入库文档块 283/704 | 标题: D:\401385\zizi-1.5-5.6\markdown_files\mvp\MVPSuppo | 内容预览: MVP软件下载与部署指南 > 文档标识

| 属性                | 内容                                                       ...
2025-06-18 09:43:23,078 - INFO - vector_db_operations:_create_vector_db:307 - 入库文档块 284/704 | 标题: D:\401385\zizi-1.5-5.6\markdown_files\mvp\MVPSuppo | 内容预览: 1. 软件下载与版本规范 > 1.1 算法平台软件版本下载方式 > 官网下载位置：

[MVP软件下载](https://www.irayple.com/cn/serviceSupport/downl...
2025-06-18 09:43:23,189 - INFO - vector_db_operations:_create_vector_db:307 - 入库文档块 285/704 | 标题: D:\401385\zizi-1.5-5.6\markdown_files\mvp\MVPSuppo | 内容预览: 1. 软件下载与版本规范 > 1.1 算法平台软件版本下载方式 > 试用版

MVP软件提供试用版，用户需要在官网申请试用或联系销售以获取试用资格。试用版可以使用一段时间。在正式购买时，软件本身是免费...
2025-06-18 09:43:23,315 - INFO - vector_db_operations:_create_vector_db:307 - 入库文档块 286/704 | 标题: D:\401385\zizi-1.5-5.6\markdown_files\mvp\MVPSuppo | 内容预览: 1. 软件下载与版本规范 > 1.1 算法平台软件版本下载方式 > 加密狗

联系销售或者花茶联系王平川。...
2025-06-18 09:43:23,425 - INFO - vector_db_operations:_create_vector_db:307 - 入库文档块 287/704 | 标题: D:\401385\zizi-1.5-5.6\markdown_files\mvp\MVPSuppo | 内容预览: 1. 软件下载与版本规范 > 1.1 算法平台软件版本下载方式 > 版本规范

1. **使用5系列**：新项目统一使用官网最新5.0.9之后的MVP5系列版本。
2. **4系列不维护**：旧工程不...
2025-06-18 09:43:23,551 - INFO - vector_db_operations:_create_vector_db:307 - 入库文档块 288/704 | 标题: D:\401385\zizi-1.5-5.6\markdown_files\mvp\MVPSuppo | 内容预览: 1. 软件下载与版本规范 > 1.1 算法平台软件版本下载方式 > MVT深度学习训练平台

[MVT软件下载](https://www.irayple.com/cn/serviceSupport/d...
2025-06-18 09:43:23,661 - INFO - vector_db_operations:_create_vector_db:307 - 入库文档块 289/704 | 标题: D:\401385\zizi-1.5-5.6\markdown_files\mvp\MVPSuppo | 内容预览: 1. 软件下载与版本规范 > 1.2 软件部署 > 软件下载相关

安装时提示“检测到已安装程序，是否先卸载”，若想保留原版本的MVP，找到MVP的文件夹，整个文件夹复制粘贴一份即可；若不想保留原版，...
2025-06-18 09:43:23,800 - INFO - vector_db_operations:_create_vector_db:307 - 入库文档块 290/704 | 标题: D:\401385\zizi-1.5-5.6\markdown_files\mvp\MVPSuppo | 内容预览: 1. 软件下载与版本规范 > 1.2 软件部署 > 软件打开

若安装后显示无加密狗，在MVP文件夹下Drivers文件夹内，找到`SenseShieldDrivers`并安装。安装完成后获取相应权限...
2025-06-18 09:43:23,909 - INFO - vector_db_operations:_create_vector_db:307 - 入库文档块 291/704 | 标题: D:\401385\zizi-1.5-5.6\markdown_files\mvp\MVPSuppo | 内容预览: 1. 软件下载与版本规范 > 1.2 软件部署 > 安装MVP时提示“软件已安装”

首先查看是否有卸载残留，如果没有卸载残留，可能是电脑存在VC2005，此时需要卸载电脑上的VC2005，方可安装M...
2025-06-18 09:43:24,037 - INFO - vector_db_operations:_create_vector_db:307 - 入库文档块 292/704 | 标题: D:\401385\zizi-1.5-5.6\markdown_files\mvp\MVPSuppo | 内容预览: 1. 软件下载与版本规范 > 1.2 软件部署 > 安装MVP时，提示字体出现乱码

修改控制面板里区域语言设置成中文简体。...
2025-06-18 09:43:24,131 - INFO - vector_db_operations:_create_vector_db:307 - 入库文档块 293/704 | 标题: D:\401385\zizi-1.5-5.6\markdown_files\mvp\MVPSuppo | 内容预览: 1. 软件下载与版本规范 > 1.2 软件部署 > 安装提示"不能打开要写入的文件：C:\Program Files\IRayple\MVP\Application\win64\libeay32.dl...
2025-06-18 09:43:24,224 - INFO - vector_db_operations:_create_vector_db:307 - 入库文档块 294/704 | 标题: D:\401385\zizi-1.5-5.6\markdown_files\mvp\MVPSuppo | 内容预览: 1. 软件下载与版本规范 > 1.2 软件部署 > 安装时间等待很久，一直安装中

安装过程中，如果在95%左右时，安装卡住的话，则判断为系统的.net异常导致，此时有如下做法：
1. **卡在系统....
2025-06-18 09:43:24,348 - INFO - vector_db_operations:_create_vector_db:307 - 入库文档块 295/704 | 标题: D:\401385\zizi-1.5-5.6\markdown_files\mvp\MVPSuppo | 内容预览: MVP快速使用文档 > 文档标识

| 属性                | 内容                                                          ...
2025-06-18 09:43:24,459 - INFO - vector_db_operations:_create_vector_db:307 - 入库文档块 296/704 | 标题: D:\401385\zizi-1.5-5.6\markdown_files\mvp\MVPSuppo | 内容预览: 1. 软件下载与安装 > 1.1 软件下载

- 从[华睿科技官网](https://www.irayple.com/cn/serviceSupport/downloadCenter/18?p=17)...
2025-06-18 09:43:24,538 - INFO - vector_db_operations:_create_vector_db:307 - 入库文档块 297/704 | 标题: D:\401385\zizi-1.5-5.6\markdown_files\mvp\MVPSuppo | 内容预览: 1. 软件下载与安装 > 1.2 软件安装 > 操作步骤：

1. 解压下载的压缩包，双击软件安装包。
2. 选择安装语言。
3. 根据需要勾选安装选项和选择安装位置：
- 网口相机：勾选Gige驱动...
2025-06-18 09:43:24,650 - INFO - vector_db_operations:_create_vector_db:307 - 入库文档块 298/704 | 标题: D:\401385\zizi-1.5-5.6\markdown_files\mvp\MVPSuppo | 内容预览: 1. 软件下载与安装 > 1.2 软件安装 > 常见问题：

- **问题1**：安装时提示“软件已安装”。
- 解决方案：检查是否有卸载残留，或卸载电脑上的VC2005。
- **问题2**：安装时...
2025-06-18 09:43:24,761 - INFO - vector_db_operations:_create_vector_db:307 - 入库文档块 299/704 | 标题: D:\401385\zizi-1.5-5.6\markdown_files\mvp\MVPSuppo | 内容预览: 2. 软件激活 > 2.1 授权方式

- **硬加密**：插上硬件加密狗即可。
- **软加密**：通过深思加密软件进行激活。...
2025-06-18 09:43:24,854 - INFO - vector_db_operations:_create_vector_db:307 - 入库文档块 300/704 | 标题: D:\401385\zizi-1.5-5.6\markdown_files\mvp\MVPSuppo | 内容预览: 2. 软件激活 > 2.1 授权方式 > 软加密激活步骤：

1. 安装深思加密软件（路径：`C:\Program Files\IRayple\MVP\Drivers`）。
2. 打开软件，点击“云/...
2025-06-18 09:44:48,801 - DEBUG - vector_db_operations:_create_vector_db:329 - 向量库初始化 | 批次: 3 | 文档数: 100
2025-06-18 09:44:48,878 - INFO - vector_db_operations:_create_vector_db:307 - 入库文档块 301/704 | 标题: D:\401385\zizi-1.5-5.6\markdown_files\mvp\MVPSuppo | 内容预览: 2. 软件激活 > 2.1 授权方式 > 离线激活步骤：

1. 在待授权电脑上生成离线绑定C2D文件。
2. 在有网络的PC上兑换授权码。
3. 导入C2D文件，生成D2C文件。
4. 将D2C文件...
2025-06-18 09:44:48,987 - INFO - vector_db_operations:_create_vector_db:307 - 入库文档块 302/704 | 标题: D:\401385\zizi-1.5-5.6\markdown_files\mvp\MVPSuppo | 内容预览: 3. 开发模式 > 3.1 快速模式

- 拖拽算子工具搭建工程，自定义界面添加控件，无需代码编程。...
2025-06-18 09:44:49,065 - INFO - vector_db_operations:_create_vector_db:307 - 入库文档块 303/704 | 标题: D:\401385\zizi-1.5-5.6\markdown_files\mvp\MVPSuppo | 内容预览: 3. 开发模式 > 3.2 二次开发模式

- 基于MVP工程，采用QT/WinForm框架二次开发，接口简单易用，提供窗口控件。...
2025-06-18 09:44:49,188 - INFO - vector_db_operations:_create_vector_db:307 - 入库文档块 304/704 | 标题: D:\401385\zizi-1.5-5.6\markdown_files\mvp\MVPSuppo | 内容预览: 4. 示例工程与视频教程 > 4.1 示例工程

- 安装示例工程补丁包后，可在MVP中打开示例程序。...
2025-06-18 09:44:49,325 - INFO - vector_db_operations:_create_vector_db:307 - 入库文档块 305/704 | 标题: D:\401385\zizi-1.5-5.6\markdown_files\mvp\MVPSuppo | 内容预览: 4. 示例工程与视频教程 > 4.2 视频教程

- [官网视频教程](https://www.irayple.com/cn/serviceSupport/trainVideoDetail)：
- 深...
2025-06-18 09:44:49,463 - INFO - vector_db_operations:_create_vector_db:307 - 入库文档块 306/704 | 标题: D:\401385\zizi-1.5-5.6\markdown_files\mvp\MVPSuppo | 内容预览: 5. 其他资料

- **MVP文档资料**：[百度网盘链接](https://pan.baidu.com/s/10oWdY-8YvYJEr0OCB84HJQ?pwd=ccmj)
- **通讯相关资料...
2025-06-18 09:44:49,572 - INFO - vector_db_operations:_create_vector_db:307 - 入库文档块 307/704 | 标题: D:\401385\zizi-1.5-5.6\markdown_files\mvp\MVPSuppo | 内容预览: 问题转接与方案评估指南 > 文档标识

| 属性                | 内容                                                        ...
2025-06-18 09:44:49,711 - INFO - vector_db_operations:_create_vector_db:307 - 入库文档块 308/704 | 标题: D:\401385\zizi-1.5-5.6\markdown_files\mvp\MVPSuppo | 内容预览: 1. 问题转接与方案评估指南 > 1.1 目的

本指南旨在规范技术支持问题转接流程，明确各环节的责任与要求，提升团队工作效率，更好地支持区域技术支持团队和销售团队。我们希望通过这份指南，与区域技术支...
2025-06-18 09:44:49,820 - INFO - vector_db_operations:_create_vector_db:307 - 入库文档块 309/704 | 标题: D:\401385\zizi-1.5-5.6\markdown_files\mvp\MVPSuppo | 内容预览: 1. 问题转接与方案评估指南 > 1.2 转接准备

为了确保问题转接的高效性和准确性，区域技术支持团队在将问题转交给我们时，需要提供以下信息：...
2025-06-18 09:44:49,928 - INFO - vector_db_operations:_create_vector_db:307 - 入库文档块 310/704 | 标题: D:\401385\zizi-1.5-5.6\markdown_files\mvp\MVPSuppo | 内容预览: 1. 问题转接与方案评估指南 > 1.2 转接准备 > 1.2.1 转接问题必须告知的信息

- **问题描述**：详细描述问题的现状，包括出现频率和影响范围。
- **需要的支持**：明确需要研发团...
2025-06-18 09:44:50,037 - INFO - vector_db_operations:_create_vector_db:307 - 入库文档块 311/704 | 标题: D:\401385\zizi-1.5-5.6\markdown_files\mvp\MVPSuppo | 内容预览: 1. 问题转接与方案评估指南 > 1.2 转接准备 > 1.2.2 已有信息同步

提供以下信息可以大大加快问题解决的进展：
- **软件版本**：当前使用的软件版本。
- **现场方案**：现场是如...
2025-06-18 09:44:50,146 - INFO - vector_db_operations:_create_vector_db:307 - 入库文档块 312/704 | 标题: D:\401385\zizi-1.5-5.6\markdown_files\mvp\MVPSuppo | 内容预览: 1. 问题转接与方案评估指南 > 1.3 方案评估准备

为了确保方案评估的高效性和准确性，销售团队在请求我们对现场项目进行评估时，需要提供以下信息：...
2025-06-18 09:44:50,271 - INFO - vector_db_operations:_create_vector_db:307 - 入库文档块 313/704 | 标题: D:\401385\zizi-1.5-5.6\markdown_files\mvp\MVPSuppo | 内容预览: 1. 问题转接与方案评估指南 > 1.3 方案评估准备 > 1.3.1 方案评估必须告知的信息

- **项目评审**：进行商务上的项目评审。了解项目的优先级和重要性。
- **解决方案需求描述**：...
2025-06-18 09:44:50,364 - INFO - vector_db_operations:_create_vector_db:307 - 入库文档块 314/704 | 标题: D:\401385\zizi-1.5-5.6\markdown_files\mvp\MVPSuppo | 内容预览: 1. 问题转接与方案评估指南 > 1.3 方案评估准备 > 1.3.2 能推进项目进程的信息

- **拍摄环境稳定性**：拍摄环境是否稳定。
- **图片清晰度**：提供的图片是否清晰。
- **现...
2025-06-18 09:44:50,473 - INFO - vector_db_operations:_create_vector_db:307 - 入库文档块 315/704 | 标题: D:\401385\zizi-1.5-5.6\markdown_files\mvp\MVPSuppo | 内容预览: 1. 问题转接与方案评估指南 > 1.4 结语

我们希望通过这份指南，与区域技术支持团队和销售团队建立更紧密的合作关系，共同为客户提供更优质的服务。我们相信，通过大家的共同努力，我们可以更高效地解决...
2025-06-18 09:44:50,598 - INFO - vector_db_operations:_create_vector_db:307 - 入库文档块 316/704 | 标题: D:\401385\zizi-1.5-5.6\markdown_files\mvp\MVPSuppo | 内容预览: 标定与测量的关系 > 文档标识

|属性|内容|
|---|---|
|文档标题|标定与测量的关系指南|
|文档更新版本|v1.0 (2025-03-12)|
|适用产品版本|MVP 全系列版本|
|...
2025-06-18 09:44:50,707 - INFO - vector_db_operations:_create_vector_db:307 - 入库文档块 317/704 | 标题: D:\401385\zizi-1.5-5.6\markdown_files\mvp\MVPSuppo | 内容预览: 1 问题描述

**典型场景**
在机器视觉中，需要将图像中的信息与现实世界中的物体建立联系，这一过程称为 “标定”。标定的目的是通过已知的参考物（如标定板）来确定相机的参数，从而实现对图像中物体的准...
2025-06-18 09:44:50,831 - INFO - vector_db_operations:_create_vector_db:307 - 入库文档块 318/704 | 标题: D:\401385\zizi-1.5-5.6\markdown_files\mvp\MVPSuppo | 内容预览: 2 解决方案 > 2.1 标定方法 > 操作步骤：

1. 高精度棋盘格标定
- 使用带有黑白方格的棋盘板，通过拍摄多个不同角度的棋盘格图像，提取出棋盘格的角点，计算相机的内外参数。
2. N 点标定...
2025-06-18 09:44:50,955 - INFO - vector_db_operations:_create_vector_db:307 - 入库文档块 319/704 | 标题: D:\401385\zizi-1.5-5.6\markdown_files\mvp\MVPSuppo | 内容预览: 2 解决方案 > 2.2 测量方法 > 操作步骤：

1. 使用标定板对相机进行标定。
2. 捕捉目标物体的图像。
3. 通过图像处理技术识别出物体的边缘并提取其坐标数据。
4. 根据标定所获得的相机...
2025-06-18 09:44:51,064 - INFO - vector_db_operations:_create_vector_db:307 - 入库文档块 320/704 | 标题: D:\401385\zizi-1.5-5.6\markdown_files\mvp\MVPSuppo | 内容预览: 3 根因分析 > 技术原理

|维度|说明|
|---|---|
|标定机制|通过已知参考物确定相机参数，建立图像与现实世界的映射关系|
|测量原理|结合标定信息和图像处理技术，将图像中的像素坐标转换...
2025-06-18 09:44:51,204 - INFO - vector_db_operations:_create_vector_db:307 - 入库文档块 321/704 | 标题: D:\401385\zizi-1.5-5.6\markdown_files\mvp\MVPSuppo | 内容预览: 4 小结

通过标定，我们能够建立图像与现实世界之间的映射关系，进而通过机器视觉实现物体的精确测量。无论是高精度棋盘格、N 点标定，还是手眼标定，各种方法都能帮助我们在不同的应用场景中完成标定任务，进...
2025-06-18 09:44:51,312 - INFO - vector_db_operations:_create_vector_db:307 - 入库文档块 322/704 | 标题: D:\401385\zizi-1.5-5.6\markdown_files\mvp\MVPSuppo | 内容预览: MVP标准采图流程搭建指南 > 文档标识

| 属性                | 内容                                                      ...
2025-06-18 09:44:51,421 - INFO - vector_db_operations:_create_vector_db:307 - 入库文档块 323/704 | 标题: D:\401385\zizi-1.5-5.6\markdown_files\mvp\MVPSuppo | 内容预览: 1 准备工作 > 软件要求

- 确保 MVP 软件已安装最新版本（当前最新版本为 5.1.0）。...
2025-06-18 09:44:51,529 - INFO - vector_db_operations:_create_vector_db:307 - 入库文档块 324/704 | 标题: D:\401385\zizi-1.5-5.6\markdown_files\mvp\MVPSuppo | 内容预览: 2 搭建流程 > 2.1 新建工程 > 操作步骤：

1. 打开 MVP 软件。
2. 若存在已有工程，先保存后点击“新建工程”。
3. 界面显示为初始工程界面。...
2025-06-18 09:44:51,667 - INFO - vector_db_operations:_create_vector_db:307 - 入库文档块 325/704 | 标题: D:\401385\zizi-1.5-5.6\markdown_files\mvp\MVPSuppo | 内容预览: 2 搭建流程 > 2.2 图像采集 > 操作步骤：

1. 在软件自带的图像采集区域找到“图像源算子”。
2. 将“图像源算子”拖入中间灰色背景的工程作用区。...
2025-06-18 09:44:51,805 - INFO - vector_db_operations:_create_vector_db:307 - 入库文档块 326/704 | 标题: D:\401385\zizi-1.5-5.6\markdown_files\mvp\MVPSuppo | 内容预览: 2 搭建流程 > 2.3 设置仿真器 > 操作步骤：

1. 点击“图像源算子”。
2. 在右下角设置界面确认图像源为“仿真器”。
3. 将图像时间间隔设置为 100 毫秒。...
2025-06-18 09:44:51,931 - INFO - vector_db_operations:_create_vector_db:307 - 入库文档块 327/704 | 标题: D:\401385\zizi-1.5-5.6\markdown_files\mvp\MVPSuppo | 内容预览: 2 搭建流程 > 2.4 彩转灰放置与连线 > 操作步骤：

1. 点击图像处理模块，找到“彩色转灰度算子”。
2. 将“彩色转灰度算子”放置在“图像源算子”下方。
3. 进行连线，确保两个算子连接。...
2025-06-18 09:44:52,027 - INFO - vector_db_operations:_create_vector_db:307 - 入库文档块 328/704 | 标题: D:\401385\zizi-1.5-5.6\markdown_files\mvp\MVPSuppo | 内容预览: 2 搭建流程 > 2.5 图像输入 > 操作步骤：

1. 点击“彩色转灰度算子”。
2. 在设置参数界面确认图像输入为“图像源1”。...
2025-06-18 09:44:52,137 - INFO - vector_db_operations:_create_vector_db:307 - 入库文档块 329/704 | 标题: D:\401385\zizi-1.5-5.6\markdown_files\mvp\MVPSuppo | 内容预览: 2 搭建流程 > 2.6 运行流程 > 操作步骤：

1. 点击主流程运行按钮，运行主流程一。
2. 观察两个算子图像显示绿色，右侧出现图像，说明搭建成功。...
2025-06-18 09:44:52,233 - INFO - vector_db_operations:_create_vector_db:307 - 入库文档块 330/704 | 标题: D:\401385\zizi-1.5-5.6\markdown_files\mvp\MVPSuppo | 内容预览: 3 小结

通过以上步骤，您可以成功搭建 MVP 的标准采图流程。确保每个步骤操作正确，以实现图像采集与处理的顺利进行。如需进一步了解，请参考 MVP 算法平台的相关资料。...
2025-06-18 09:44:52,359 - INFO - vector_db_operations:_create_vector_db:307 - 入库文档块 331/704 | 标题: D:\401385\zizi-1.5-5.6\markdown_files\mvp\MVPSuppo | 内容预览: MVP变量命名原则与建议 > 文档标识

| 属性                | 内容                                                       ...
2025-06-18 09:44:52,469 - INFO - vector_db_operations:_create_vector_db:307 - 入库文档块 332/704 | 标题: D:\401385\zizi-1.5-5.6\markdown_files\mvp\MVPSuppo | 内容预览: 1 总体原则 > 1.1 避免默认命名

- 关键部分的变量名应避免使用默认或通用命名，确保其具有明确的描述性。...
2025-06-18 09:44:52,548 - INFO - vector_db_operations:_create_vector_db:307 - 入库文档块 333/704 | 标题: D:\401385\zizi-1.5-5.6\markdown_files\mvp\MVPSuppo | 内容预览: 1 总体原则 > 1.2 有意义且具描述性

- 变量名应准确反映数据含义和用途。避免使用单字母或无实际意义的字符组合作为变量名，除非其含义在局部代码块中非常明确（如循环计数变量 `i`、`j`、`k...
2025-06-18 09:44:52,656 - INFO - vector_db_operations:_create_vector_db:307 - 入库文档块 334/704 | 标题: D:\401385\zizi-1.5-5.6\markdown_files\mvp\MVPSuppo | 内容预览: 1 总体原则 > 1.3 使用英文单词及常用缩写

- 优先选择完整的英文单词，若单词过长，可采用行业内广泛认可的缩写形式。
- 示例：
- “信息”用 `info` 代替 `information`...
2025-06-18 09:44:52,750 - INFO - vector_db_operations:_create_vector_db:307 - 入库文档块 335/704 | 标题: D:\401385\zizi-1.5-5.6\markdown_files\mvp\MVPSuppo | 内容预览: 1 总体原则 > 1.4 合法合规性

- 变量名必须由字母（`A-Z`、`a-z`）、数字（`0-9`）和下划线（`_`）组成，首字符必须为字母或下划线，不能与编程语言的关键字冲突。
- 示例：`m...
2025-06-18 09:44:52,843 - INFO - vector_db_operations:_create_vector_db:307 - 入库文档块 336/704 | 标题: D:\401385\zizi-1.5-5.6\markdown_files\mvp\MVPSuppo | 内容预览: 1 总体原则 > 1.5 一致性

- 保持统一的命名风格和约定，提高代码的可读性和可维护性。
- 示例：如果选择帕斯卡命名法，所有变量都应采用这种方式。...
2025-06-18 09:44:52,953 - INFO - vector_db_operations:_create_vector_db:307 - 入库文档块 337/704 | 标题: D:\401385\zizi-1.5-5.6\markdown_files\mvp\MVPSuppo | 内容预览: 2 命名方法 > 2.1 帕斯卡命名法

- 每个单词首字母大写，单词之间紧密连接。
- 示例：
- `AngleValue`：表示角度的值。
- `CircleArea`：用于存储圆的面积。
- `...
2025-06-18 09:44:53,092 - INFO - vector_db_operations:_create_vector_db:307 - 入库文档块 338/704 | 标题: D:\401385\zizi-1.5-5.6\markdown_files\mvp\MVPSuppo | 内容预览: 3 流程图算子命名规范 > 3.1 算子命名原则

- 算子命名应明确且唯一，反映其功能目的。
- 示例：
- `计算角度和`：将多个角度相加。
- `生成圆轮廓`：创建圆的轮廓图形。
- `识别上板...
2025-06-18 09:44:53,202 - INFO - vector_db_operations:_create_vector_db:307 - 入库文档块 339/704 | 标题: D:\401385\zizi-1.5-5.6\markdown_files\mvp\MVPSuppo | 内容预览: 4 变量与算子关联命名 > 4.1 命名原则

- 与算子相关的变量命名应体现其与算子功能的紧密联系。
- 示例：
- 在 `计算角度和` 算子中，输入角度变量可命名为 `InputAngle1`、`...
2025-06-18 09:44:53,327 - INFO - vector_db_operations:_create_vector_db:307 - 入库文档块 340/704 | 标题: D:\401385\zizi-1.5-5.6\markdown_files\mvp\MVPSuppo | 内容预览: 5 小结

遵循以上变量命名原则与建议，可以有效提高代码的可读性、可维护性和一致性。无论是使用帕斯卡命名法还是为算子关联变量命名，都应确保命名清晰、明确且符合规范。如需进一步了解，请参考 MVP 算法...
2025-06-18 09:44:53,452 - INFO - vector_db_operations:_create_vector_db:307 - 入库文档块 341/704 | 标题: D:\401385\zizi-1.5-5.6\markdown_files\mvp\MVPSuppo | 内容预览: MVP十大场景示例指南 > 文档标识

| 属性                | 内容                                                        ...
2025-06-18 09:44:53,577 - INFO - vector_db_operations:_create_vector_db:307 - 入库文档块 342/704 | 标题: D:\401385\zizi-1.5-5.6\markdown_files\mvp\MVPSuppo | 内容预览: 1 经典场景 > 1.1 MVP与PLC通讯 > 场景背景

提升生产线自动化水平，要求通过软件系统实时监控生产线设备状态，并远程控制PLC实现自动化生产。MVP软件需与PLC实时通信，完成数据采集、...
2025-06-18 09:44:53,704 - INFO - vector_db_operations:_create_vector_db:307 - 入库文档块 343/704 | 标题: D:\401385\zizi-1.5-5.6\markdown_files\mvp\MVPSuppo | 内容预览: 1 经典场景 > 1.1 MVP与PLC通讯 > 系统组成

- **硬件设备**：支持Modbus、MC、Fins、Snap7等协议的PLC
- **软件系统**：MVP软件
- **数据库**：存...
2025-06-18 09:44:53,783 - INFO - vector_db_operations:_create_vector_db:307 - 入库文档块 344/704 | 标题: D:\401385\zizi-1.5-5.6\markdown_files\mvp\MVPSuppo | 内容预览: 1 经典场景 > 1.1 MVP与PLC通讯 > 常见方案

通过Modbus、MC、Fins、Snap7等协议，给PLC发送相应的算法数据。...
2025-06-18 09:44:53,891 - INFO - vector_db_operations:_create_vector_db:307 - 入库文档块 345/704 | 标题: D:\401385\zizi-1.5-5.6\markdown_files\mvp\MVPSuppo | 内容预览: 1 经典场景 > 1.1 MVP与PLC通讯 > 核心功能

通过通讯模块的算子，给PLC发送算法处理结果等。...
2025-06-18 09:44:53,999 - INFO - vector_db_operations:_create_vector_db:307 - 入库文档块 346/704 | 标题: D:\401385\zizi-1.5-5.6\markdown_files\mvp\MVPSuppo | 内容预览: 1 经典场景 > 1.1 MVP与PLC通讯 > 流程

1. **初始化连接**：
- 一般协议使用网络配置算子
- 串口通讯使用串口配置
- Snap7协议使用Snap7连接
2. **算法处理*...
2025-06-18 09:44:54,124 - INFO - vector_db_operations:_create_vector_db:307 - 入库文档块 347/704 | 标题: D:\401385\zizi-1.5-5.6\markdown_files\mvp\MVPSuppo | 内容预览: 1 经典场景 > 1.1 MVP与PLC通讯 > 示例

以Modbus为例，详细方案见示例库。...
2025-06-18 09:44:54,218 - INFO - vector_db_operations:_create_vector_db:307 - 入库文档块 348/704 | 标题: D:\401385\zizi-1.5-5.6\markdown_files\mvp\MVPSuppo | 内容预览: 1 经典场景 > 1.1 MVP与PLC通讯 > 方案人员

闵阳程...
2025-06-18 09:44:54,359 - INFO - vector_db_operations:_create_vector_db:307 - 入库文档块 349/704 | 标题: D:\401385\zizi-1.5-5.6\markdown_files\mvp\MVPSuppo | 内容预览: 1 经典场景 > 1.1 MVP与PLC通讯 > 攥写时间

2024.03.03...
2025-06-18 09:44:54,468 - INFO - vector_db_operations:_create_vector_db:307 - 入库文档块 350/704 | 标题: D:\401385\zizi-1.5-5.6\markdown_files\mvp\MVPSuppo | 内容预览: 1 经典场景 > 1.2 PLC报文启动相机拍照 > 场景描述

通过PLC报文启动相机拍照，适用于需要精确控制拍照时机的场景。...
2025-06-18 09:44:54,578 - INFO - vector_db_operations:_create_vector_db:307 - 入库文档块 351/704 | 标题: D:\401385\zizi-1.5-5.6\markdown_files\mvp\MVPSuppo | 内容预览: 1 经典场景 > 1.2 PLC报文启动相机拍照 > 核心算法

- 报文发送
- PLC对接...
2025-06-18 09:44:54,671 - INFO - vector_db_operations:_create_vector_db:307 - 入库文档块 352/704 | 标题: D:\401385\zizi-1.5-5.6\markdown_files\mvp\MVPSuppo | 内容预览: 1 经典场景 > 1.2 PLC报文启动相机拍照 > 方案人员

PLC操作员...
2025-06-18 09:44:54,780 - INFO - vector_db_operations:_create_vector_db:307 - 入库文档块 353/704 | 标题: D:\401385\zizi-1.5-5.6\markdown_files\mvp\MVPSuppo | 内容预览: 1 经典场景 > 1.3 模板匹配定位发给下家 > 场景描述

通过模板匹配定位工件，并将结果发送给下家，适用于机械臂定位等场景。...
2025-06-18 09:44:54,876 - INFO - vector_db_operations:_create_vector_db:307 - 入库文档块 354/704 | 标题: D:\401385\zizi-1.5-5.6\markdown_files\mvp\MVPSuppo | 内容预览: 1 经典场景 > 1.3 模板匹配定位发给下家 > 核心算法

- 模板匹配
- 报文发送...
2025-06-18 09:44:54,987 - INFO - vector_db_operations:_create_vector_db:307 - 入库文档块 355/704 | 标题: D:\401385\zizi-1.5-5.6\markdown_files\mvp\MVPSuppo | 内容预览: 1 经典场景 > 1.3 模板匹配定位发给下家 > 数据流特征

- 输入：模板工件效果图、实时工件图
- 输出：模板匹配中心位置...
2025-06-18 09:44:55,098 - INFO - vector_db_operations:_create_vector_db:307 - 入库文档块 356/704 | 标题: D:\401385\zizi-1.5-5.6\markdown_files\mvp\MVPSuppo | 内容预览: 1 经典场景 > 1.4 多目标匹配，循环模块依次检测 > 场景描述

对多个目标进行匹配，并循环检测，适用于需要多目标检测的场景。...
2025-06-18 09:44:55,192 - INFO - vector_db_operations:_create_vector_db:307 - 入库文档块 357/704 | 标题: D:\401385\zizi-1.5-5.6\markdown_files\mvp\MVPSuppo | 内容预览: 1 经典场景 > 1.5 标定 + 测量 获得现实尺寸 > 场景描述

通过标定和测量获得产品的现实尺寸，适用于需要精确测量的场景。...
2025-06-18 09:44:55,287 - INFO - vector_db_operations:_create_vector_db:307 - 入库文档块 358/704 | 标题: D:\401385\zizi-1.5-5.6\markdown_files\mvp\MVPSuppo | 内容预览: 1 经典场景 > 1.5 标定 + 测量 获得现实尺寸 > 数据流特征

- 输入：标定文件、图像
- 输出：产品尺寸...
2025-06-18 09:44:55,381 - INFO - vector_db_operations:_create_vector_db:307 - 入库文档块 359/704 | 标题: D:\401385\zizi-1.5-5.6\markdown_files\mvp\MVPSuppo | 内容预览: 1 经典场景 > 1.6 字符识别 > 场景描述

通过字符识别技术识别字符，适用于需要字符识别的场景。...
2025-06-18 09:44:55,461 - INFO - vector_db_operations:_create_vector_db:307 - 入库文档块 360/704 | 标题: D:\401385\zizi-1.5-5.6\markdown_files\mvp\MVPSuppo | 内容预览: 1 经典场景 > 1.6 字符识别 > 核心算法

- 简版字符识别
- 深度学习字符识别...
2025-06-18 09:44:55,585 - INFO - vector_db_operations:_create_vector_db:307 - 入库文档块 361/704 | 标题: D:\401385\zizi-1.5-5.6\markdown_files\mvp\MVPSuppo | 内容预览: 1 经典场景 > 1.6 字符识别 > 硬件要求

- 深度学习：带有显卡的工控机（训练） + 正常工控机（推理）...
2025-06-18 09:44:55,709 - INFO - vector_db_operations:_create_vector_db:307 - 入库文档块 362/704 | 标题: D:\401385\zizi-1.5-5.6\markdown_files\mvp\MVPSuppo | 内容预览: 1 经典场景 > 1.6 字符识别 > 数据流特征

- 生产前：字符训练集
- 生产中：字符识别
- 输出：识别结果...
2025-06-18 09:44:55,803 - INFO - vector_db_operations:_create_vector_db:307 - 入库文档块 363/704 | 标题: D:\401385\zizi-1.5-5.6\markdown_files\mvp\MVPSuppo | 内容预览: 1 经典场景 > 1.6 字符识别 > 方案人员

字符标注人员（测试期）、交付...
2025-06-18 09:44:55,912 - INFO - vector_db_operations:_create_vector_db:307 - 入库文档块 364/704 | 标题: D:\401385\zizi-1.5-5.6\markdown_files\mvp\MVPSuppo | 内容预览: 1 经典场景 > 1.7 深度学习检测 > 场景描述

通过深度学习技术检测产品，适用于检测药盒、包装盒等场景。...
2025-06-18 09:44:56,006 - INFO - vector_db_operations:_create_vector_db:307 - 入库文档块 365/704 | 标题: D:\401385\zizi-1.5-5.6\markdown_files\mvp\MVPSuppo | 内容预览: 1 经典场景 > 1.7 深度学习检测 > 硬件要求

- 带有显卡的工控机（训练） + 正常工控机（推理）...
2025-06-18 09:44:56,115 - INFO - vector_db_operations:_create_vector_db:307 - 入库文档块 366/704 | 标题: D:\401385\zizi-1.5-5.6\markdown_files\mvp\MVPSuppo | 内容预览: 1 经典场景 > 1.7 深度学习检测 > 数据流特征

- 生产前：字符训练集
- 生产中：深度学习检测
- 输出：检测结果...
2025-06-18 09:44:56,227 - INFO - vector_db_operations:_create_vector_db:307 - 入库文档块 367/704 | 标题: D:\401385\zizi-1.5-5.6\markdown_files\mvp\MVPSuppo | 内容预览: 1 经典场景 > 1.7 深度学习检测 > 方案人员

数据标注人员...
2025-06-18 09:44:56,320 - INFO - vector_db_operations:_create_vector_db:307 - 入库文档块 368/704 | 标题: D:\401385\zizi-1.5-5.6\markdown_files\mvp\MVPSuppo | 内容预览: 1 经典场景 > 1.8 机械臂定位抓取纠偏 > 场景描述

通过机械臂定位抓取并纠偏，适用于手机膜定位抓取、产品盖板定位等场景。...
2025-06-18 09:44:56,414 - INFO - vector_db_operations:_create_vector_db:307 - 入库文档块 369/704 | 标题: D:\401385\zizi-1.5-5.6\markdown_files\mvp\MVPSuppo | 内容预览: 1 经典场景 > 1.8 机械臂定位抓取纠偏 > 核心算法

- 九点标定
- 报文发送
- 纠偏...
2025-06-18 09:44:56,507 - INFO - vector_db_operations:_create_vector_db:307 - 入库文档块 370/704 | 标题: D:\401385\zizi-1.5-5.6\markdown_files\mvp\MVPSuppo | 内容预览: 1 经典场景 > 1.8 机械臂定位抓取纠偏 > 关键流程

- 使用九点标定锁定机械臂坐标
- 定位发送标定转换后坐标
- 机械臂纠偏...
2025-06-18 09:44:56,616 - INFO - vector_db_operations:_create_vector_db:307 - 入库文档块 371/704 | 标题: D:\401385\zizi-1.5-5.6\markdown_files\mvp\MVPSuppo | 内容预览: 1 经典场景 > 1.8 机械臂定位抓取纠偏 > 硬件要求

- 机械臂（需要确认机械臂旋转轴以及构造是否适合九点标定）...
2025-06-18 09:44:56,694 - INFO - vector_db_operations:_create_vector_db:307 - 入库文档块 372/704 | 标题: D:\401385\zizi-1.5-5.6\markdown_files\mvp\MVPSuppo | 内容预览: 1 经典场景 > 1.8 机械臂定位抓取纠偏 > 方案人员

数据标注人员...
2025-06-18 09:44:56,804 - INFO - vector_db_operations:_create_vector_db:307 - 入库文档块 373/704 | 标题: D:\401385\zizi-1.5-5.6\markdown_files\mvp\MVPSuppo | 内容预览: 1 经典场景 > 1.9 多二维码分个读取，读出显示绿色，失败的显示红色 > 场景描述

通过MVP软件读取多个二维码，并将读取成功的二维码标记为绿色，失败的标记为红色，适用于需要批量读取二维码的场景...
2025-06-18 09:44:56,899 - INFO - vector_db_operations:_create_vector_db:307 - 入库文档块 374/704 | 标题: D:\401385\zizi-1.5-5.6\markdown_files\mvp\MVPSuppo | 内容预览: 1 经典场景 > 1.9 多二维码分个读取，读出显示绿色，失败的显示红色 > 核心算法

- 二维码识别
- 逻辑判断...
2025-06-18 09:44:57,007 - INFO - vector_db_operations:_create_vector_db:307 - 入库文档块 375/704 | 标题: D:\401385\zizi-1.5-5.6\markdown_files\mvp\MVPSuppo | 内容预览: 1 经典场景 > 1.9 多二维码分个读取，读出显示绿色，失败的显示红色 > 数据流特征

- 输入：多个二维码图像
- 输出：读取结果（成功或失败）...
2025-06-18 09:44:57,101 - INFO - vector_db_operations:_create_vector_db:307 - 入库文档块 376/704 | 标题: D:\401385\zizi-1.5-5.6\markdown_files\mvp\MVPSuppo | 内容预览: 1 经典场景 > 1.9 多二维码分个读取，读出显示绿色，失败的显示红色 > 方案人员

技术工程师...
2025-06-18 09:44:57,211 - INFO - vector_db_operations:_create_vector_db:307 - 入库文档块 377/704 | 标题: D:\401385\zizi-1.5-5.6\markdown_files\mvp\MVPSuppo | 内容预览: 1 经典场景 > 1.10 MVP-HTTP通讯 > 场景描述

通过HTTP协议实现MVP软件与其他系统的数据交互，适用于需要远程数据传输的场景。...
2025-06-18 09:44:57,322 - INFO - vector_db_operations:_create_vector_db:307 - 入库文档块 378/704 | 标题: D:\401385\zizi-1.5-5.6\markdown_files\mvp\MVPSuppo | 内容预览: 1 经典场景 > 1.10 MVP-HTTP通讯 > 核心算法

- HTTP请求与响应...
2025-06-18 09:44:57,416 - INFO - vector_db_operations:_create_vector_db:307 - 入库文档块 379/704 | 标题: D:\401385\zizi-1.5-5.6\markdown_files\mvp\MVPSuppo | 内容预览: 1 经典场景 > 1.10 MVP-HTTP通讯 > 数据流特征

- 输入：HTTP请求数据
- 输出：HTTP响应数据...
2025-06-18 09:44:57,494 - INFO - vector_db_operations:_create_vector_db:307 - 入库文档块 380/704 | 标题: D:\401385\zizi-1.5-5.6\markdown_files\mvp\MVPSuppo | 内容预览: 1 经典场景 > 1.10 MVP-HTTP通讯 > 方案人员

网络工程师...
2025-06-18 09:44:57,606 - INFO - vector_db_operations:_create_vector_db:307 - 入库文档块 381/704 | 标题: D:\401385\zizi-1.5-5.6\markdown_files\mvp\MVPSuppo | 内容预览: 2 细分场景 > 2.1 多模板匹配取最适合的模板 > 场景描述

通过多模板匹配选择最适合的模板，适用于需要多模板匹配的场景。...
2025-06-18 09:44:57,668 - INFO - vector_db_operations:_create_vector_db:307 - 入库文档块 382/704 | 标题: D:\401385\zizi-1.5-5.6\markdown_files\mvp\MVPSuppo | 内容预览: 2 细分场景 > 2.1 多模板匹配取最适合的模板 > 核心算法

- MVP逻辑控制...
2025-06-18 09:44:57,761 - INFO - vector_db_operations:_create_vector_db:307 - 入库文档块 383/704 | 标题: D:\401385\zizi-1.5-5.6\markdown_files\mvp\MVPSuppo | 内容预览: 2 细分场景 > 2.1 多模板匹配取最适合的模板 > 方案人员

技术工程师...
2025-06-18 09:44:57,886 - INFO - vector_db_operations:_create_vector_db:307 - 入库文档块 384/704 | 标题: D:\401385\zizi-1.5-5.6\markdown_files\mvp\MVPSuppo | 内容预览: 2 细分场景 > 2.2 动态计数排除掉重复工件 > 场景描述

通过动态计数排除重复工件，适用于需要精确计数的场景。...
2025-06-18 09:44:57,996 - INFO - vector_db_operations:_create_vector_db:307 - 入库文档块 385/704 | 标题: D:\401385\zizi-1.5-5.6\markdown_files\mvp\MVPSuppo | 内容预览: 2 细分场景 > 2.2 动态计数排除掉重复工件 > 核心算法

- 动态计数...
2025-06-18 09:44:58,074 - INFO - vector_db_operations:_create_vector_db:307 - 入库文档块 386/704 | 标题: D:\401385\zizi-1.5-5.6\markdown_files\mvp\MVPSuppo | 内容预览: 2 细分场景 > 2.2 动态计数排除掉重复工件 > 方案人员

技术工程师...
2025-06-18 09:44:58,169 - INFO - vector_db_operations:_create_vector_db:307 - 入库文档块 387/704 | 标题: D:\401385\zizi-1.5-5.6\markdown_files\mvp\MVPSuppo | 内容预览: 2 细分场景 > 2.3 Modbus传送带检测踢掉、并延时踢 > 场景描述

通过Modbus控制传送带检测并延时踢掉不合格工件，适用于需要检测并踢掉不合格工件的场景。...
2025-06-18 09:44:58,249 - INFO - vector_db_operations:_create_vector_db:307 - 入库文档块 388/704 | 标题: D:\401385\zizi-1.5-5.6\markdown_files\mvp\MVPSuppo | 内容预览: 2 细分场景 > 2.3 Modbus传送带检测踢掉、并延时踢 > 核心算法

- 拍照
- 斑点检测
- 斑点...
2025-06-18 09:44:58,360 - INFO - vector_db_operations:_create_vector_db:307 - 入库文档块 389/704 | 标题: D:\401385\zizi-1.5-5.6\markdown_files\mvp\MVPSuppo | 内容预览: 2 细分场景 > 2.3 Modbus传送带检测踢掉、并延时踢 > 关键流程

- 检测到不合格的延时两秒后踢掉...
2025-06-18 09:44:58,469 - INFO - vector_db_operations:_create_vector_db:307 - 入库文档块 390/704 | 标题: D:\401385\zizi-1.5-5.6\markdown_files\mvp\MVPSuppo | 内容预览: 2 细分场景 > 2.3 Modbus传送带检测踢掉、并延时踢 > 硬件要求

- PLC
- 华睿相机（或其他适用于MVP中相机IO的相机）...
2025-06-18 09:44:58,581 - INFO - vector_db_operations:_create_vector_db:307 - 入库文档块 391/704 | 标题: D:\401385\zizi-1.5-5.6\markdown_files\mvp\MVPSuppo | 内容预览: 2 细分场景 > 2.3 Modbus传送带检测踢掉、并延时踢 > 方案人员

技术工程师...
2025-06-18 09:44:58,674 - INFO - vector_db_operations:_create_vector_db:307 - 入库文档块 392/704 | 标题: D:\401385\zizi-1.5-5.6\markdown_files\mvp\MVPSuppo | 内容预览: 3 场景待办

- **创建统一的每个场景格式，并填入信息**：确保每个场景的描述、核心算法、硬件要求等字段完整。
- **加上场景实体搭建图**：为每个场景添加实体搭建图，便于理解。
- **加上粗...
2025-06-18 09:44:58,785 - INFO - vector_db_operations:_create_vector_db:307 - 入库文档块 393/704 | 标题: D:\401385\zizi-1.5-5.6\markdown_files\mvp\MVPSuppo | 内容预览: 4 小结

MVP软件在多种场景中展现了其强大的功能，从PLC通讯到深度学习检测，再到机械臂定位抓取，MVP能够满足不同行业的需求。通过规范化的场景描述和流程设计，可以更好地发挥MVP的潜力，提升生产...
2025-06-18 09:44:58,926 - INFO - vector_db_operations:_create_vector_db:307 - 入库文档块 394/704 | 标题: D:\401385\zizi-1.5-5.6\markdown_files\mvp\MVPSuppo | 内容预览: MVP算子拖放失败排查指南 > 文档标识

| 属性                | 内容                                                      ...
2025-06-18 09:44:59,021 - INFO - vector_db_operations:_create_vector_db:307 - 入库文档块 395/704 | 标题: D:\401385\zizi-1.5-5.6\markdown_files\mvp\MVPSuppo | 内容预览: 1. 问题描述

**典型场景**
MVP算子拖放失败，常表现为无法将算子或模块拖放到工作区中。  
**异常现象**
- 算子无法拖放到工作区
- 模块无法拖放到工作区
- 模板匹配无法拖放到工作区...
2025-06-18 09:44:59,132 - INFO - vector_db_operations:_create_vector_db:307 - 入库文档块 396/704 | 标题: D:\401385\zizi-1.5-5.6\markdown_files\mvp\MVPSuppo | 内容预览: 2. 解决方案 > 2.1 重启/重装MVP > 操作步骤：

1. 关闭MVP软件
2. 重新启动MVP软件
3. 如果问题仍然存在，尝试卸载并重新安装MVP软件...
2025-06-18 09:44:59,242 - INFO - vector_db_operations:_create_vector_db:307 - 入库文档块 397/704 | 标题: D:\401385\zizi-1.5-5.6\markdown_files\mvp\MVPSuppo | 内容预览: 2. 解决方案 > 2.2 检查环境变量设置 > 操作步骤：

1. 访问系统环境变量配置
- Windows系统路径：`控制面板 > 系统与安全 > 系统 > 高级系统设置 > 环境变量`
1. 验...
2025-06-18 09:44:59,351 - INFO - vector_db_operations:_create_vector_db:307 - 入库文档块 398/704 | 标题: D:\401385\zizi-1.5-5.6\markdown_files\mvp\MVPSuppo | 内容预览: 2. 解决方案 > 2.3 检查并安装缺失的库文件 > 操作步骤：

1. 检查系统中已安装的Windows C++库文件
2. 安装缺失的库文件
- Microsoft Visual C++ 201...
2025-06-18 09:44:59,478 - INFO - vector_db_operations:_create_vector_db:307 - 入库文档块 399/704 | 标题: D:\401385\zizi-1.5-5.6\markdown_files\mvp\MVPSuppo | 内容预览: 3. 根因分析 > 技术原理

| 维度         | 说明                                                                 |
...
2025-06-18 09:44:59,588 - INFO - vector_db_operations:_create_vector_db:307 - 入库文档块 400/704 | 标题: D:\401385\zizi-1.5-5.6\markdown_files\mvp\MVPSuppo | 内容预览: 工程运行导致工控机重启问题排查与解决 > 文档标识

| 属性                | 内容                                                 ...
2025-06-18 09:45:27,288 - DEBUG - vector_db_operations:_create_vector_db:329 - 向量库初始化 | 批次: 4 | 文档数: 100
2025-06-18 09:45:27,368 - INFO - vector_db_operations:_create_vector_db:307 - 入库文档块 401/704 | 标题: D:\401385\zizi-1.5-5.6\markdown_files\mvp\MVPSuppo | 内容预览: 1. 问题症状描述

**典型场景**
当用户运行工程任务时，工控机会出现无故重启的现象。  
**异常现象**
- 无明确错误提示，系统直接重启。
- 任务管理器（Task Manager）中显示C...
2025-06-18 09:45:27,480 - INFO - vector_db_operations:_create_vector_db:307 - 入库文档块 402/704 | 标题: D:\401385\zizi-1.5-5.6\markdown_files\mvp\MVPSuppo | 内容预览: 2. 快速解决路径 > 2.1 初级解决方案（5分钟内） > 操作步骤：

1. 检查任务管理器（Task Manager）中的CPU和内存使用情况。
- 打开任务管理器：`Ctrl + Shift ...
2025-06-18 09:45:27,606 - INFO - vector_db_operations:_create_vector_db:307 - 入库文档块 403/704 | 标题: D:\401385\zizi-1.5-5.6\markdown_files\mvp\MVPSuppo | 内容预览: 2. 快速解决路径 > 2.2 高级解决方案（需工程师介入） > 操作步骤：

1. 联系现场进行工控机硬件升级。...
2025-06-18 09:45:27,716 - INFO - vector_db_operations:_create_vector_db:307 - 入库文档块 404/704 | 标题: D:\401385\zizi-1.5-5.6\markdown_files\mvp\MVPSuppo | 内容预览: 3. 根本原因分析 > 技术原理

| 维度         | 说明                                                                 ...
2025-06-18 09:45:27,839 - INFO - vector_db_operations:_create_vector_db:307 - 入库文档块 405/704 | 标题: D:\401385\zizi-1.5-5.6\markdown_files\mvp\MVPSuppo | 内容预览: 大华维修站MVP工程使用手册与常见问题 > 文档标识...
2025-06-18 09:45:27,961 - INFO - vector_db_operations:_create_vector_db:307 - 入库文档块 406/704 | 标题: D:\401385\zizi-1.5-5.6\markdown_files\mvp\MVPSuppo | 内容预览: | 属性                | 内容                                                                 |
|--------...
2025-06-18 09:45:28,056 - INFO - vector_db_operations:_create_vector_db:307 - 入库文档块 407/704 | 标题: D:\401385\zizi-1.5-5.6\markdown_files\mvp\MVPSuppo | 内容预览: 1. 必须资源（2025.2.28 更新）

- 最新维修站工程：`大华维修站工程(彩色相机+读码水印).zip`
- 最新MVP版本资源：`【维修站特供版】MVP_win64_V4.1.0_Proj...
2025-06-18 09:45:28,165 - INFO - vector_db_operations:_create_vector_db:307 - 入库文档块 408/704 | 标题: D:\401385\zizi-1.5-5.6\markdown_files\mvp\MVPSuppo | 内容预览: 2. 部署描述 > 操作步骤：

1. 下载MVP新版本。
2. 打开新工程文件前，将三个库文件放置到指定位置：
- 两个库文件放入`C#dll`库文件夹。
- 根目录的一个库文件暂时无需放置。
3....
2025-06-18 09:45:28,273 - INFO - vector_db_operations:_create_vector_db:307 - 入库文档块 409/704 | 标题: D:\401385\zizi-1.5-5.6\markdown_files\mvp\MVPSuppo | 内容预览: 3. 常见问题 > 3.1 没有心跳 > 解决方法：

1. 排查网络连接是否正常，尝试访问以下网址：
- `http://10.1.109.45:8086/repaircore/hrWorkOrde...
2025-06-18 09:45:28,397 - INFO - vector_db_operations:_create_vector_db:307 - 入库文档块 410/704 | 标题: D:\401385\zizi-1.5-5.6\markdown_files\mvp\MVPSuppo | 内容预览: 3. 常见问题 > 3.2 打开工程报“当前工程有参数连线丢失，请检查工程” > 解决方法：

1. 重新查看本文档第二章部署描述，确认每一步都已正确执行。
2. 若问题仍存在，请在群内反馈。...
2025-06-18 09:45:28,507 - INFO - vector_db_operations:_create_vector_db:307 - 入库文档块 411/704 | 标题: D:\401385\zizi-1.5-5.6\markdown_files\mvp\MVPSuppo | 内容预览: 3. 常见问题 > 3.3 MVP频繁存在闪退现象 > 解决方法：

1. 替换软件根目录的`VisionToolCommunication64.dll`库文件，并重启软件与工程。
2. 若问题仍存在...
2025-06-18 09:45:28,616 - INFO - vector_db_operations:_create_vector_db:307 - 入库文档块 412/704 | 标题: D:\401385\zizi-1.5-5.6\markdown_files\mvp\MVPSuppo | 内容预览: 3. 常见问题 > 3.4 软件运行一段时间占用硬盘容量过大（常伴随频繁闪退现象） > 解决方法：

1. 打开软件根目录（可通过右键桌面图标打开）。
2. 查看根目录中是否有`DUMP`开头的文件：...
2025-06-18 09:45:28,758 - INFO - vector_db_operations:_create_vector_db:307 - 入库文档块 413/704 | 标题: D:\401385\zizi-1.5-5.6\markdown_files\mvp\MVPSuppo | 内容预览: 3. 常见问题 > 3.5 有心跳有相机，但是网络上传不了图 > 解决方法：

1. 多为网络权限问题，联系夏润杰申请权限。
2. 权限申请链接：[原文链接](https://blog.csdn.ne...
2025-06-18 09:45:28,898 - INFO - vector_db_operations:_create_vector_db:307 - 入库文档块 414/704 | 标题: D:\401385\zizi-1.5-5.6\markdown_files\mvp\MVPSuppo | 内容预览: 环境信息收集指南 > 文档标识

| 属性                | 内容                                                           ...
2025-06-18 09:45:29,010 - INFO - vector_db_operations:_create_vector_db:307 - 入库文档块 415/704 | 标题: D:\401385\zizi-1.5-5.6\markdown_files\mvp\MVPSuppo | 内容预览: 1. 信息收集步骤 > 1.1 MVP版本信息 > 操作步骤：

1. 打开MVP软件
2. 点击菜单栏中的“帮助”
3. 选择“关于”选项
4. 记录显示的MVP版本信息...
2025-06-18 09:45:29,118 - INFO - vector_db_operations:_create_vector_db:307 - 入库文档块 416/704 | 标题: D:\401385\zizi-1.5-5.6\markdown_files\mvp\MVPSuppo | 内容预览: 1. 信息收集步骤 > 1.2 操作系统信息 > 操作步骤：

1. 右键点击“此电脑”或“我的电脑”
2. 选择“属性”
3. 记录显示的操作系统版本和系统类型（32位或64位）...
2025-06-18 09:45:29,211 - INFO - vector_db_operations:_create_vector_db:307 - 入库文档块 417/704 | 标题: D:\401385\zizi-1.5-5.6\markdown_files\mvp\MVPSuppo | 内容预览: 1. 信息收集步骤 > 1.3 MVP及MV日志收集 > 操作步骤：

1. 右键点击桌面上的MVP快捷方式
2. 选择“打开文件所在的位置”
3. 定位到日志文件夹（默认路径：`C:\Program...
2025-06-18 09:45:29,319 - INFO - vector_db_operations:_create_vector_db:307 - 入库文档块 418/704 | 标题: D:\401385\zizi-1.5-5.6\markdown_files\mvp\MVPSuppo | 内容预览: 1. 信息收集步骤 > 1.3 MVP及MV日志收集 > 日志路径：

- **MVP日志**：`C:\Program Files\IRayple\MVP\Application\win64\Log`...
2025-06-18 09:45:29,413 - INFO - vector_db_operations:_create_vector_db:307 - 入库文档块 419/704 | 标题: D:\401385\zizi-1.5-5.6\markdown_files\mvp\MVPSuppo | 内容预览: 1. 信息收集步骤 > 1.4 dump文件收集 > 操作步骤：

1. 在MVP安装目录下查找生成的dump文件
2. 默认路径：`C:\Program Files\IRayple\MVP\Appl...
2025-06-18 09:45:29,538 - INFO - vector_db_operations:_create_vector_db:307 - 入库文档块 420/704 | 标题: D:\401385\zizi-1.5-5.6\markdown_files\mvp\MVPSuppo | 内容预览: 2. 注意事项

- **日志策略修改**：如需更改日志打印策略，可在`C:\Program Files\IRayple\MVP\Application\win64`路径下修改配置文件
- **dum...
2025-06-18 09:45:29,648 - INFO - vector_db_operations:_create_vector_db:307 - 入库文档块 421/704 | 标题: D:\401385\zizi-1.5-5.6\markdown_files\mvp\MVPSuppo | 内容预览: 加密狗规格型号与功能对照表 > 文档标识

| 属性                | 内容                                                      ...
2025-06-18 09:45:29,771 - INFO - vector_db_operations:_create_vector_db:307 - 入库文档块 422/704 | 标题: D:\401385\zizi-1.5-5.6\markdown_files\mvp\MVPSuppo | 内容预览: 1. 加密狗规格型号与功能对照...
2025-06-18 09:45:29,849 - INFO - vector_db_operations:_create_vector_db:307 - 入库文档块 423/704 | 标题: D:\401385\zizi-1.5-5.6\markdown_files\mvp\MVPSuppo | 内容预览: | 规格型号            | 物料中文名称描述                              | 物料英文名称描述                              | ...
2025-06-18 09:45:29,976 - INFO - vector_db_operations:_create_vector_db:307 - 入库文档块 424/704 | 标题: D:\401385\zizi-1.5-5.6\markdown_files\mvp\MVPSuppo | 内容预览: | HR-EK04-B           | 中性通用MVP算法库全功能软加密狗HR-EK04-B      | MVP Algorithm Library Full Function Soft U...
2025-06-18 09:45:30,085 - INFO - vector_db_operations:_create_vector_db:307 - 入库文档块 425/704 | 标题: D:\401385\zizi-1.5-5.6\markdown_files\mvp\MVPSuppo | 内容预览: | HR-EK03-A-Code      | 中性通用MVP算法平台读码功能硬加密狗HR-EK03-A-Code | MVP Code Reading U-key                  ...
2025-06-18 09:45:30,195 - INFO - vector_db_operations:_create_vector_db:307 - 入库文档块 426/704 | 标题: D:\401385\zizi-1.5-5.6\markdown_files\mvp\MVPSuppo | 内容预览: | HR-EK03-B-Code&Pos&Mea | 中性通用MVP算法平台读码&定位&测量功能软加密狗HR-EK03-B-Code&Pos&Mea | MVP Code Reading and Po...
2025-06-18 09:45:30,302 - INFO - vector_db_operations:_create_vector_db:307 - 入库文档块 427/704 | 标题: D:\401385\zizi-1.5-5.6\markdown_files\mvp\MVPSuppo | 内容预览: 2. 加密狗功能说明 > 2.1 深度学习功能支持情况

| 加密狗版本 | 功能支持说明                                                       ...
2025-06-18 09:45:30,427 - INFO - vector_db_operations:_create_vector_db:307 - 入库文档块 428/704 | 标题: D:\401385\zizi-1.5-5.6\markdown_files\mvp\MVPSuppo | 内容预览: 2. 加密狗功能说明 > 2.2 其他功能说明

- **训练与推理**：部分加密狗支持深度学习训练和推理功能，具体支持情况请参考上表。
- **读码功能**：部分加密狗支持读码功能，适用于需要读取条...
2025-06-18 09:45:30,552 - INFO - vector_db_operations:_create_vector_db:307 - 入库文档块 429/704 | 标题: D:\401385\zizi-1.5-5.6\markdown_files\mvp\MVPSuppo | 内容预览: 3. 注意事项

- **功能限制**：请根据实际需求选择合适的加密狗版本，确保所需功能得到支持。
- **版本兼容性**：确保加密狗版本与MVP软件版本兼容，以避免功能异常或无法使用的情况。
- *...
2025-06-18 09:45:30,675 - INFO - vector_db_operations:_create_vector_db:307 - 入库文档块 430/704 | 标题: D:\401385\zizi-1.5-5.6\markdown_files\mvp\MVPSuppo | 内容预览: 加密狗授权使用指南 > 文档标识

| 属性                | 内容                                                          ...
2025-06-18 09:45:30,785 - INFO - vector_db_operations:_create_vector_db:307 - 入库文档块 431/704 | 标题: D:\401385\zizi-1.5-5.6\markdown_files\mvp\MVPSuppo | 内容预览: 1. 加密狗授权方式 > 1.1 硬加密授权 > 操作步骤：

1. 插入硬件加密狗（确保加密狗在有效期内）
2. 启动MVP软件，系统会自动识别加密狗并完成授权
3. **注意**：若加密狗过期，需...
2025-06-18 09:45:30,912 - INFO - vector_db_operations:_create_vector_db:307 - 入库文档块 432/704 | 标题: D:\401385\zizi-1.5-5.6\markdown_files\mvp\MVPSuppo | 内容预览: 1. 加密狗授权方式 > 1.2 软加密授权 > 1.2.1 在线授权

#### 操作步骤：
1. 安装深思加密软件
- 安装路径：`C:\Program Files\IRayple\MVP\Dri...
2025-06-18 09:45:31,056 - INFO - vector_db_operations:_create_vector_db:307 - 入库文档块 433/704 | 标题: D:\401385\zizi-1.5-5.6\markdown_files\mvp\MVPSuppo | 内容预览: 1. 加密狗授权方式 > 1.2 软加密授权 > 1.2.2 离线授权

#### 操作步骤：
1. 生成离线绑定C2D文件
2. 在有网络的PC上访问授权码兑换网页
- 输入授权码及验证码，点击登录...
2025-06-18 09:45:31,181 - INFO - vector_db_operations:_create_vector_db:307 - 入库文档块 434/704 | 标题: D:\401385\zizi-1.5-5.6\markdown_files\mvp\MVPSuppo | 内容预览: 2. 常见问题解答（FAQ） > 2.1 加密狗授权失败

- **可能原因**：
- 加密狗未正确插入
- 加密狗已过期
- 授权码输入错误
- **解决方案**：
- 检查加密狗连接状态
- 更换...
2025-06-18 09:45:31,321 - INFO - vector_db_operations:_create_vector_db:307 - 入库文档块 435/704 | 标题: D:\401385\zizi-1.5-5.6\markdown_files\mvp\MVPSuppo | 内容预览: 2. 常见问题解答（FAQ） > 2.2 软加密授权无法激活

- **可能原因**：
- 深思加密软件未正确安装
- 网络连接异常
- **解决方案**：
- 重新安装深思加密软件
- 检查网络连接...
2025-06-18 09:45:31,431 - INFO - vector_db_operations:_create_vector_db:307 - 入库文档块 436/704 | 标题: D:\401385\zizi-1.5-5.6\markdown_files\mvp\MVPSuppo | 内容预览: 2. 常见问题解答（FAQ） > 2.3 离线授权文件生成失败

- **可能原因**：
- C2D文件生成步骤错误
- 授权码兑换网页访问异常
- **解决方案**：
- 重新生成C2D文件
- 检...
2025-06-18 09:45:31,539 - INFO - vector_db_operations:_create_vector_db:307 - 入库文档块 437/704 | 标题: D:\401385\zizi-1.5-5.6\markdown_files\mvp\MVPSuppo | 内容预览: 3. 注意事项

- **加密狗有效期**：确保加密狗在有效期内使用，过期需及时更换或重新授权
- **授权码保管**：妥善保管授权码，避免泄露或丢失
- **网络环境**：在线授权需确保网络连接正常...
2025-06-18 09:45:31,618 - INFO - vector_db_operations:_create_vector_db:307 - 入库文档块 438/704 | 标题: D:\401385\zizi-1.5-5.6\markdown_files\mvp\MVPSuppo | 内容预览: 加密狗FAQ文档 > 文档标识

| 属性                | 内容                                                           ...
2025-06-18 09:45:31,758 - INFO - vector_db_operations:_create_vector_db:307 - 入库文档块 439/704 | 标题: D:\401385\zizi-1.5-5.6\markdown_files\mvp\MVPSuppo | 内容预览: 1. 深思加密相关问题 > 1.1 无加密狗问题 > 1.1.1 验证驱动安装

- **问题现象**：
- MVP软件启动提示无加密狗
- 算法包调用算法接口返回-1305
- **解决方案**：
...
2025-06-18 09:45:31,866 - INFO - vector_db_operations:_create_vector_db:307 - 入库文档块 440/704 | 标题: D:\401385\zizi-1.5-5.6\markdown_files\mvp\MVPSuppo | 内容预览: 1. 深思加密相关问题 > 1.1 无加密狗问题 > 1.1.2 验证Virbox服务状态

- **问题现象**：
- Virbox用户工具提示“SS服务器未启动，核心功能不可用！”
- **解决方...
2025-06-18 09:45:31,974 - INFO - vector_db_operations:_create_vector_db:307 - 入库文档块 441/704 | 标题: D:\401385\zizi-1.5-5.6\markdown_files\mvp\MVPSuppo | 内容预览: 1. 深思加密相关问题 > 1.1 无加密狗问题 > 1.1.3 验证绑定授权码状态

- **问题现象**：
- 未绑定授权码或授权码到期
- **解决方案**：
1. 检查是否已绑定授权码（101...
2025-06-18 09:45:32,098 - INFO - vector_db_operations:_create_vector_db:307 - 入库文档块 442/704 | 标题: D:\401385\zizi-1.5-5.6\markdown_files\mvp\MVPSuppo | 内容预览: 1. 深思加密相关问题 > 1.1 无加密狗问题 > 1.1.4 验证硬件锁状态

- **问题现象**：
- 硬件锁无法识别
- **解决方案**：
1. 检查设备管理器是否识别到硬件锁，尝试插拔或...
2025-06-18 09:45:32,193 - INFO - vector_db_operations:_create_vector_db:307 - 入库文档块 443/704 | 标题: D:\401385\zizi-1.5-5.6\markdown_files\mvp\MVPSuppo | 内容预览: 1. 深思加密相关问题 > 1.1 无加密狗问题 > 1.1.5 特殊情况

- **问题现象**：
- 天准用户使用不同版本Virbox用户工具导致兼容性问题
- **解决方案**：
1. 使用基于...
2025-06-18 09:45:32,317 - INFO - vector_db_operations:_create_vector_db:307 - 入库文档块 444/704 | 标题: D:\401385\zizi-1.5-5.6\markdown_files\mvp\MVPSuppo | 内容预览: 1. 深思加密相关问题 > 1.2 授权问题 > 1.2.1 授权码网页兑换页面显示异常

- **解决方案**：
- 使用谷歌浏览器进行兑换...
2025-06-18 09:45:32,442 - INFO - vector_db_operations:_create_vector_db:307 - 入库文档块 445/704 | 标题: D:\401385\zizi-1.5-5.6\markdown_files\mvp\MVPSuppo | 内容预览: 1. 深思加密相关问题 > 1.2 授权问题 > 1.2.2 C2D文件过期

- **解决方案**：
1. 生成C2D文件时，确保设备时间为当前实际时间
2. 默认C2D/D2C文件有效期为1天，超...
2025-06-18 09:45:32,568 - INFO - vector_db_operations:_create_vector_db:307 - 入库文档块 446/704 | 标题: D:\401385\zizi-1.5-5.6\markdown_files\mvp\MVPSuppo | 内容预览: 1. 深思加密相关问题 > 1.2 授权问题 > 1.2.3 授权码绑定到达上限

- **解决方案**：
1. 试用授权码模板已更新为不限制绑定设备数
2. 若为旧模板，联系开发人员修改绑定设备数
...
2025-06-18 09:45:32,690 - INFO - vector_db_operations:_create_vector_db:307 - 入库文档块 447/704 | 标题: D:\401385\zizi-1.5-5.6\markdown_files\mvp\MVPSuppo | 内容预览: 1. 深思加密相关问题 > 1.3 Virbox用户工具问题 > 1.3.1 服务默认未启动

- **解决方案**：
1. 在任务管理器中，将Sense Shield Service启动类型设置为自...
2025-06-18 09:45:32,799 - INFO - vector_db_operations:_create_vector_db:307 - 入库文档块 448/704 | 标题: D:\401385\zizi-1.5-5.6\markdown_files\mvp\MVPSuppo | 内容预览: 1. 深思加密相关问题 > 1.3 Virbox用户工具问题 > 1.3.2 定时加密狗崩溃

- **解决方案**：
1. 检查任务计划程序，删除sense restart事件任务
2. 确保加密狗...
2025-06-18 09:45:32,908 - INFO - vector_db_operations:_create_vector_db:307 - 入库文档块 449/704 | 标题: D:\401385\zizi-1.5-5.6\markdown_files\mvp\MVPSuppo | 内容预览: 2. 华睿软加密相关问题 > 2.1 无加密狗问题 > 2.1.1 验证授权文件位置

- **问题现象**：
- 授权文件未正确放置，导致授权失败
- **解决方案**：
1. 确保授权文件`alg...
2025-06-18 09:45:33,018 - INFO - vector_db_operations:_create_vector_db:307 - 入库文档块 450/704 | 标题: D:\401385\zizi-1.5-5.6\markdown_files\mvp\MVPSuppo | 内容预览: 2. 华睿软加密相关问题 > 2.1 无加密狗问题 > 2.1.2 验证授权文件有效期

- **问题现象**：
- 加密库接口返回错误码-1320（时间校验失败）
- **解决方案**：
1. 若为...
2025-06-18 09:45:33,113 - INFO - vector_db_operations:_create_vector_db:307 - 入库文档块 451/704 | 标题: D:\401385\zizi-1.5-5.6\markdown_files\mvp\MVPSuppo | 内容预览: 3. 华睿相机加密相关问题 > 3.1 无加密狗问题 > 3.1.1 验证相机序列号

- **问题现象**：
- 相机序列号不符合要求，导致校验失败
- **解决方案**：
1. 检查相机序列号是否...
2025-06-18 09:45:33,223 - INFO - vector_db_operations:_create_vector_db:307 - 入库文档块 452/704 | 标题: D:\401385\zizi-1.5-5.6\markdown_files\mvp\MVPSuppo | 内容预览: 3. 华睿相机加密相关问题 > 3.1 无加密狗问题 > 3.1.2 验证是否存在其他设备

- **问题现象**：
- 局域网内存在其他Gige设备，导致相机校验失败
- **解决方案**：
1. ...
2025-06-18 09:45:33,334 - INFO - vector_db_operations:_create_vector_db:307 - 入库文档块 453/704 | 标题: D:\401385\zizi-1.5-5.6\markdown_files\mvp\MVPSuppo | 内容预览: 4. 通用配置 > 4.1 验证加密库配置文件

- **问题现象**：
- 加密方式配置项未启用
- **解决方案**：
1. 检查加密库配置文件`DongleConfig.ini`
2. 确保配置...
2025-06-18 09:45:33,442 - INFO - vector_db_operations:_create_vector_db:307 - 入库文档块 454/704 | 标题: D:\401385\zizi-1.5-5.6\markdown_files\mvp\MVPSuppo | 内容预览: 4. 通用配置 > 4.2 采集调试信息

- **问题现象**：
- 需要排查加密狗相关问题
- **解决方案**：
1. 在可执行目录的工作空间（如MVP安装目录或算法包demo目录）中查找`Lo...
2025-06-18 09:45:33,552 - INFO - vector_db_operations:_create_vector_db:307 - 入库文档块 455/704 | 标题: D:\401385\zizi-1.5-5.6\markdown_files\mvp\MVPSuppo | 内容预览: 5. 注意事项

- **驱动兼容性**：确保驱动版本与操作系统兼容，避免安装失败或功能异常
- **授权文件管理**：妥善保管授权文件，避免丢失或损坏
- **设备时间校准**：确保设备时间准确，避...
2025-06-18 09:45:33,675 - INFO - vector_db_operations:_create_vector_db:307 - 入库文档块 456/704 | 标题: D:\401385\zizi-1.5-5.6\markdown_files\mvp\MVPSuppo | 内容预览: 仿真器 > 问题描述

**典型场景**
仿真器加载超过100张10M以上的文件夹图片时，实际只加载了100张。...
2025-06-18 09:45:33,817 - INFO - vector_db_operations:_create_vector_db:307 - 入库文档块 457/704 | 标题: D:\401385\zizi-1.5-5.6\markdown_files\mvp\MVPSuppo | 内容预览: 仿真器 > 原因分析

为了控制MVP内存占用过多，目前限定10M以上的图片加载数量为100张。...
2025-06-18 09:45:33,895 - INFO - vector_db_operations:_create_vector_db:307 - 入库文档块 458/704 | 标题: D:\401385\zizi-1.5-5.6\markdown_files\mvp\MVPSuppo | 内容预览: 相机问题处理指南 > 文档标识

| 属性                | 内容                                                           ...
2025-06-18 09:45:34,005 - INFO - vector_db_operations:_create_vector_db:307 - 入库文档块 459/704 | 标题: D:\401385\zizi-1.5-5.6\markdown_files\mvp\MVPSuppo | 内容预览: 1. 问题描述

**典型场景**
相机在使用过程中出现的各种异常情况，包括拉流失败、触发模式耗时过长、连接失败等。...
2025-06-18 09:45:34,130 - INFO - vector_db_operations:_create_vector_db:307 - 入库文档块 460/704 | 标题: D:\401385\zizi-1.5-5.6\markdown_files\mvp\MVPSuppo | 内容预览: 2. 解决方案 > 2.1 相机拉流失败 > 操作步骤：

1. 使用MV查看是否能够拉流，确定是否是相机本身问题。
2. 查看带宽，是否是拉流超时导致（网线、网卡需要千兆）。
3. 增加单帧超时时间...
2025-06-18 09:45:34,237 - INFO - vector_db_operations:_create_vector_db:307 - 入库文档块 461/704 | 标题: D:\401385\zizi-1.5-5.6\markdown_files\mvp\MVPSuppo | 内容预览: 2. 解决方案 > 2.2 硬触发模式耗时过长 > 操作步骤：

1. 触发信号等待时间过长，尝试快速产生触发信号。
2. 调整算子配置中的超时时间。...
2025-06-18 09:45:34,344 - INFO - vector_db_operations:_create_vector_db:307 - 入库文档块 462/704 | 标题: D:\401385\zizi-1.5-5.6\markdown_files\mvp\MVPSuppo | 内容预览: 2. 解决方案 > 2.3 相机连接失败 > 操作步骤：

1. 查看相机上的信号灯，是否是红灯慢闪烁的状态，如果是检查网线是否松动，或者网卡是否异常，或者是相机本身已经损坏。
2. 检查其他软件或者...
2025-06-18 09:45:34,471 - INFO - vector_db_operations:_create_vector_db:307 - 入库文档块 463/704 | 标题: D:\401385\zizi-1.5-5.6\markdown_files\mvp\MVPSuppo | 内容预览: 2. 解决方案 > 2.4 多个相机无法同时取图 > 操作步骤：

1. 增加多任务同步模块，多个相机算子放在同步模块里（4.0版本解决办法）。...
2025-06-18 09:45:34,597 - INFO - vector_db_operations:_create_vector_db:307 - 入库文档块 464/704 | 标题: D:\401385\zizi-1.5-5.6\markdown_files\mvp\MVPSuppo | 内容预览: 2. 解决方案 > 2.5 曝光值未更新 > 操作步骤：

1. 降低帧率，在MV里设置，将该参数设置调高，帧率会下降。...
2025-06-18 09:45:34,724 - INFO - vector_db_operations:_create_vector_db:307 - 入库文档块 465/704 | 标题: D:\401385\zizi-1.5-5.6\markdown_files\mvp\MVPSuppo | 内容预览: 2. 解决方案 > 2.6 使用MVP配置 > 操作步骤：

1. 相机本身会保存一些参数，如曝光、增益、伽马等，在使用相机算子时，如果相机算子使用MVP配置没勾选，此时取像的一些参数是无法设置的，相...
2025-06-18 09:45:34,834 - INFO - vector_db_operations:_create_vector_db:307 - 入库文档块 466/704 | 标题: D:\401385\zizi-1.5-5.6\markdown_files\mvp\MVPSuppo | 内容预览: 2. 解决方案 > 2.7 相机算子耗时高/黑屏不稳定 > 操作步骤：

1. 确认相机是否连接成功，曝光时间等相机设置是否正确。
2. 确认工程中是否有其他相机算子抢占相机资源（大概率是这个原因）。...
2025-06-18 09:45:34,960 - INFO - vector_db_operations:_create_vector_db:307 - 入库文档块 467/704 | 标题: D:\401385\zizi-1.5-5.6\markdown_files\mvp\MVPSuppo | 内容预览: 3. 根因分析 > 技术原理

| 维度         | 说明                                                                 |
...
2025-06-18 09:45:35,085 - INFO - vector_db_operations:_create_vector_db:307 - 入库文档块 468/704 | 标题: D:\401385\zizi-1.5-5.6\markdown_files\mvp\MVPSuppo | 内容预览: 斑点检测 > 文档标识

| 属性                | 内容                                                               ...
2025-06-18 09:45:35,193 - INFO - vector_db_operations:_create_vector_db:307 - 入库文档块 469/704 | 标题: D:\401385\zizi-1.5-5.6\markdown_files\mvp\MVPSuppo | 内容预览: 斑点检测 > 1. 功能概述

斑点检测用于识别图像中的斑点区域，并支持对斑点进行排序、筛选及形态学处理。...
2025-06-18 09:45:35,255 - INFO - vector_db_operations:_create_vector_db:307 - 入库文档块 470/704 | 标题: D:\401385\zizi-1.5-5.6\markdown_files\mvp\MVPSuppo | 内容预览: 斑点检测 > 2. 功能使用说明 > 2.1 斑点排序

- **问题**：如何将斑点结果按行排序？
- **解决方案**：
- 目前只能通过脚本来实现按行排序。
- 使用Python脚本算子中的`s...
2025-06-18 09:45:35,380 - INFO - vector_db_operations:_create_vector_db:307 - 入库文档块 471/704 | 标题: D:\401385\zizi-1.5-5.6\markdown_files\mvp\MVPSuppo | 内容预览: 斑点检测 > 2. 功能使用说明 > 2.2 斑点数量限制

- **问题**：最多支持检测多少斑点？
- **答案**：最多支持检测4096个斑点。...
2025-06-18 09:45:35,506 - INFO - vector_db_operations:_create_vector_db:307 - 入库文档块 472/704 | 标题: D:\401385\zizi-1.5-5.6\markdown_files\mvp\MVPSuppo | 内容预览: 斑点检测 > 2. 功能使用说明 > 2.3 圆度筛选

- **问题**：圆度筛选值如何配置？圆度值如何计算？
- **解决方案**：
- 打开圆度过滤使能，设置圆度过滤范围。
- 圆度最小值为1，...
2025-06-18 09:45:35,616 - INFO - vector_db_operations:_create_vector_db:307 - 入库文档块 473/704 | 标题: D:\401385\zizi-1.5-5.6\markdown_files\mvp\MVPSuppo | 内容预览: 斑点检测 > 2. 功能使用说明 > 2.4 矩形度筛选

- **问题**：矩形度筛选值如何计算？
- **解决方案**：
- 打开矩形度过滤使能，设置矩形度过滤范围。
- 矩形度最大值为1，此时矩...
2025-06-18 09:45:35,725 - INFO - vector_db_operations:_create_vector_db:307 - 入库文档块 474/704 | 标题: D:\401385\zizi-1.5-5.6\markdown_files\mvp\MVPSuppo | 内容预览: 斑点检测 > 2. 功能使用说明 > 2.5 斑点效果绘制

- **问题**：如何将斑点效果绘制在结果界面？
- **解决方案**：
- 斑点工具有一个隐藏的输出参数`outContours`。
-...
2025-06-18 09:45:35,835 - INFO - vector_db_operations:_create_vector_db:307 - 入库文档块 475/704 | 标题: D:\401385\zizi-1.5-5.6\markdown_files\mvp\MVPSuppo | 内容预览: 斑点检测 > 2. 功能使用说明 > 2.6 斑点中心区别

- **问题**：斑点结果中`boundcenter`与`masscenter`值有什么区别？
- **答案**：
- `boundcen...
2025-06-18 09:45:35,962 - INFO - vector_db_operations:_create_vector_db:307 - 入库文档块 476/704 | 标题: D:\401385\zizi-1.5-5.6\markdown_files\mvp\MVPSuppo | 内容预览: 斑点检测 > 2. 功能使用说明 > 2.7 最小外接矩形点顺序

- **问题**：斑点结果中`minrect`最小外接矩4点顺序是由什么决定的？
- **答案**：
- 顺时针方向定义点（1）（2...
2025-06-18 09:45:36,026 - INFO - vector_db_operations:_create_vector_db:307 - 入库文档块 477/704 | 标题: D:\401385\zizi-1.5-5.6\markdown_files\mvp\MVPSuppo | 内容预览: 斑点检测 > 2. 功能使用说明 > 2.8 形态学处理

- **问题**：斑点检测的高级参数“形态学”有什么用？
- **答案**：
- 对斑点特征进行形态学处理，包括腐蚀、膨胀、开运算、闭运算。...
2025-06-18 09:45:36,153 - INFO - vector_db_operations:_create_vector_db:307 - 入库文档块 478/704 | 标题: D:\401385\zizi-1.5-5.6\markdown_files\mvp\MVPSuppo | 内容预览: 找边功能使用指南 > 文档标识

| 属性                | 内容                                                           ...
2025-06-18 09:45:36,263 - INFO - vector_db_operations:_create_vector_db:307 - 入库文档块 479/704 | 标题: D:\401385\zizi-1.5-5.6\markdown_files\mvp\MVPSuppo | 内容预览: 1. 找边功能详解 > 1.1 忽略点数比例设置

- **说明**：
- 一般情况下，忽略点数比例设置为10%-30%的找边卡尺个数比例
- 对于干扰性强的图像，需根据现场需求调整该参数
- **示...
2025-06-18 09:45:36,386 - INFO - vector_db_operations:_create_vector_db:307 - 入库文档块 480/704 | 标题: D:\401385\zizi-1.5-5.6\markdown_files\mvp\MVPSuppo | 内容预览: 1. 找边功能详解 > 1.2 边缘对输出

- **说明**：
- 输出满足设置边缘对宽度的两条边中最中间的一条边...
2025-06-18 09:45:36,481 - INFO - vector_db_operations:_create_vector_db:307 - 入库文档块 481/704 | 标题: D:\401385\zizi-1.5-5.6\markdown_files\mvp\MVPSuppo | 内容预览: 1. 找边功能详解 > 1.3 RMS计算与作用

- **说明**：
- 找边原理是利用卡尺找到一组点，拟合出一条直线
- RMS（均方根误差）用于描述拟合误差，反映实际点与拟合直线的偏离程度
- ...
2025-06-18 09:45:36,590 - INFO - vector_db_operations:_create_vector_db:307 - 入库文档块 482/704 | 标题: D:\401385\zizi-1.5-5.6\markdown_files\mvp\MVPSuppo | 内容预览: 1. 找边功能详解 > 1.4 密集线段区域抓取第二条边

- **说明**：
- 在密集线段区域，按方向抓取第二条边
- **示例**：
![找边3.png](找边3.png)
![找边4.png]...
2025-06-18 09:45:36,684 - INFO - vector_db_operations:_create_vector_db:307 - 入库文档块 483/704 | 标题: D:\401385\zizi-1.5-5.6\markdown_files\mvp\MVPSuppo | 内容预览: 1. 找边功能详解 > 1.5 高斯半径设置

- **说明**：
- 高斯半径用于高斯滤波，滤除噪声，使边界位置更明显
- 设置高斯半径约等于边缘过渡带大小
- 高斯半径大于等于4后无法找到边缘
-...
2025-06-18 09:45:36,763 - INFO - vector_db_operations:_create_vector_db:307 - 入库文档块 484/704 | 标题: D:\401385\zizi-1.5-5.6\markdown_files\mvp\MVPSuppo | 内容预览: 1. 找边功能详解 > 1.6 找边模式参数

- **说明**：
- 参数范围[0,10]
- 0：使用卡尺分数最高的边缘点拟合直线
- 1：使用排序第二位的边缘点拟合
- 以此类推，若未找到第n位...
2025-06-18 09:45:36,840 - INFO - vector_db_operations:_create_vector_db:307 - 入库文档块 485/704 | 标题: D:\401385\zizi-1.5-5.6\markdown_files\mvp\MVPSuppo | 内容预览: 1. 找边功能详解 > 1.7 找边算子角度调整

- **说明**：
- 从期望线段起点到终点连一条带方向的线段
- 线段在X轴下方为[0,180]，在X轴上方为（-0,-180）
- 交换期望线段...
2025-06-18 09:45:36,933 - INFO - vector_db_operations:_create_vector_db:307 - 入库文档块 486/704 | 标题: D:\401385\zizi-1.5-5.6\markdown_files\mvp\MVPSuppo | 内容预览: 1. 找边功能详解 > 1.8 排序模式作用

- **说明**：
- 在直线卡尺搜索范围内，可能搜索到多条满足筛选要求的边
- 排序模式用于筛选目标边：
- 按对比度方向排序：选择搜索方向上对比度最...
2025-06-18 09:45:37,042 - INFO - vector_db_operations:_create_vector_db:307 - 入库文档块 487/704 | 标题: D:\401385\zizi-1.5-5.6\markdown_files\mvp\MVPSuppo | 内容预览: 1. 找边功能详解 > 1.9 边缘黑暗处阈值与明亮处阈值

- **说明**：
- 用于在直线卡尺搜索范围内稳定找到目标边
- 无论调整找边参数，只要能找到边，所找的边一定是设定的目标边
- **示...
2025-06-18 09:45:37,120 - INFO - vector_db_operations:_create_vector_db:307 - 入库文档块 488/704 | 标题: D:\401385\zizi-1.5-5.6\markdown_files\mvp\MVPSuppo | 内容预览: 2. 注意事项

- **参数调整**：根据图像干扰程度和需求，灵活调整忽略点数比例和高斯半径
- **角度理解**：注意期望线段的方向，正确调整负角度为正角度
- **排序模式选择**：根据需求选择...
2025-06-18 09:45:37,229 - INFO - vector_db_operations:_create_vector_db:307 - 入库文档块 489/704 | 标题: D:\401385\zizi-1.5-5.6\markdown_files\mvp\MVPSuppo | 内容预览: 找圆功能使用指南 > 文档标识

| 属性                | 内容                                                           ...
2025-06-18 09:45:37,339 - INFO - vector_db_operations:_create_vector_db:307 - 入库文档块 490/704 | 标题: D:\401385\zizi-1.5-5.6\markdown_files\mvp\MVPSuppo | 内容预览: 1. 找圆功能详解 > 1.1 找圆模式参数

- **说明**：
- 参数范围[0,10]
- 0：使用卡尺分数最高的边缘点拟合圆
- 1：使用排序第二位的边缘点拟合
- 以此类推，若未找到第n位边...
2025-06-18 09:45:37,449 - INFO - vector_db_operations:_create_vector_db:307 - 入库文档块 491/704 | 标题: D:\401385\zizi-1.5-5.6\markdown_files\mvp\MVPSuppo | 内容预览: 1. 找圆功能详解 > 1.2 找圆卡尺数量

- **说明**：
- 卡尺数量并非越多越好
- 卡尺数量增加会提高拟合圆的精度，但也会显著增加计算耗时
- 需根据实际需求平衡精度与效率，合理设置卡尺...
2025-06-18 09:45:37,543 - INFO - vector_db_operations:_create_vector_db:307 - 入库文档块 492/704 | 标题: D:\401385\zizi-1.5-5.6\markdown_files\mvp\MVPSuppo | 内容预览: 2. 注意事项

- **模式选择**：根据需求选择合适的找圆模式，确保拟合结果准确
- **卡尺数量控制**：在保证精度的前提下，尽量减少卡尺数量以提高效率...
2025-06-18 09:45:37,621 - INFO - vector_db_operations:_create_vector_db:307 - 入库文档块 493/704 | 标题: D:\401385\zizi-1.5-5.6\markdown_files\mvp\MVPSuppo | 内容预览: 模板匹配问题处理指南 > 文档标识

| 属性                | 内容                                                         ...
2025-06-18 09:45:37,730 - INFO - vector_db_operations:_create_vector_db:307 - 入库文档块 494/704 | 标题: D:\401385\zizi-1.5-5.6\markdown_files\mvp\MVPSuppo | 内容预览: 1. 常见问题与解决方案 > 1.1 同屏匹配数量限制

- **问题**：同屏匹配个数大于50怎么办？
- **解决方案**：目前仅支持最多50个匹配数量（MVP5.0.4最新版本也确认如此）。...
2025-06-18 09:45:37,840 - INFO - vector_db_operations:_create_vector_db:307 - 入库文档块 495/704 | 标题: D:\401385\zizi-1.5-5.6\markdown_files\mvp\MVPSuppo | 内容预览: 1. 常见问题与解决方案 > 1.2 指定角度范围匹配

- **问题**：如何只匹配指定角度范围如170°--170°，这20°角度区间？
- **解决方案**：可以设置170°--190°角度区间...
2025-06-18 09:45:37,917 - INFO - vector_db_operations:_create_vector_db:307 - 入库文档块 496/704 | 标题: D:\401385\zizi-1.5-5.6\markdown_files\mvp\MVPSuppo | 内容预览: 1. 常见问题与解决方案 > 1.3 弹性参数使用场景

- **问题**：弹性参数何时使用？
- **解决方案**：在产品有形变的情况下使用。...
2025-06-18 09:45:38,010 - INFO - vector_db_operations:_create_vector_db:307 - 入库文档块 497/704 | 标题: D:\401385\zizi-1.5-5.6\markdown_files\mvp\MVPSuppo | 内容预览: 1. 常见问题与解决方案 > 1.4 金字塔返回层参数配置

- **问题**：金字塔返回层参数何时需要配置？对匹配结果有什么影响？
- **解决方案**：
- 一般情况下，直接使用默认参数即可。
-...
2025-06-18 09:45:38,119 - INFO - vector_db_operations:_create_vector_db:307 - 入库文档块 498/704 | 标题: D:\401385\zizi-1.5-5.6\markdown_files\mvp\MVPSuppo | 内容预览: 1. 常见问题与解决方案 > 1.5 配置界面历史栏功能

- **问题**：配置界面的历史栏有什么用？里面内容可以输出到自定义界面列表吗？
- **解决方案**：类似于模板匹配工具的日志记录，可以导...
2025-06-18 09:45:38,229 - INFO - vector_db_operations:_create_vector_db:307 - 入库文档块 499/704 | 标题: D:\401385\zizi-1.5-5.6\markdown_files\mvp\MVPSuppo | 内容预览: 1. 常见问题与解决方案 > 1.6 模板文件打开失败处理

- **问题**：训练模板时提示“打开模板文件失败”，该如何处理？
- **解决方案**：
1. 删除当前模板匹配算子，重新添加新算子，再...
2025-06-18 09:45:38,353 - INFO - vector_db_operations:_create_vector_db:307 - 入库文档块 500/704 | 标题: D:\401385\zizi-1.5-5.6\markdown_files\mvp\MVPSuppo | 内容预览: 1. 常见问题与解决方案 > 1.7 降低模板匹配耗时

- **问题**：模板匹配耗时过高，怎样操作能够降低耗时？
- **解决方案**：
- 缩小模板匹配搜索ROI尺寸大小。
- 增大金字塔层数。...
2025-06-18 09:46:32,949 - DEBUG - vector_db_operations:_create_vector_db:329 - 向量库初始化 | 批次: 5 | 文档数: 100
2025-06-18 09:46:33,043 - INFO - vector_db_operations:_create_vector_db:307 - 入库文档块 501/704 | 标题: D:\401385\zizi-1.5-5.6\markdown_files\mvp\MVPSuppo | 内容预览: 1. 常见问题与解决方案 > 1.8 训练新模板与训练XLD的区别

- **问题**：训练新模板和训练XLD有什么区别？
- **解决方案**：XLD模型用于匹配一些特定形状的目标，目前只能训练六种...
2025-06-18 09:46:33,168 - INFO - vector_db_operations:_create_vector_db:307 - 入库文档块 502/704 | 标题: D:\401385\zizi-1.5-5.6\markdown_files\mvp\MVPSuppo | 内容预览: 1. 常见问题与解决方案 > 1.9 XLD模型匹配问题

- **问题**：训练黑底白色特征的XLD模型后，在训练原图上找不到该特征？
- **解决方案**：XLD是生成的点集，无法控制极性，因此匹...
2025-06-18 09:46:33,307 - INFO - vector_db_operations:_create_vector_db:307 - 入库文档块 503/704 | 标题: D:\401385\zizi-1.5-5.6\markdown_files\mvp\MVPSuppo | 内容预览: 1. 常见问题与解决方案 > 1.10 匹配边界开启效果

- **问题**：模板匹配高级参数里的匹配边界开启效果有什么区别？
- **解决方案**：请参考相关文档或界面说明。...
2025-06-18 09:46:33,417 - INFO - vector_db_operations:_create_vector_db:307 - 入库文档块 504/704 | 标题: D:\401385\zizi-1.5-5.6\markdown_files\mvp\MVPSuppo | 内容预览: 1. 常见问题与解决方案 > 1.11 最大重叠率参数修改

- **问题**：修改最大重叠率参数有什么效果？
- **解决方案**：目标之间的最大重叠率，重叠率大于该值的两个目标，选择分数最高的一个...
2025-06-18 09:46:33,527 - INFO - vector_db_operations:_create_vector_db:307 - 入库文档块 505/704 | 标题: D:\401385\zizi-1.5-5.6\markdown_files\mvp\MVPSuppo | 内容预览: 1. 常见问题与解决方案 > 1.12 极性参数作用

- **问题**：极性参数有什么用？
- **解决方案**：
- **不忽略**：匹配目标与模板极性相同时使用。
- **忽略局部**：匹配目标...
2025-06-18 09:46:33,635 - INFO - vector_db_operations:_create_vector_db:307 - 入库文档块 506/704 | 标题: D:\401385\zizi-1.5-5.6\markdown_files\mvp\MVPSuppo | 内容预览: 1. 常见问题与解决方案 > 1.13 ROI框快速全图大小

- **问题**：如何实现ROI框快速全图大小？
- **解决方案**：鼠标左键双击ROI边框，即可实现ROI全图大小。...
2025-06-18 09:46:33,744 - INFO - vector_db_operations:_create_vector_db:307 - 入库文档块 507/704 | 标题: D:\401385\zizi-1.5-5.6\markdown_files\mvp\MVPSuppo | 内容预览: 模板比对问题处理指南 > 文档标识

| 属性                | 内容                                                         ...
2025-06-18 09:46:33,869 - INFO - vector_db_operations:_create_vector_db:307 - 入库文档块 508/704 | 标题: D:\401385\zizi-1.5-5.6\markdown_files\mvp\MVPSuppo | 内容预览: 1. 问题描述

**典型场景**
模板比对过程中出现的各类错误提示，导致无法正常完成比对任务。...
2025-06-18 09:46:33,979 - INFO - vector_db_operations:_create_vector_db:307 - 入库文档块 509/704 | 标题: D:\401385\zizi-1.5-5.6\markdown_files\mvp\MVPSuppo | 内容预览: 2. 解决方案 > 2.1 打开模板文件失败 > 问题现象

运行模板比对时，提示“打开模板文件失败”。...
2025-06-18 09:46:34,087 - INFO - vector_db_operations:_create_vector_db:307 - 入库文档块 510/704 | 标题: D:\401385\zizi-1.5-5.6\markdown_files\mvp\MVPSuppo | 内容预览: 2. 解决方案 > 2.1 打开模板文件失败 > 处理步骤

1. 检查模板路径下的模型文件是否存在。
2. 如果文件丢失，需重新设置路径并训练模板。...
2025-06-18 09:46:34,198 - INFO - vector_db_operations:_create_vector_db:307 - 入库文档块 511/704 | 标题: D:\401385\zizi-1.5-5.6\markdown_files\mvp\MVPSuppo | 内容预览: 2. 解决方案 > 2.2 模板匹配中心点错误 > 问题现象

模板比对报错，提示“模板匹配中心点错误”。...
2025-06-18 09:46:34,276 - INFO - vector_db_operations:_create_vector_db:307 - 入库文档块 512/704 | 标题: D:\401385\zizi-1.5-5.6\markdown_files\mvp\MVPSuppo | 内容预览: 2. 解决方案 > 2.2 模板匹配中心点错误 > 处理步骤

1. 确认模板匹配是否已更改。
2. 如果模板匹配已更改，需重新建立模板比对的模板。...
2025-06-18 09:46:34,385 - INFO - vector_db_operations:_create_vector_db:307 - 入库文档块 513/704 | 标题: D:\401385\zizi-1.5-5.6\markdown_files\mvp\MVPSuppo | 内容预览: 2. 解决方案 > 2.3 模板比对结果错误 > 问题现象

模板比对结果错误，因模板比对未在模板匹配的原图上进行训练。...
2025-06-18 09:46:34,493 - INFO - vector_db_operations:_create_vector_db:307 - 入库文档块 514/704 | 标题: D:\401385\zizi-1.5-5.6\markdown_files\mvp\MVPSuppo | 内容预览: 2. 解决方案 > 2.3 模板比对结果错误 > 处理步骤

1. 确保模板比对在模板匹配建立的同一张图上进行训练。...
2025-06-18 09:46:34,602 - INFO - vector_db_operations:_create_vector_db:307 - 入库文档块 515/704 | 标题: D:\401385\zizi-1.5-5.6\markdown_files\mvp\MVPSuppo | 内容预览: 3. 根因分析 > 技术原理

| 维度         | 说明                                                                 |
...
2025-06-18 09:46:34,713 - INFO - vector_db_operations:_create_vector_db:307 - 入库文档块 516/704 | 标题: D:\401385\zizi-1.5-5.6\markdown_files\mvp\MVPSuppo | 内容预览: 轮廓比对指南 > 文档标识

| 属性                | 内容                                                             ...
2025-06-18 09:46:34,824 - INFO - vector_db_operations:_create_vector_db:307 - 入库文档块 517/704 | 标题: D:\401385\zizi-1.5-5.6\markdown_files\mvp\MVPSuppo | 内容预览: 1. 问题描述 > 1.1 典型问题

- **问题1**：轮廓比对训练提示“打开模板文件失败”。
- **问题2**：轮廓比对报错提示“模板匹配中心点错误”。
- **问题3**：轮廓比对与模板比对...
2025-06-18 09:46:34,948 - INFO - vector_db_operations:_create_vector_db:307 - 入库文档块 518/704 | 标题: D:\401385\zizi-1.5-5.6\markdown_files\mvp\MVPSuppo | 内容预览: 2. 解决方案 > 2.1 打开模板文件失败 > 操作步骤：

1. 检查模板路径下的模型文件是否丢失。
2. 如果丢失，重新设置路径并训练模板。...
2025-06-18 09:46:35,056 - INFO - vector_db_operations:_create_vector_db:307 - 入库文档块 519/704 | 标题: D:\401385\zizi-1.5-5.6\markdown_files\mvp\MVPSuppo | 内容预览: 2. 解决方案 > 2.2 模板匹配中心点错误 > 操作步骤：

1. 检查模板匹配是否更改。
2. 如果更改，重新建立轮廓比对的模板。...
2025-06-18 09:46:35,167 - INFO - vector_db_operations:_create_vector_db:307 - 入库文档块 520/704 | 标题: D:\401385\zizi-1.5-5.6\markdown_files\mvp\MVPSuppo | 内容预览: 2. 解决方案 > 2.3 轮廓比对与模板比对的区别 > 说明：

- **模板比对**：不论缺陷发生在边缘轮廓还是模板内部，都会被视作缺陷。
- **轮廓比对**：只有缺陷位于边缘轮廓上，才被视作缺...
2025-06-18 09:46:35,293 - INFO - vector_db_operations:_create_vector_db:307 - 入库文档块 521/704 | 标题: D:\401385\zizi-1.5-5.6\markdown_files\mvp\MVPSuppo | 内容预览: 2. 解决方案 > 2.3 轮廓比对与模板比对的区别 > 效果图：

![轮廓比对效果图](轮廓比对1.png)...
2025-06-18 09:46:35,405 - INFO - vector_db_operations:_create_vector_db:307 - 入库文档块 522/704 | 标题: D:\401385\zizi-1.5-5.6\markdown_files\mvp\MVPSuppo | 内容预览: 3. 根因分析 > 3.1 技术原理

| 维度         | 说明                                                               ...
2025-06-18 09:46:35,515 - INFO - vector_db_operations:_create_vector_db:307 - 入库文档块 523/704 | 标题: D:\401385\zizi-1.5-5.6\markdown_files\mvp\MVPSuppo | 内容预览: 找顶点问题解决方案 > 文档标识

| 属性                | 内容                                                          ...
2025-06-18 09:46:35,611 - INFO - vector_db_operations:_create_vector_db:307 - 入库文档块 524/704 | 标题: D:\401385\zizi-1.5-5.6\markdown_files\mvp\MVPSuppo | 内容预览: 1. 问题描述

**典型场景**
在图像处理过程中，找顶点算子在有角度旋转正负180度的情况下会出现找不到顶点的问题。  
**异常现象**
- 找不到顶点
- 图像质量不高，干扰下找顶点不稳定
-...
2025-06-18 09:46:35,720 - INFO - vector_db_operations:_create_vector_db:307 - 入库文档块 525/704 | 标题: D:\401385\zizi-1.5-5.6\markdown_files\mvp\MVPSuppo | 内容预览: 2. 解决方案 > 2.1 找不到顶点的解决方法 > 操作步骤：

1. 确保卡尺搜索方向正确
- 需要模板匹配或坐标系的建立...
2025-06-18 09:46:35,828 - INFO - vector_db_operations:_create_vector_db:307 - 入库文档块 526/704 | 标题: D:\401385\zizi-1.5-5.6\markdown_files\mvp\MVPSuppo | 内容预览: 2. 解决方案 > 2.2 图像质量不高时的稳定方法 > 操作步骤：

1. 使用图像处理模块进行处理
- 处理方法包括滤波、锐化、图像增强、二值化及形态学处理...
2025-06-18 09:46:35,969 - INFO - vector_db_operations:_create_vector_db:307 - 入库文档块 527/704 | 标题: D:\401385\zizi-1.5-5.6\markdown_files\mvp\MVPSuppo | 内容预览: 2. 解决方案 > 2.3 找到的点明显不是顶点的参数调整 > 操作步骤：

1. 调整影响顶点的主要参数
- 极性
- 对比度
- 卡尺间隔...
2025-06-18 09:46:36,063 - INFO - vector_db_operations:_create_vector_db:307 - 入库文档块 528/704 | 标题: D:\401385\zizi-1.5-5.6\markdown_files\mvp\MVPSuppo | 内容预览: 2.2.8 找多边 > 文档标识

| 属性                | 内容                                                          ...
2025-06-18 09:46:36,157 - INFO - vector_db_operations:_create_vector_db:307 - 入库文档块 529/704 | 标题: D:\401385\zizi-1.5-5.6\markdown_files\mvp\MVPSuppo | 内容预览: 1 问题描述

**典型场景**
当找多边最大数量超过8个边且对耗时要求较高时，如何处理？  
**异常现象**
- 找多边算子耗时过长
- CPU占用率过高...
2025-06-18 09:46:36,282 - INFO - vector_db_operations:_create_vector_db:307 - 入库文档块 530/704 | 标题: D:\401385\zizi-1.5-5.6\markdown_files\mvp\MVPSuppo | 内容预览: 2 解决方案 > 2.1 多任务同步模块 > 操作步骤：

1. 添加多任务同步模块
- 使用多个找多边算子
- 耗时等同于一个找多边算子
2. 注意事项：
- 同步模块为多线程，需考虑CPU占用率问...
2025-06-18 09:46:36,407 - INFO - vector_db_operations:_create_vector_db:307 - 入库文档块 531/704 | 标题: D:\401385\zizi-1.5-5.6\markdown_files\mvp\MVPSuppo | 内容预览: 2 解决方案 > 2.2 找多边算子优势 > 优势说明：

1. 算子个数减少
- 配置都在一个算子里
- 易于配置多个边的参数
2. 适用场景：
- 图中有多个边需要定位时...
2025-06-18 09:46:36,534 - INFO - vector_db_operations:_create_vector_db:307 - 入库文档块 532/704 | 标题: D:\401385\zizi-1.5-5.6\markdown_files\mvp\MVPSuppo | 内容预览: 3 根因分析 > 技术原理

| 维度         | 说明                                                                 |
|...
2025-06-18 09:46:36,630 - INFO - vector_db_operations:_create_vector_db:307 - 入库文档块 533/704 | 标题: D:\401385\zizi-1.5-5.6\markdown_files\mvp\MVPSuppo | 内容预览: 2.3.1 平滑滤波

平滑滤波的目的是在尽量保留图像细节特征的前提下，对目标图像的噪声进行抑制，是图像预处理中不可缺少的操作。平滑滤波的滤波类型包括均值滤波、中值滤波、高斯滤波。...
2025-06-18 09:46:36,754 - INFO - vector_db_operations:_create_vector_db:307 - 入库文档块 534/704 | 标题: D:\401385\zizi-1.5-5.6\markdown_files\mvp\MVPSuppo | 内容预览: 2.3.1 平滑滤波 > 图像的数字表示方法

如下左图是图像的数字表示方法，每个格子表示一个像素，每个格子的值表示该像素的灰度值。  
![平滑滤波1](https://support.iraypl...
2025-06-18 09:46:36,862 - INFO - vector_db_operations:_create_vector_db:307 - 入库文档块 535/704 | 标题: D:\401385\zizi-1.5-5.6\markdown_files\mvp\MVPSuppo | 内容预览: 2.3.1 平滑滤波 > 平滑滤波操作

如果对第三行第三列的像素进行均值滤波，实质就是用取均值的方式替换该像素的灰度值，即选择一个大小为M模板，该模板由其近邻的若干像素组成，求模板中所有像素的均值，...
2025-06-18 09:46:36,985 - INFO - vector_db_operations:_create_vector_db:307 - 入库文档块 536/704 | 标题: D:\401385\zizi-1.5-5.6\markdown_files\mvp\MVPSuppo | 内容预览: 2.3.1 平滑滤波 > 平滑滤波的三种方法区别与应用场景

1. **均值滤波**
- *特点*：简单、速度快，但容易丢失高度信息。
- *应用场景*：适用于一般噪声抑制。  
2. **中值滤波*...
2025-06-18 09:46:37,092 - INFO - vector_db_operations:_create_vector_db:307 - 入库文档块 537/704 | 标题: D:\401385\zizi-1.5-5.6\markdown_files\mvp\MVPSuppo | 内容预览: 2.3.1 平滑滤波 > 滤波核高和滤波核宽的设定

滤波核高和滤波核宽的设定为什么是奇数？
因为滤波操作是取该像素周边的像素值对该像素做变换，该像素在中心，所以滤波核为奇数。...
2025-06-18 09:46:37,171 - INFO - vector_db_operations:_create_vector_db:307 - 入库文档块 538/704 | 标题: D:\401385\zizi-1.5-5.6\markdown_files\mvp\MVPSuppo | 内容预览: 华睿MVP字符串格式化用法说明 > 文档标识

| 属性                | 内容                                                    ...
2025-06-18 09:46:37,311 - INFO - vector_db_operations:_create_vector_db:307 - 入库文档块 539/704 | 标题: D:\401385\zizi-1.5-5.6\markdown_files\mvp\MVPSuppo | 内容预览: 1. 概述

MVP支持字符串格式化操作，主要用于结果显示算子和自定义界面的文本框模块。
**功能说明**：通过格式化字符串对输入信息进行格式化显示，仅影响显示格式，不影响输入字符串中的特殊字符。...
2025-06-18 09:46:37,420 - INFO - vector_db_operations:_create_vector_db:307 - 入库文档块 540/704 | 标题: D:\401385\zizi-1.5-5.6\markdown_files\mvp\MVPSuppo | 内容预览: 2. 支持的格式说明符 > 2.1 基本格式说明符

- **整型（Int）**：`%d`
- **实数（Real）**：`%f`
- **字符串（String）**：`%s`...
2025-06-18 09:46:37,545 - INFO - vector_db_operations:_create_vector_db:307 - 入库文档块 541/704 | 标题: D:\401385\zizi-1.5-5.6\markdown_files\mvp\MVPSuppo | 内容预览: 2. 支持的格式说明符 > 2.2 修饰符规则

- **`-`**：可出现0次或多次，必需放在最左侧，表示左对齐。
- **`.`**：可出现0次或1次，需紧贴数字出现，可位于数字左侧、右侧或中间。...
2025-06-18 09:46:37,656 - INFO - vector_db_operations:_create_vector_db:307 - 入库文档块 542/704 | 标题: D:\401385\zizi-1.5-5.6\markdown_files\mvp\MVPSuppo | 内容预览: 2. 支持的格式说明符 > 2.3 修饰符示例

- **`%-20.5d`**：左对齐，总宽度20，小数部分5位（适用于`%d`和`%f`）。
- **`%20s`**：右对齐，总宽度20（适用于`...
2025-06-18 09:46:37,781 - INFO - vector_db_operations:_create_vector_db:307 - 入库文档块 543/704 | 标题: D:\401385\zizi-1.5-5.6\markdown_files\mvp\MVPSuppo | 内容预览: 3. 支持的转义字符 > 3.1 转义字符列表

- **`\\`**：显示为`\`。
- **`\n`**：换行符。
- **`\r`**：回车符（自定义界面文本框不支持，会直接忽略）。
- **`...
2025-06-18 09:46:37,892 - INFO - vector_db_operations:_create_vector_db:307 - 入库文档块 544/704 | 标题: D:\401385\zizi-1.5-5.6\markdown_files\mvp\MVPSuppo | 内容预览: 3. 支持的转义字符 > 3.2 转义字符示例

- **`"\\"`**：显示为`\`。
- **`"Hello\r\nWorld"`**：显示为：
<code>```
MVP_BIN = G:\M...
2025-06-18 09:46:37,986 - INFO - vector_db_operations:_create_vector_db:307 - 入库文档块 545/704 | 标题: D:\401385\zizi-1.5-5.6\markdown_files\mvp\MVPSuppo | 内容预览: 4. 格式说明符使用说明 > 4.1 默认行为

若未使用格式说明符，输入信息将默认格式化后放置在格式字符末尾。
**示例**（输入类型`Int`，输入数字`12`）：
- **`""`**：显示为`...
2025-06-18 09:46:38,080 - INFO - vector_db_operations:_create_vector_db:307 - 入库文档块 546/704 | 标题: D:\401385\zizi-1.5-5.6\markdown_files\mvp\MVPSuppo | 内容预览: 4. 格式说明符使用说明 > 4.2 对齐规则

- **`-`**：左对齐（仅出现`-`不起作用）。
- **数字**：强制使用空格将字符扩充到指定宽度并右对齐（若数字小于字符本身宽度则不生效）。...
2025-06-18 09:46:38,206 - INFO - vector_db_operations:_create_vector_db:307 - 入库文档块 547/704 | 标题: D:\401385\zizi-1.5-5.6\markdown_files\mvp\MVPSuppo | 内容预览: 4. 格式说明符使用说明 > 4.3 小数处理规则

- **`.`**：对字符串不适用。
- 对于`%d`：不起作用。
- 对于`%f`：将小数转换为整数显示。
- **数字位置**：
- **`....
2025-06-18 09:46:38,314 - INFO - vector_db_operations:_create_vector_db:307 - 入库文档块 548/704 | 标题: D:\401385\zizi-1.5-5.6\markdown_files\mvp\MVPSuppo | 内容预览: 4. 格式说明符使用说明 > 4.4 小数舍入规则

遵循“四舍六入五成双”规则。...
2025-06-18 09:46:38,426 - INFO - vector_db_operations:_create_vector_db:307 - 入库文档块 549/704 | 标题: D:\401385\zizi-1.5-5.6\markdown_files\mvp\MVPSuppo | 内容预览: 4. 格式说明符使用说明 > 4.5 示例

**输入**：`Int=3114`，`Real=3114.168973`
- **`"[%20d][%-20d]"`**：显示为`"[          ...
2025-06-18 09:46:38,535 - INFO - vector_db_operations:_create_vector_db:307 - 入库文档块 550/704 | 标题: D:\401385\zizi-1.5-5.6\markdown_files\mvp\MVPSuppo | 内容预览: 5. 综合应用示例 > 5.1 结果显示算子

**场景**：显示整数和实数，并格式化输出。
**示例**：
- **输入**：`Int=123`，`Real=123.456`
- **格式化字符串*...
2025-06-18 09:46:38,643 - INFO - vector_db_operations:_create_vector_db:307 - 入库文档块 551/704 | 标题: D:\401385\zizi-1.5-5.6\markdown_files\mvp\MVPSuppo | 内容预览: 5. 综合应用示例 > 5.2 自定义界面文本框

**场景**：在文本框中显示多行文本并格式化。
**示例**：
- **输入**：`String="Hello\nWorld"`
- **格式化字符...
2025-06-18 09:46:38,752 - INFO - vector_db_operations:_create_vector_db:307 - 入库文档块 552/704 | 标题: D:\401385\zizi-1.5-5.6\markdown_files\mvp\MVPSuppo | 内容预览: 6. 注意事项

- **语法检查**：格式化字符串需符合规则，否则可能导致显示异常。
- **转义字符**：自定义界面文本框不支持`\r`换行，会直接忽略。
- **小数处理**：`%f`格式说明符...
2025-06-18 09:46:38,846 - INFO - vector_db_operations:_create_vector_db:307 - 入库文档块 553/704 | 标题: D:\401385\zizi-1.5-5.6\markdown_files\mvp\MVPSuppo | 内容预览: 华睿MVP数学表达式用法说明 > 文档标识

| 属性                | 内容                                                     ...
2025-06-18 09:46:38,972 - INFO - vector_db_operations:_create_vector_db:307 - 入库文档块 554/704 | 标题: D:\401385\zizi-1.5-5.6\markdown_files\mvp\MVPSuppo | 内容预览: 1. 数学表达式概述

MVP中的数学表达式算子用于执行简单的比较和算术运算（`+`、`-`、`*`、`/`）。
在算子配置界面中，可以添加、删除输入输出参数，并支持对已添加的参数进行更改。
**注意...
2025-06-18 09:46:39,082 - INFO - vector_db_operations:_create_vector_db:307 - 入库文档块 555/704 | 标题: D:\401385\zizi-1.5-5.6\markdown_files\mvp\MVPSuppo | 内容预览: 2. 配置界面说明 > 2.1 配置子界面

- 用于查看当前输入参数值和更改输出参数表达式内容。...
2025-06-18 09:46:39,193 - INFO - vector_db_operations:_create_vector_db:307 - 入库文档块 556/704 | 标题: D:\401385\zizi-1.5-5.6\markdown_files\mvp\MVPSuppo | 内容预览: 2. 配置界面说明 > 2.2 结果子界面

- 用于查看当前输出参数结果值。
- `Bool`类型的结果显示为`T`（True）或`F`（False）。...
2025-06-18 09:46:39,301 - INFO - vector_db_operations:_create_vector_db:307 - 入库文档块 557/704 | 标题: D:\401385\zizi-1.5-5.6\markdown_files\mvp\MVPSuppo | 内容预览: 3. 输入参数

- **支持类型**：`Int`、`Real`、`Bool`
- **命名规则**：输入参数必须以`in`开头，并至少包含一个额外字符。
- **取值范围**：暂无需关注。...
2025-06-18 09:46:39,424 - INFO - vector_db_operations:_create_vector_db:307 - 入库文档块 558/704 | 标题: D:\401385\zizi-1.5-5.6\markdown_files\mvp\MVPSuppo | 内容预览: 4. 输出参数

- **支持类型**：`Int`、`Real`、`Bool`
- **类型转换**：
- `Int`类型输出参数可以直接使用`Real`类型输入参数。
- `Real`类型输出参数可...
2025-06-18 09:46:39,532 - INFO - vector_db_operations:_create_vector_db:307 - 入库文档块 559/704 | 标题: D:\401385\zizi-1.5-5.6\markdown_files\mvp\MVPSuppo | 内容预览: 5. 输出参数表达式支持的运算

数学表达式支持以下内容：
- **输入参数**：例如`inParam`
- **常量**：例如`3.14`，`Bool`类型常量使用`(1==1)`表示`true`，...
2025-06-18 09:46:39,625 - INFO - vector_db_operations:_create_vector_db:307 - 入库文档块 560/704 | 标题: D:\401385\zizi-1.5-5.6\markdown_files\mvp\MVPSuppo | 内容预览: 6. 部分运算符和函数使用示例 > 6.1 相等性运算符

- **示例**：`(2!=3) -> true`...
2025-06-18 09:46:39,734 - INFO - vector_db_operations:_create_vector_db:307 - 入库文档块 561/704 | 标题: D:\401385\zizi-1.5-5.6\markdown_files\mvp\MVPSuppo | 内容预览: 6. 部分运算符和函数使用示例 > 6.2 逻辑运算符

- **逻辑与（`&&`）**：左右两个值都为`true`时，输出为`true`，否则为`false`。
- **示例**：`(1==0) &...
2025-06-18 09:46:39,814 - INFO - vector_db_operations:_create_vector_db:307 - 入库文档块 562/704 | 标题: D:\401385\zizi-1.5-5.6\markdown_files\mvp\MVPSuppo | 内容预览: 6. 部分运算符和函数使用示例 > 6.3 条件运算符

- **语法**：`条件 ? true时执行的语句 : false时执行的语句`
- **建议**：为避免优先级问题，使用`()?():()`...
2025-06-18 09:46:39,908 - INFO - vector_db_operations:_create_vector_db:307 - 入库文档块 563/704 | 标题: D:\401385\zizi-1.5-5.6\markdown_files\mvp\MVPSuppo | 内容预览: 6. 部分运算符和函数使用示例 > 6.4 数学函数

- **示例**：
- `sqrtx(9) -> 3`
- `sinx(45) -> 0.707`
- `radians(180) -> 3.1...
2025-06-18 09:46:40,003 - INFO - vector_db_operations:_create_vector_db:307 - 入库文档块 564/704 | 标题: D:\401385\zizi-1.5-5.6\markdown_files\mvp\MVPSuppo | 内容预览: 7. 综合应用示例 > 7.1 示例说明

**场景**：判断输入参数`inInt`，若等于`1`，则输出参数`A`为`true`，`B`为`false`；否则`B`为`true`，`A`为`fals...
2025-06-18 09:46:40,129 - INFO - vector_db_operations:_create_vector_db:307 - 入库文档块 565/704 | 标题: D:\401385\zizi-1.5-5.6\markdown_files\mvp\MVPSuppo | 内容预览: 7. 综合应用示例 > 7.2 实现步骤

1. 在算子配置界面添加输入参数`inInt`（类型为`Int`）。
2. 添加输出参数`A`和`B`（类型均为`Bool`）。
3. 在输出参数`A`的表...
2025-06-18 09:46:40,255 - INFO - vector_db_operations:_create_vector_db:307 - 入库文档块 566/704 | 标题: D:\401385\zizi-1.5-5.6\markdown_files\mvp\MVPSuppo | 内容预览: 8. 注意事项

- **语法检查**：在算子界面修改表达式时，若语法错误无法保存，需仔细检查。
- **函数使用**：数学函数的输入和输出需符合类型要求，例如三角函数使用角度值。
- **优先级控制...
2025-06-18 09:46:40,364 - INFO - vector_db_operations:_create_vector_db:307 - 入库文档块 567/704 | 标题: D:\401385\zizi-1.5-5.6\markdown_files\mvp\MVPSuppo | 内容预览: 机械手定位应用指南 > 文档标识

| 属性                | 内容                                                          ...
2025-06-18 09:46:40,472 - INFO - vector_db_operations:_create_vector_db:307 - 入库文档块 568/704 | 标题: D:\401385\zizi-1.5-5.6\markdown_files\mvp\MVPSuppo | 内容预览: 1. 场景描述

机械手定位应用主要分为两种形式，共三种场景：  
1. **手在眼外（Eye-to-Hand）**
- 相机固定安装，机械手移动抓取物料。  
2. **手在眼上（Eye-in-Ha...
2025-06-18 09:46:40,580 - INFO - vector_db_operations:_create_vector_db:307 - 入库文档块 569/704 | 标题: D:\401385\zizi-1.5-5.6\markdown_files\mvp\MVPSuppo | 内容预览: 1. 场景描述 > 应用场景

1. **抓取应用**
- 相机安装在上方或机械手上，朝下拍照，获取物料的绝对坐标或相对模板的偏差量，机械手抓取物料同一位置。  
2. **放置应用**
- 机械手抓...
2025-06-18 09:46:40,689 - INFO - vector_db_operations:_create_vector_db:307 - 入库文档块 570/704 | 标题: D:\401385\zizi-1.5-5.6\markdown_files\mvp\MVPSuppo | 内容预览: 2. 标定原理 > 2.1 N点标定

- 机械臂吸取标定板，移动标定板使其点均匀分布在视野内。
- 以固定距离沿X轴和Y轴移动标定板，获取图像坐标和世界坐标。
- 通过N点标定，得到图像坐标到世界坐...
2025-06-18 09:46:40,769 - INFO - vector_db_operations:_create_vector_db:307 - 入库文档块 571/704 | 标题: D:\401385\zizi-1.5-5.6\markdown_files\mvp\MVPSuppo | 内容预览: 2. 标定原理 > 2.2 旋转中心标定

1. 法兰停留在5号位置，旋转三个角度，获取图像中的三个坐标点。
2. 通过N点标定得到的H矩阵，将图像坐标点转换到世界坐标。
3. 拟合圆，得到圆心坐标，...
2025-06-18 09:46:40,847 - INFO - vector_db_operations:_create_vector_db:307 - 入库文档块 572/704 | 标题: D:\401385\zizi-1.5-5.6\markdown_files\mvp\MVPSuppo | 内容预览: 2. 标定原理 > 2.3 物料偏差计算

- 计算物料相对模板位置的偏差量CDx, CDy。
- 通过旋转和平移，使产品特征点和角度与模板重合。...
2025-06-18 09:46:40,942 - INFO - vector_db_operations:_create_vector_db:307 - 入库文档块 573/704 | 标题: D:\401385\zizi-1.5-5.6\markdown_files\mvp\MVPSuppo | 内容预览: 3. 标定方法

MVP中提供了手眼标定工具，集成N点标定和旋转中心标定功能。根据实际应用设置相关参数，完成标定后，将标定文件用于位置计算工具，输出纠偏坐标值。...
2025-06-18 09:46:41,022 - INFO - vector_db_operations:_create_vector_db:307 - 入库文档块 574/704 | 标题: D:\401385\zizi-1.5-5.6\markdown_files\mvp\MVPSuppo | 内容预览: 4. 标定文件使用

在手眼标定工具完成标定后，使用位置计算工具获取坐标值。通过找边求交点，获取物料的交点坐标和角度，引导机械手抓取物料。...
2025-06-18 09:46:41,128 - INFO - vector_db_operations:_create_vector_db:307 - 入库文档块 575/704 | 标题: D:\401385\zizi-1.5-5.6\markdown_files\mvp\MVPSuppo | 内容预览: 手眼标定指南 > 文档标识

| 属性                | 内容                     |
|---------------------|---------------...
2025-06-18 09:46:41,223 - INFO - vector_db_operations:_create_vector_db:307 - 入库文档块 576/704 | 标题: D:\401385\zizi-1.5-5.6\markdown_files\mvp\MVPSuppo | 内容预览: 1. 手眼标定概述

手眼标定是通过构建一系列图像点和物理点进行拟合，计算图像坐标系到机械臂世界坐标系之间的关系。...
2025-06-18 09:46:41,349 - INFO - vector_db_operations:_create_vector_db:307 - 入库文档块 577/704 | 标题: D:\401385\zizi-1.5-5.6\markdown_files\mvp\MVPSuppo | 内容预览: 2. 参数说明

（待补充）...
2025-06-18 09:46:41,476 - INFO - vector_db_operations:_create_vector_db:307 - 入库文档块 578/704 | 标题: D:\401385\zizi-1.5-5.6\markdown_files\mvp\MVPSuppo | 内容预览: 3. 算子使用 > 3.1 视觉工程搭建

- 使用图像采集算子和定位算子配合手眼标定算子搭建视觉工程。
- 机械手从0号位开始走位，每完成一次机械手走位，运行一次视觉工程。
- 当完成所有走位后，系...
2025-06-18 09:46:41,587 - INFO - vector_db_operations:_create_vector_db:307 - 入库文档块 579/704 | 标题: D:\401385\zizi-1.5-5.6\markdown_files\mvp\MVPSuppo | 内容预览: 3. 算子使用 > 3.2 快速自动标定

- 结合通讯算子使用，上位机发送指令触发视觉模块，可实现快速自动标定。...
2025-06-18 09:46:41,681 - INFO - vector_db_operations:_create_vector_db:307 - 入库文档块 580/704 | 标题: D:\401385\zizi-1.5-5.6\markdown_files\mvp\MVPSuppo | 内容预览: Python脚本说明 > 文档标识

| 属性                | 内容                                                         ...
2025-06-18 09:46:41,775 - INFO - vector_db_operations:_create_vector_db:307 - 入库文档块 581/704 | 标题: D:\401385\zizi-1.5-5.6\markdown_files\mvp\MVPSuppo | 内容预览: 1. 数据保存 > 1.1 条码信息保存---BarCodeSaveLog

**功能描述**：将读码信息存入日志。
**参数说明**：
- **InBarCodeInfo**：输入条形码算子的`ou...
2025-06-18 09:46:41,837 - INFO - vector_db_operations:_create_vector_db:307 - 入库文档块 582/704 | 标题: D:\401385\zizi-1.5-5.6\markdown_files\mvp\MVPSuppo | 内容预览: 1. 数据保存 > 1.2 写CSV示例---WriteCsv

**功能描述**：统计数据写入CSV文档。
**参数说明**：
- **InCircle_1**：输入需要记录的Circle数据。
-...
2025-06-18 09:46:41,946 - INFO - vector_db_operations:_create_vector_db:307 - 入库文档块 583/704 | 标题: D:\401385\zizi-1.5-5.6\markdown_files\mvp\MVPSuppo | 内容预览: 1. 数据保存 > 1.3 写CSV示例---WriteCsv1

**功能描述**：统计数据写入CSV文档。
**参数说明**：
- **InBarCode**：输入需要记录的String数据。
-...
2025-06-18 09:46:42,089 - INFO - vector_db_operations:_create_vector_db:307 - 入库文档块 584/704 | 标题: D:\401385\zizi-1.5-5.6\markdown_files\mvp\MVPSuppo | 内容预览: 1. 数据保存 > 1.4 写INI示例---WriteIni

**功能描述**：INI参数记录。...
2025-06-18 09:46:42,185 - INFO - vector_db_operations:_create_vector_db:307 - 入库文档块 585/704 | 标题: D:\401385\zizi-1.5-5.6\markdown_files\mvp\MVPSuppo | 内容预览: 1. 数据保存 > 1.5 写LOG示例---WriteLog

**功能描述**：记录日志。
**参数说明**：
- **InPathFileName**：输入log文件路径及名称（如`d:/pyl...
2025-06-18 09:46:42,296 - INFO - vector_db_operations:_create_vector_db:307 - 入库文档块 586/704 | 标题: D:\401385\zizi-1.5-5.6\markdown_files\mvp\MVPSuppo | 内容预览: 2. 类型转换 > 2.1 Real转String---RealToString

**功能描述**：输入Real值，转换为String/Real类型输出，可指定保留几位小数。
**参数说明**：
-...
2025-06-18 09:46:42,406 - INFO - vector_db_operations:_create_vector_db:307 - 入库文档块 587/704 | 标题: D:\401385\zizi-1.5-5.6\markdown_files\mvp\MVPSuppo | 内容预览: 2. 类型转换 > 2.2 Float转String---OutFloat2String

**功能描述**：将Float类型的数字转换成String类型。
**参数说明**：
- **InInt**...
2025-06-18 09:46:42,531 - INFO - vector_db_operations:_create_vector_db:307 - 入库文档块 588/704 | 标题: D:\401385\zizi-1.5-5.6\markdown_files\mvp\MVPSuppo | 内容预览: 2. 类型转换 > 2.3 Real转Int---OutReal2Int

**功能描述**：将Real值转换为Int值。
**参数说明**：
- **InRealX**：输入Real值。
- **O...
2025-06-18 09:46:42,641 - INFO - vector_db_operations:_create_vector_db:307 - 入库文档块 589/704 | 标题: D:\401385\zizi-1.5-5.6\markdown_files\mvp\MVPSuppo | 内容预览: 2. 类型转换 > 2.4 String转Int---OutString2Int

**功能描述**：将String类型的数字转换为Int类型。
**参数说明**：
- **InString**：输入...
2025-06-18 09:46:42,766 - INFO - vector_db_operations:_create_vector_db:307 - 入库文档块 590/704 | 标题: D:\401385\zizi-1.5-5.6\markdown_files\mvp\MVPSuppo | 内容预览: 3. 字符串处理 > 3.1 字符串比对---OutEqualStr

**功能描述**：对比两个字符串（非中文）是否相同。...
2025-06-18 09:46:42,890 - INFO - vector_db_operations:_create_vector_db:307 - 入库文档块 591/704 | 标题: D:\401385\zizi-1.5-5.6\markdown_files\mvp\MVPSuppo | 内容预览: 3. 字符串处理 > 3.2 字符串组拼接成字符串---GetStrFromStrArray

**功能描述**：将`StringArray`中的多个字符串按顺序拼接组成一个字符串。...
2025-06-18 09:46:43,014 - INFO - vector_db_operations:_create_vector_db:307 - 入库文档块 592/704 | 标题: D:\401385\zizi-1.5-5.6\markdown_files\mvp\MVPSuppo | 内容预览: 3. 字符串处理 > 3.3 Real拼接字符串---Out2Real2String

**功能描述**：两个Real拼接成一个String，中间用‘,’分割。
**参数说明**：
- **InRea...
2025-06-18 09:46:43,124 - INFO - vector_db_operations:_create_vector_db:307 - 入库文档块 593/704 | 标题: D:\401385\zizi-1.5-5.6\markdown_files\mvp\MVPSuppo | 内容预览: 3. 字符串处理 > 3.4 字符串数组拼接---StringArray2String

**功能描述**：将字符串数组拼接成一个字符串。
**参数说明**：
- **InStringArray**：...
2025-06-18 09:46:43,251 - INFO - vector_db_operations:_create_vector_db:307 - 入库文档块 594/704 | 标题: D:\401385\zizi-1.5-5.6\markdown_files\mvp\MVPSuppo | 内容预览: 3. 字符串处理 > 3.5 字符串组提取第一个字符串---StringArray2String

**功能描述**：从字符串数组中提取第一个字符串。
**参数说明**：
- **InCodeArra...
2025-06-18 09:46:43,360 - INFO - vector_db_operations:_create_vector_db:307 - 入库文档块 595/704 | 标题: D:\401385\zizi-1.5-5.6\markdown_files\mvp\MVPSuppo | 内容预览: 3. 字符串处理 > 3.6 字符串分割示例---String_Analysis

**功能描述**：根据关键字分割字符串提取信息。
**参数说明**：
- **InString**：输入完整信息字符...
2025-06-18 09:46:43,485 - INFO - vector_db_operations:_create_vector_db:307 - 入库文档块 596/704 | 标题: D:\401385\zizi-1.5-5.6\markdown_files\mvp\MVPSuppo | 内容预览: 3. 字符串处理 > 3.7 字符串分割示例---String_Analysis2

**功能描述**：解析字符串内容，整理输出。
**参数说明**：
- **InCmd**：输入需要解析的字符串。
...
2025-06-18 09:46:43,623 - INFO - vector_db_operations:_create_vector_db:307 - 入库文档块 597/704 | 标题: D:\401385\zizi-1.5-5.6\markdown_files\mvp\MVPSuppo | 内容预览: 3. 字符串处理 > 3.8 信息整合字符串示例---String_Splicing

**功能描述**：按照指定格式整理输入信息并输出。
**参数说明**：
- **InPower**：输入Powe...
2025-06-18 09:46:43,734 - INFO - vector_db_operations:_create_vector_db:307 - 入库文档块 598/704 | 标题: D:\401385\zizi-1.5-5.6\markdown_files\mvp\MVPSuppo | 内容预览: 3. 字符串处理 > 3.9 信息整合JSON格式示例---Json_Dict

**功能描述**：按照指定格式输出JSON数据。
**参数说明**：
- **InOffset_Angle**：输入参...
2025-06-18 09:46:43,842 - INFO - vector_db_operations:_create_vector_db:307 - 入库文档块 599/704 | 标题: D:\401385\zizi-1.5-5.6\markdown_files\mvp\MVPSuppo | 内容预览: 4. 辅助工具 > 4.1 Python脚本查错---ExceptionLog

**功能描述**：Python脚本查错实例。
**说明**：在脚本内容`try`部分存在错误时，将会在`conf\Py...
2025-06-18 09:46:43,950 - INFO - vector_db_operations:_create_vector_db:307 - 入库文档块 600/704 | 标题: D:\401385\zizi-1.5-5.6\markdown_files\mvp\MVPSuppo | 内容预览: 4. 辅助工具 > 4.2 运行时间统计---OutTime

**功能描述**：统计某段算子运行时间。
**参数说明**：
- **InBeforeClock**：输入开始统计时间。
- **Out...
2025-06-18 09:47:31,654 - DEBUG - vector_db_operations:_create_vector_db:329 - 向量库初始化 | 批次: 6 | 文档数: 100
2025-06-18 09:47:31,732 - INFO - vector_db_operations:_create_vector_db:307 - 入库文档块 601/704 | 标题: D:\401385\zizi-1.5-5.6\markdown_files\mvp\MVPSuppo | 内容预览: 4. 辅助工具 > 4.3 点集逐行排序---SortPoint

**功能描述**：将点集内的数据进行逐行排序。
**参数说明**：
- **InPoint2DfArray**：输入需要进行排序的点...
2025-06-18 09:47:31,859 - INFO - vector_db_operations:_create_vector_db:307 - 入库文档块 602/704 | 标题: D:\401385\zizi-1.5-5.6\markdown_files\mvp\MVPSuppo | 内容预览: 4. 辅助工具 > 4.4 输出中文字符示例---OutChinese

**功能描述**：在遇到需要通过脚本输入输出中文字符时可参考此脚本修改。
**参数说明**：
- **InString**：输...
2025-06-18 09:47:31,953 - INFO - vector_db_operations:_create_vector_db:307 - 入库文档块 603/704 | 标题: D:\401385\zizi-1.5-5.6\markdown_files\mvp\MVPSuppo | 内容预览: 5. 通讯 > 5.1 Float高低位调整---Float2BADC

**功能描述**：将Float数字以16进制表示（ABCD），再将其调换位置，实现高低位顺序调整。
**示例**：将`1.51...
2025-06-18 09:47:32,078 - INFO - vector_db_operations:_create_vector_db:307 - 入库文档块 604/704 | 标题: D:\401385\zizi-1.5-5.6\markdown_files\mvp\MVPSuppo | 内容预览: 5. 通讯 > 5.2 Float高低位调整---Float2CDAB

**功能描述**：将Float数字以16进制表示（ABCD），再将其调换位置，实现高低位顺序调整。
**示例**：将`1.51...
2025-06-18 09:47:32,187 - INFO - vector_db_operations:_create_vector_db:307 - 入库文档块 605/704 | 标题: D:\401385\zizi-1.5-5.6\markdown_files\mvp\MVPSuppo | 内容预览: 5. 通讯 > 5.3 Float高低位调整---Float2DCBA

**功能描述**：将Float数字以16进制表示（DCBA），再将其调换位置，实现高低位顺序调整。
**示例**：将`1.51...
2025-06-18 09:47:32,299 - INFO - vector_db_operations:_create_vector_db:307 - 入库文档块 606/704 | 标题: D:\401385\zizi-1.5-5.6\markdown_files\mvp\MVPSuppo | 内容预览: 5. 通讯 > 5.4 CRC16校验码计算---Crc16_modbus

**功能描述**：计算CRC16——Modbus（8005）校验码。
**参数说明**：
- **InString16**...
2025-06-18 09:47:32,409 - INFO - vector_db_operations:_create_vector_db:307 - 入库文档块 607/704 | 标题: D:\401385\zizi-1.5-5.6\markdown_files\mvp\MVPSuppo | 内容预览: 6. 信息提取、判断 > 6.1 读码内容数组提取---BarCode2Str

**功能描述**：从读码信息中提取内容数组。
**参数说明**：
- **InBarCodeInfo**：输入读码完整...
2025-06-18 09:47:32,534 - INFO - vector_db_operations:_create_vector_db:307 - 入库文档块 608/704 | 标题: D:\401385\zizi-1.5-5.6\markdown_files\mvp\MVPSuppo | 内容预览: 6. 信息提取、判断 > 6.2 判断矩形是否相交---IntersectQuadrangle

**功能描述**：判断两个矩形是否相交。
**参数说明**：
- **InPointA1-A4**：按...
2025-06-18 09:47:32,630 - INFO - vector_db_operations:_create_vector_db:307 - 入库文档块 609/704 | 标题: D:\401385\zizi-1.5-5.6\markdown_files\mvp\MVPSuppo | 内容预览: 6. 信息提取、判断 > 6.3 单个斑点内容解析---Get2BlobInfo

**功能描述**：单个斑点信息全内容提取。
**参数说明**：
- **InBlobPoints**：输入斑点检测算...
2025-06-18 09:47:32,725 - INFO - vector_db_operations:_create_vector_db:307 - 入库文档块 610/704 | 标题: D:\401385\zizi-1.5-5.6\markdown_files\mvp\MVPSuppo | 内容预览: 6. 信息提取、判断 > 6.4 模板匹配中心点组提取---GetMatchPoint

**功能描述**：模板匹配匹配中心提取，适用于匹配到多个目标场景。
**参数说明**：
- **InMatch...
2025-06-18 09:47:32,818 - INFO - vector_db_operations:_create_vector_db:307 - 入库文档块 611/704 | 标题: D:\401385\zizi-1.5-5.6\markdown_files\mvp\MVPSuppo | 内容预览: 6. 信息提取、判断 > 6.5 地址解析---GetPatchFileName

**功能描述**：输入文件地址，拆分目录与文件名。
**参数说明**：
- **InFullPathName**：输...
2025-06-18 09:47:32,975 - INFO - vector_db_operations:_create_vector_db:307 - 入库文档块 612/704 | 标题: D:\401385\zizi-1.5-5.6\markdown_files\mvp\MVPSuppo | 内容预览: 6. 信息提取、判断 > 6.6 图像信息解析---ImageInfo

**功能描述**：输入图像获取图像宽、高、中心的坐标信息。
**参数说明**：
- **InImage**：输入图像。
- *...
2025-06-18 09:47:33,086 - INFO - vector_db_operations:_create_vector_db:307 - 入库文档块 613/704 | 标题: D:\401385\zizi-1.5-5.6\markdown_files\mvp\MVPSuppo | 内容预览: 6. 信息提取、判断 > 6.7 单个模板匹配信息提取---MatchPattern

**功能描述**：单个匹配目标全信息提取。
**参数说明**：
- **InMatchInfos**：输入模板匹...
2025-06-18 09:47:33,165 - INFO - vector_db_operations:_create_vector_db:307 - 入库文档块 614/704 | 标题: D:\401385\zizi-1.5-5.6\markdown_files\mvp\MVPSuppo | 内容预览: 6. 信息提取、判断 > 6.8 点组获取指定点---OutCaliperLastPoint

**功能描述**：从`PointArray`中提取指定点信息。
**参数说明**：
- **InPoin...
2025-06-18 09:47:33,277 - INFO - vector_db_operations:_create_vector_db:307 - 入库文档块 615/704 | 标题: D:\401385\zizi-1.5-5.6\markdown_files\mvp\MVPSuppo | 内容预览: 7. 计算 > 7.1 直线上比例点计算---GetRatioPoint

**功能描述**：按照线段方向求百分位点。
**参数说明**：
- **InStartPoint**：输入线段起始点。
- ...
2025-06-18 09:47:33,403 - INFO - vector_db_operations:_create_vector_db:307 - 入库文档块 616/704 | 标题: D:\401385\zizi-1.5-5.6\markdown_files\mvp\MVPSuppo | 内容预览: 7. 计算 > 7.2 计算绝对值---OutABSFloat

**功能描述**：获取Float的绝对值。
**参数说明**：
- **InFloat**：输入一个Real值。
- **OutABS...
2025-06-18 09:47:33,513 - INFO - vector_db_operations:_create_vector_db:307 - 入库文档块 617/704 | 标题: D:\401385\zizi-1.5-5.6\markdown_files\mvp\MVPSuppo | 内容预览: 7. 计算 > 7.3 计算对称点---TwoPoint2SymmetryPoint

**功能描述**：输出对称点。
**参数说明**：
- **InCenter**：输入中心点。
- **InPo...
2025-06-18 09:47:33,607 - INFO - vector_db_operations:_create_vector_db:307 - 入库文档块 618/704 | 标题: D:\401385\zizi-1.5-5.6\markdown_files\mvp\MVPSuppo | 内容预览: 8. 发送 > 8.1 指定信息（Int）+校验码发送示例---Modbus-CRC16

**功能描述**：按照指定格式内容生成校验码并发送。
**参数说明**：
- **InHandle**：链接...
2025-06-18 09:47:33,702 - INFO - vector_db_operations:_create_vector_db:307 - 入库文档块 619/704 | 标题: D:\401385\zizi-1.5-5.6\markdown_files\mvp\MVPSuppo | 内容预览: 8. 发送 > 8.2 指定信息（String）+校验码发送示例---Modbus-String+CRC16

**功能描述**：按照指定格式内容生成校验码并发送。
**参数说明**：
- **InH...
2025-06-18 09:47:33,781 - INFO - vector_db_operations:_create_vector_db:307 - 入库文档块 620/704 | 标题: D:\401385\zizi-1.5-5.6\markdown_files\mvp\MVPSuppo | 内容预览: MVP日志 - UserOperation.log日志查询及关键字查看 > 文档标识

| 属性                | 内容                                ...
2025-06-18 09:47:33,891 - INFO - vector_db_operations:_create_vector_db:307 - 入库文档块 621/704 | 标题: D:\401385\zizi-1.5-5.6\markdown_files\mvp\MVPSuppo | 内容预览: MVP日志 - UserOperation.log日志查询及关键字查看 > 1. 日志结构

每条日志记录包含以下信息：
- **时间戳**：`2024-12-24 09:28:57,152`，表示日...
2025-06-18 09:47:34,032 - INFO - vector_db_operations:_create_vector_db:307 - 入库文档块 622/704 | 标题: D:\401385\zizi-1.5-5.6\markdown_files\mvp\MVPSuppo | 内容预览: MVP日志 - UserOperation.log日志查询及关键字查看 > 2. 关键信息识别

- **用户操作**：关注`[UserOperation]`模块的日志，这些通常与用户的界面操作相关，...
2025-06-18 09:47:34,156 - INFO - vector_db_operations:_create_vector_db:307 - 入库文档块 623/704 | 标题: D:\401385\zizi-1.5-5.6\markdown_files\mvp\MVPSuppo | 内容预览: MVP日志 - UserOperation.log日志查询及关键字查看 > 3. 流程分析

- **节点连接**：通过`Add link`日志了解节点之间的连接关系。
- **参数传递**：通过`I...
2025-06-18 09:47:34,250 - INFO - vector_db_operations:_create_vector_db:307 - 入库文档块 624/704 | 标题: D:\401385\zizi-1.5-5.6\markdown_files\mvp\MVPSuppo | 内容预览: MVP日志 - UserOperation.log日志查询及关键字查看 > 4. 问题定位

- **错误和异常**：虽然这份日志没有错误日志，但在实际分析中，要特别关注`ERROR`或`EXCEPT...
2025-06-18 09:47:34,343 - INFO - vector_db_operations:_create_vector_db:307 - 入库文档块 625/704 | 标题: D:\401385\zizi-1.5-5.6\markdown_files\mvp\MVPSuppo | 内容预览: MVP日志 - UserOperation.log日志查询及关键字查看 > 5. 日志过滤

根据需要关注的信息，可以过滤日志，例如只查看特定模块或级别的日志，以快速定位信息。  
通过以上步骤，可以...
2025-06-18 09:47:34,467 - INFO - vector_db_operations:_create_vector_db:307 - 入库文档块 626/704 | 标题: D:\401385\zizi-1.5-5.6\markdown_files\mvp\MVPSuppo | 内容预览: MVP日志 - Default.log日志查询及关键字查看 > 文档标识

| 属性                | 内容                                      ...
2025-06-18 09:47:34,594 - INFO - vector_db_operations:_create_vector_db:307 - 入库文档块 627/704 | 标题: D:\401385\zizi-1.5-5.6\markdown_files\mvp\MVPSuppo | 内容预览: MVP日志 - Default.log日志查询及关键字查看 > 1. 日志结构

Default日志记录了一系列的系统操作和配置加载过程，涉及不同的模块和操作。要快速入门并理解这份日志，可以按照以下步...
2025-06-18 09:47:34,702 - INFO - vector_db_operations:_create_vector_db:307 - 入库文档块 628/704 | 标题: D:\401385\zizi-1.5-5.6\markdown_files\mvp\MVPSuppo | 内容预览: MVP日志 - Default.log日志查询及关键字查看 > 1. 日志结构 > 示例日志

<code>```
MVP_BIN = G:\MVP\Application\win64  
MVP_B...
2025-06-18 09:47:34,813 - INFO - vector_db_operations:_create_vector_db:307 - 入库文档块 629/704 | 标题: D:\401385\zizi-1.5-5.6\markdown_files\mvp\MVPSuppo | 内容预览: MVP日志 - Default.log日志查询及关键字查看 > 1. 日志结构 > 日志字段说明

- **时间戳**：`2024-12-20 14:10:50,582`，表示这条日志记录在2024年...
2025-06-18 09:47:34,905 - INFO - vector_db_operations:_create_vector_db:307 - 入库文档块 630/704 | 标题: D:\401385\zizi-1.5-5.6\markdown_files\mvp\MVPSuppo | 内容预览: MVP日志 - Default.log日志查询及关键字查看 > 2. 关键信息识别

- **框架检查**：`net frameworkd is intsalled:1, version:4.8.09...
2025-06-18 09:47:34,999 - INFO - vector_db_operations:_create_vector_db:307 - 入库文档块 631/704 | 标题: D:\401385\zizi-1.5-5.6\markdown_files\mvp\MVPSuppo | 内容预览: MVP日志 - Default.log日志查询及关键字查看 > 3. 问题定位

- **文件未找到**：关注`[ERROR]`级别的日志，如`Load global camera config fi...
2025-06-18 09:47:35,108 - INFO - vector_db_operations:_create_vector_db:307 - 入库文档块 632/704 | 标题: D:\401385\zizi-1.5-5.6\markdown_files\mvp\MVPSuppo | 内容预览: MVP日志 - Default.log日志查询及关键字查看 > 4. 系统状态

- **节点执行**：通过`node id`和`initialize`可以追踪节点的初始化和执行状态。
- **参数变...
2025-06-18 09:47:35,234 - INFO - vector_db_operations:_create_vector_db:307 - 入库文档块 633/704 | 标题: D:\401385\zizi-1.5-5.6\markdown_files\mvp\MVPSuppo | 内容预览: MVP日志 - Default.log日志查询及关键字查看 > 5. 脚本错误

- **Script Error**，表明执行脚本时发生错误。...
2025-06-18 09:47:35,344 - INFO - vector_db_operations:_create_vector_db:307 - 入库文档块 634/704 | 标题: D:\401385\zizi-1.5-5.6\markdown_files\mvp\MVPSuppo | 内容预览: MVP日志 - Default.log日志查询及关键字查看 > 6. 配置加载失败

- **Load xml failed. XmlFile[./Conf/SwitchEngineNode.xml]...
2025-06-18 09:47:35,422 - INFO - vector_db_operations:_create_vector_db:307 - 入库文档块 635/704 | 标题: D:\401385\zizi-1.5-5.6\markdown_files\mvp\MVPSuppo | 内容预览: MVP日志 - VCommunicationApd.log日志查询及关键字查看 > 文档标识

| 属性                | 内容                            ...
2025-06-18 09:47:35,531 - INFO - vector_db_operations:_create_vector_db:307 - 入库文档块 636/704 | 标题: D:\401385\zizi-1.5-5.6\markdown_files\mvp\MVPSuppo | 内容预览: MVP日志 - VCommunicationApd.log日志查询及关键字查看 > 1. 日志结构

每条日志记录包含以下信息：
- **时间戳**：例如 `2024-12-17 16:43:24,6...
2025-06-18 09:47:35,623 - INFO - vector_db_operations:_create_vector_db:307 - 入库文档块 637/704 | 标题: D:\401385\zizi-1.5-5.6\markdown_files\mvp\MVPSuppo | 内容预览: MVP日志 - VCommunicationApd.log日志查询及关键字查看 > 2. 关键信息识别 > 2.1 空指针错误

- **关键字**：`pSocket is NULL!!!`
- **...
2025-06-18 09:47:35,747 - INFO - vector_db_operations:_create_vector_db:307 - 入库文档块 638/704 | 标题: D:\401385\zizi-1.5-5.6\markdown_files\mvp\MVPSuppo | 内容预览: MVP日志 - VCommunicationApd.log日志查询及关键字查看 > 2. 关键信息识别 > 2.2 数据发送

- **关键字**：`CTcpSessionClient::sendDa...
2025-06-18 09:47:35,856 - INFO - vector_db_operations:_create_vector_db:307 - 入库文档块 639/704 | 标题: D:\401385\zizi-1.5-5.6\markdown_files\mvp\MVPSuppo | 内容预览: MVP日志 - VCommunicationApd.log日志查询及关键字查看 > 2. 关键信息识别 > 2.3 数据接收

- **关键字**：`CTcpSessionClient::getRec...
2025-06-18 09:47:35,980 - INFO - vector_db_operations:_create_vector_db:307 - 入库文档块 640/704 | 标题: D:\401385\zizi-1.5-5.6\markdown_files\mvp\MVPSuppo | 内容预览: MVP日志 - VCommunicationApd.log日志查询及关键字查看 > 2. 关键信息识别 > 2.4 错误代码

- **关键字**：`The Server return an erro...
2025-06-18 09:47:36,074 - INFO - vector_db_operations:_create_vector_db:307 - 入库文档块 641/704 | 标题: D:\401385\zizi-1.5-5.6\markdown_files\mvp\MVPSuppo | 内容预览: MVP日志 - VCommunicationApd.log日志查询及关键字查看 > 3. 问题定位 > 3.1 空指针问题

- **关注点**：`pSocket is NULL!!!` 的错误日志。...
2025-06-18 09:47:36,184 - INFO - vector_db_operations:_create_vector_db:307 - 入库文档块 642/704 | 标题: D:\401385\zizi-1.5-5.6\markdown_files\mvp\MVPSuppo | 内容预览: MVP日志 - VCommunicationApd.log日志查询及关键字查看 > 3. 问题定位 > 3.2 错误代码

- **关注点**：`recv data error, proIndex =...
2025-06-18 09:47:36,292 - INFO - vector_db_operations:_create_vector_db:307 - 入库文档块 643/704 | 标题: D:\401385\zizi-1.5-5.6\markdown_files\mvp\MVPSuppo | 内容预览: MVP日志 - VCommunicationApd.log日志查询及关键字查看 > 4. 数据交换 > 4.1 发送和接收的数据

- **关键字**：`sendData` 和 `getRecvDat...
2025-06-18 09:47:36,385 - INFO - vector_db_operations:_create_vector_db:307 - 入库文档块 644/704 | 标题: D:\401385\zizi-1.5-5.6\markdown_files\mvp\MVPSuppo | 内容预览: MVP日志 - VCommunicationApd.log日志查询及关键字查看 > 5. 协议和模式 > 5.1 Modbus协议

- **关键字**：`[Protocol: Modbus] [Mo...
2025-06-18 09:47:36,509 - INFO - vector_db_operations:_create_vector_db:307 - 入库文档块 645/704 | 标题: D:\401385\zizi-1.5-5.6\markdown_files\mvp\MVPSuppo | 内容预览: MVP日志 - VCommunicationApd.log日志查询及关键字查看 > 总结

通过这些关键点，可以快速了解系统的通信状态、错误情况以及数据交换过程。对于技术人员来说，这些信息有助于快速定...
2025-06-18 09:47:36,602 - INFO - vector_db_operations:_create_vector_db:307 - 入库文档块 646/704 | 标题: D:\401385\zizi-1.5-5.6\markdown_files\mvp\MVPSuppo | 内容预览: 循环模块数据抽取操作指南 > 文档标识

| 属性                | 内容                                                       ...
2025-06-18 09:47:36,711 - INFO - vector_db_operations:_create_vector_db:307 - 入库文档块 647/704 | 标题: D:\401385\zizi-1.5-5.6\markdown_files\mvp\MVPSuppo | 内容预览: 循环模块数据抽取操作指南 > 1. 概述

本教程旨在指导用户如何从循环模块中抽取数据。以模板匹配为例，展示如何一步步从循环模块中提取所需数据。...
2025-06-18 09:47:36,805 - INFO - vector_db_operations:_create_vector_db:307 - 入库文档块 648/704 | 标题: D:\401385\zizi-1.5-5.6\markdown_files\mvp\MVPSuppo | 内容预览: 循环模块数据抽取操作指南 > 2. 操作步骤 > 2.1 搭建基础环境

1. **引入模板匹配**：
- 使用仿真器拉取定位模板匹配工具。
- 通过模板匹配训练一个模板，具体参数可根据需要设定，这里...
2025-06-18 09:47:36,915 - INFO - vector_db_operations:_create_vector_db:307 - 入库文档块 649/704 | 标题: D:\401385\zizi-1.5-5.6\markdown_files\mvp\MVPSuppo | 内容预览: 循环模块数据抽取操作指南 > 2. 操作步骤 > 2.2 构建循环模块

1. **创建循环**：
- 拖入一个循环模块，用于查找数组。
- 设置循环次数为模板匹配数组，具体数值可根据实际需求调整。...
2025-06-18 09:47:37,026 - INFO - vector_db_operations:_create_vector_db:307 - 入库文档块 650/704 | 标题: D:\401385\zizi-1.5-5.6\markdown_files\mvp\MVPSuppo | 内容预览: 循环模块数据抽取操作指南 > 2. 操作步骤 > 2.3 理解复合型数组

1. **模板匹配信息**：
- 模板匹配结果包含多个参数，如得分、角度、缩放比例和中心坐标等。
- 这些信息组成一个复合型...
2025-06-18 09:47:37,152 - INFO - vector_db_operations:_create_vector_db:307 - 入库文档块 651/704 | 标题: D:\401385\zizi-1.5-5.6\markdown_files\mvp\MVPSuppo | 内容预览: 循环模块数据抽取操作指南 > 2. 操作步骤 > 2.4 抽取模板匹配数据

1. **绑定循环次数**：
- 将循环模块的循环次数绑定到模板匹配的匹配个数。这样可以确保每次循环都能处理一个匹配结果。...
2025-06-18 09:47:37,277 - INFO - vector_db_operations:_create_vector_db:307 - 入库文档块 652/704 | 标题: D:\401385\zizi-1.5-5.6\markdown_files\mvp\MVPSuppo | 内容预览: 循环模块数据抽取操作指南 > 2. 操作步骤 > 2.5 循环模块数据处理

1. **数据处理逻辑**：
- 在循环模块中，针对每个访问的元素，进行必要的数据处理。
- 例如，可以将提取的旋转矩形信...
2025-06-18 09:47:37,386 - INFO - vector_db_operations:_create_vector_db:307 - 入库文档块 653/704 | 标题: D:\401385\zizi-1.5-5.6\markdown_files\mvp\MVPSuppo | 内容预览: 循环模块数据抽取操作指南 > 2. 操作步骤 > 2.6 结果显示与输出

1. **结果显示**：
- 在循环模块外部添加结果显示模块，用于展示每个循环的输出。
- 循环内设置循环容器，进行循环模块...
2025-06-18 09:47:37,497 - INFO - vector_db_operations:_create_vector_db:307 - 入库文档块 654/704 | 标题: D:\401385\zizi-1.5-5.6\markdown_files\mvp\MVPSuppo | 内容预览: 循环模块数据抽取操作指南 > 3. 结语

通过以上步骤，用户可以从循环模块中成功抽取数据，并将其转换为所需的复合数据形式。本教程旨在提供清晰、简单的操作指导，帮助用户理解和掌握循环模块数据抽取的方法...
2025-06-18 09:47:37,606 - INFO - vector_db_operations:_create_vector_db:307 - 入库文档块 655/704 | 标题: D:\401385\zizi-1.5-5.6\markdown_files\mvp\MVPSuppo | 内容预览: 深度学习算子在结果显示算子中的展示指南 > 文档标识

| 属性                | 内容                                                ...
2025-06-18 09:47:37,699 - INFO - vector_db_operations:_create_vector_db:307 - 入库文档块 656/704 | 标题: D:\401385\zizi-1.5-5.6\markdown_files\mvp\MVPSuppo | 内容预览: 1. 功能概述

本指南介绍如何通过脚本将深度学习检测算子的结果（包括目标矩形框、标签和中心坐标）在结果显示算子中展示。...
2025-06-18 09:47:37,826 - INFO - vector_db_operations:_create_vector_db:307 - 入库文档块 657/704 | 标题: D:\401385\zizi-1.5-5.6\markdown_files\mvp\MVPSuppo | 内容预览: 2. 操作步骤 > 2.1 矩形框展示 > 脚本代码：

<code>```
MVP_BIN = G:\MVP\Application\win64  
MVP_BIN32 = G:\MVP\Appli...
2025-06-18 09:47:37,936 - INFO - vector_db_operations:_create_vector_db:307 - 入库文档块 658/704 | 标题: D:\401385\zizi-1.5-5.6\markdown_files\mvp\MVPSuppo | 内容预览: 2. 操作步骤 > 2.2 标签展示 > 脚本代码：

<code>```
MVP_BIN = G:\MVP\Application\win64  
MVP_BIN32 = G:\MVP\Applic...
2025-06-18 09:47:38,016 - INFO - vector_db_operations:_create_vector_db:307 - 入库文档块 659/704 | 标题: D:\401385\zizi-1.5-5.6\markdown_files\mvp\MVPSuppo | 内容预览: 2. 操作步骤 > 2.3 中心坐标展示 > 脚本代码：

<code>```
MVP_BIN = G:\MVP\Application\win64  
MVP_BIN32 = G:\MVP\Appl...
2025-06-18 09:47:38,142 - INFO - vector_db_operations:_create_vector_db:307 - 入库文档块 660/704 | 标题: D:\401385\zizi-1.5-5.6\markdown_files\mvp\MVPSuppo | 内容预览: 3. 结果显示配置

在结果显示算子中，配置需要显示的参数类型（矩形框、标签、中心坐标）即可完成展示。...
2025-06-18 09:47:38,266 - INFO - vector_db_operations:_create_vector_db:307 - 入库文档块 661/704 | 标题: D:\401385\zizi-1.5-5.6\markdown_files\mvp\MVPSuppo | 内容预览: 4. 注意事项

- 确保深度学习检测算子已正确配置并运行。
- 脚本中的参数名称需与算子输出参数一致。
- 结果显示算子的配置需与脚本输出参数匹配。...
2025-06-18 09:47:38,375 - INFO - vector_db_operations:_create_vector_db:307 - 入库文档块 662/704 | 标题: D:\401385\zizi-1.5-5.6\markdown_files\mvp\MVPSuppo | 内容预览: 手眼标定操作指南 > 文档标识

| 属性                | 内容                                                           ...
2025-06-18 09:47:38,482 - INFO - vector_db_operations:_create_vector_db:307 - 入库文档块 663/704 | 标题: D:\401385\zizi-1.5-5.6\markdown_files\mvp\MVPSuppo | 内容预览: 1. 功能概述

本指南详细介绍了手眼标定的两种模式：`eye_in_hand`（相机固定在机械臂上）和`eye_to_hand`（相机固定在工作台上）的标定流程、计算方法和注意事项。  
---...
2025-06-18 09:47:38,544 - INFO - vector_db_operations:_create_vector_db:307 - 入库文档块 664/704 | 标题: D:\401385\zizi-1.5-5.6\markdown_files\mvp\MVPSuppo | 内容预览: 2. eye_in_hand 标定流程 > 2.1 标定环境描述

- 相机固定在机械臂上，参考点固定。
- 移动机械臂带动相机，使参考点出现在视野内的不同位置，完成九点标定。...
2025-06-18 09:47:38,624 - INFO - vector_db_operations:_create_vector_db:307 - 入库文档块 665/704 | 标题: D:\401385\zizi-1.5-5.6\markdown_files\mvp\MVPSuppo | 内容预览: 2. eye_in_hand 标定流程 > 2.2 平移标定 > 操作步骤：

1. 以固定距离 `Len` 沿 X 轴和 Y 轴移动相机，使参考点出现在视野的不同位置。
2. 机械臂移动九个不同位置...
2025-06-18 09:47:38,732 - INFO - vector_db_operations:_create_vector_db:307 - 入库文档块 666/704 | 标题: D:\401385\zizi-1.5-5.6\markdown_files\mvp\MVPSuppo | 内容预览: 2. eye_in_hand 标定流程 > 2.2 平移标定 > 坐标对应关系：

| 序号 | 图像坐标        | 世界坐标       |
|------|----------------...
2025-06-18 09:47:38,839 - INFO - vector_db_operations:_create_vector_db:307 - 入库文档块 667/704 | 标题: D:\401385\zizi-1.5-5.6\markdown_files\mvp\MVPSuppo | 内容预览: 2. eye_in_hand 标定流程 > 2.2 平移标定 > 输出：

通过 N 点标定，得到图像坐标到世界坐标的转换关系矩阵 `H`。...
2025-06-18 09:47:38,964 - INFO - vector_db_operations:_create_vector_db:307 - 入库文档块 668/704 | 标题: D:\401385\zizi-1.5-5.6\markdown_files\mvp\MVPSuppo | 内容预览: 2. eye_in_hand 标定流程 > 2.3 旋转标定 > 操作步骤：

1. 在第五号点让机械臂旋转，记录旋转后的图像坐标。
2. 通过 `H` 矩阵将图像坐标转换为世界坐标，拟合圆得到圆心。...
2025-06-18 09:47:39,074 - INFO - vector_db_operations:_create_vector_db:307 - 入库文档块 669/704 | 标题: D:\401385\zizi-1.5-5.6\markdown_files\mvp\MVPSuppo | 内容预览: 2. eye_in_hand 标定流程 > 2.3 旋转标定 > 坐标对应关系：

| 序号 | 图像坐标        | 世界坐标（更新后）       |
|------|-----------...
2025-06-18 09:47:39,201 - INFO - vector_db_operations:_create_vector_db:307 - 入库文档块 670/704 | 标题: D:\401385\zizi-1.5-5.6\markdown_files\mvp\MVPSuppo | 内容预览: 2. eye_in_hand 标定流程 > 2.3 旋转标定 > 注意事项：

- 如果拟合效果不佳，可通过函数对拟合中心进行补偿。
- 若旋转角度较小，可采用 `stdX` 和 `stdY` 方法计...
2025-06-18 09:47:39,311 - INFO - vector_db_operations:_create_vector_db:307 - 入库文档块 671/704 | 标题: D:\401385\zizi-1.5-5.6\markdown_files\mvp\MVPSuppo | 内容预览: 3. eye_to_hand 标定流程 > 3.1 标定环境描述

- 相机固定在工作台上，机械臂抓取标定板移动，使特征点出现在视野内。
- 采用 N 点标定，确定图像坐标系与机械坐标系的关系。...
2025-06-18 09:47:39,437 - INFO - vector_db_operations:_create_vector_db:307 - 入库文档块 672/704 | 标题: D:\401385\zizi-1.5-5.6\markdown_files\mvp\MVPSuppo | 内容预览: 3. eye_to_hand 标定流程 > 3.2 平移标定 > 操作步骤：

1. 机械臂抓取标定板，以固定距离 `Len` 沿 X 轴和 Y 轴移动，记录图像坐标和世界坐标。...
2025-06-18 09:47:39,544 - INFO - vector_db_operations:_create_vector_db:307 - 入库文档块 673/704 | 标题: D:\401385\zizi-1.5-5.6\markdown_files\mvp\MVPSuppo | 内容预览: 3. eye_to_hand 标定流程 > 3.2 平移标定 > 坐标对应关系：

| 序号 | 图像坐标        | 世界坐标       |
|------|----------------...
2025-06-18 09:47:39,607 - INFO - vector_db_operations:_create_vector_db:307 - 入库文档块 674/704 | 标题: D:\401385\zizi-1.5-5.6\markdown_files\mvp\MVPSuppo | 内容预览: 3. eye_to_hand 标定流程 > 3.2 平移标定 > 输出：

通过 N 点标定，得到图像坐标到世界坐标的转换关系矩阵 `H`。...
2025-06-18 09:47:39,686 - INFO - vector_db_operations:_create_vector_db:307 - 入库文档块 675/704 | 标题: D:\401385\zizi-1.5-5.6\markdown_files\mvp\MVPSuppo | 内容预览: 3. eye_to_hand 标定流程 > 3.3 旋转标定 > 操作步骤：

1. 在第五号位置旋转机械臂，记录旋转后的图像坐标。
2. 通过 `H` 矩阵将图像坐标转换为世界坐标，拟合圆得到圆心。...
2025-06-18 09:47:39,793 - INFO - vector_db_operations:_create_vector_db:307 - 入库文档块 676/704 | 标题: D:\401385\zizi-1.5-5.6\markdown_files\mvp\MVPSuppo | 内容预览: 3. eye_to_hand 标定流程 > 3.3 旋转标定 > 坐标对应关系：

| 序号 | 图像坐标        | 世界坐标（更新后）       |
|------|-----------...
2025-06-18 09:47:39,904 - INFO - vector_db_operations:_create_vector_db:307 - 入库文档块 677/704 | 标题: D:\401385\zizi-1.5-5.6\markdown_files\mvp\MVPSuppo | 内容预览: 3. eye_to_hand 标定流程 > 3.3 旋转标定 > 注意事项：

- 若拟合效果不佳，可通过函数对拟合中心进行补偿。
- 若旋转角度较小，可采用 `stdX` 和 `stdY` 方法计算...
2025-06-18 09:47:40,030 - INFO - vector_db_operations:_create_vector_db:307 - 入库文档块 678/704 | 标题: D:\401385\zizi-1.5-5.6\markdown_files\mvp\MVPSuppo | 内容预览: 4. 计算流程 > 4.1 eye_in_hand 模式 > 计算公式：

1. 计算位移补偿量 `CDx` 和 `CDy`：
<code>```
MVP_BIN = G:\MVP\Applicati...
2025-06-18 09:47:40,137 - INFO - vector_db_operations:_create_vector_db:307 - 入库文档块 679/704 | 标题: D:\401385\zizi-1.5-5.6\markdown_files\mvp\MVPSuppo | 内容预览: 4. 计算流程 > 4.1 eye_in_hand 模式 > 应用场景：

- 拍照位置固定，示教位置与拍照位置有一段位移。
- 拍照位置发生平移变化，示教位置与拍照位置仍有一段位移。...
2025-06-18 09:47:40,247 - INFO - vector_db_operations:_create_vector_db:307 - 入库文档块 680/704 | 标题: D:\401385\zizi-1.5-5.6\markdown_files\mvp\MVPSuppo | 内容预览: 4. 计算流程 > 4.2 eye_to_hand 模式 > 计算公式：

1. 计算当前参考点坐标 `(X1, Y1)` 绕 `(Cx0, Cy0)` 旋转角度 `a` 后的新点 `(newX1, ...
2025-06-18 09:47:40,372 - INFO - vector_db_operations:_create_vector_db:307 - 入库文档块 681/704 | 标题: D:\401385\zizi-1.5-5.6\markdown_files\mvp\MVPSuppo | 内容预览: 4. 计算流程 > 4.2 eye_to_hand 模式 > 应用场景：

- 机械臂抓取产品到固定位置拍照，计算补偿量以调整抓取姿态。  
---...
2025-06-18 09:47:40,499 - INFO - vector_db_operations:_create_vector_db:307 - 入库文档块 682/704 | 标题: D:\401385\zizi-1.5-5.6\markdown_files\mvp\MVPSuppo | 内容预览: 5. 注意事项

1. 确保标定过程中相机和机械臂的稳定性。
2. 标定点的分布应尽量均匀，以提高标定精度。
3. 若拟合效果不佳，可通过函数对拟合中心进行补偿。
4. 在计算补偿量时，需注意旋转角度...
2025-06-18 09:47:40,611 - INFO - vector_db_operations:_create_vector_db:307 - 入库文档块 683/704 | 标题: D:\401385\zizi-1.5-5.6\markdown_files\mvp\MVPSuppo | 内容预览: 6. 常见问题

1. **标定精度不足**
- **可能原因**：标定点分布不均匀、机械臂移动误差较大、相机分辨率不足。
- **解决方案**：增加标定点数量、优化机械臂运动控制、使用更高分辨率的相...
2025-06-18 09:47:40,703 - INFO - vector_db_operations:_create_vector_db:307 - 入库文档块 684/704 | 标题: D:\401385\zizi-1.5-5.6\markdown_files\mvp\MVPSuppo | 内容预览: 7. 优化建议

1. **增加标定点数量**：在标定过程中，增加标定点数量可以提高标定精度，尤其是在复杂场景下。
2. **优化机械臂运动控制**：确保机械臂在标定过程中的运动精度，减少误差积累。
...
2025-06-18 09:47:40,799 - INFO - vector_db_operations:_create_vector_db:307 - 入库文档块 685/704 | 标题: D:\401385\zizi-1.5-5.6\markdown_files\mvp\MVPSuppo | 内容预览: 8. 总结

手眼标定是机械臂与相机协同工作的关键技术，`eye_in_hand` 和 `eye_to_hand` 两种模式分别适用于不同的应用场景。通过本指南的详细操作步骤和计算方法，用户可以高效完...
2025-06-18 09:47:40,879 - INFO - vector_db_operations:_create_vector_db:307 - 入库文档块 686/704 | 标题: D:\401385\zizi-1.5-5.6\markdown_files\mvp\MVPSuppo | 内容预览: 标定与RMS数据解析 > 文档标识

| 属性                | 内容                                                         ...
2025-06-18 09:47:40,990 - INFO - vector_db_operations:_create_vector_db:307 - 入库文档块 687/704 | 标题: D:\401385\zizi-1.5-5.6\markdown_files\mvp\MVPSuppo | 内容预览: 1. RMS数据解析 > 1.1 RMS定义

RMS（Root Mean Square，均方误差）是标定过程中生成的误差数据，单位为像素。它用于衡量标定结果的精度。...
2025-06-18 09:47:41,101 - INFO - vector_db_operations:_create_vector_db:307 - 入库文档块 688/704 | 标题: D:\401385\zizi-1.5-5.6\markdown_files\mvp\MVPSuppo | 内容预览: 1. RMS数据解析 > 1.2 精度要求

- **计算公式**：RMS应小于三分之一的像素精度。
- 示例：若系统精度要求为0.2mm，一个像素为0.05mm，则系统像素精度为4个像素，RMS需小...
2025-06-18 09:47:41,226 - INFO - vector_db_operations:_create_vector_db:307 - 入库文档块 689/704 | 标题: D:\401385\zizi-1.5-5.6\markdown_files\mvp\MVPSuppo | 内容预览: 2. 标定精度问题排查 > 2.1 确认标定精度要求

1. 检查现场标定精度要求，确保工程评估结果满足精度需求。
2. 确认相机像素大小及标定板方案是否符合要求。...
2025-06-18 09:47:41,318 - INFO - vector_db_operations:_create_vector_db:307 - 入库文档块 690/704 | 标题: D:\401385\zizi-1.5-5.6\markdown_files\mvp\MVPSuppo | 内容预览: 2. 标定精度问题排查 > 2.2 检查硬件设施

1. 检查硬件参数型号是否正确。
2. 排查硬件问题，如焦距偏差、安装夹具不稳导致相机晃动等。...
2025-06-18 09:47:41,429 - INFO - vector_db_operations:_create_vector_db:307 - 入库文档块 691/704 | 标题: D:\401385\zizi-1.5-5.6\markdown_files\mvp\MVPSuppo | 内容预览: 2. 标定精度问题排查 > 2.3 工程搭建与测试

1. 确认工程搭建无误，重新进行标定测试。
2. 重复测试，确保多次标定后误差在精度要求范围内。...
2025-06-18 09:47:41,539 - INFO - vector_db_operations:_create_vector_db:307 - 入库文档块 692/704 | 标题: D:\401385\zizi-1.5-5.6\markdown_files\mvp\MVPSuppo | 内容预览: 3. 根因分析 > 技术原理

| 维度         | 说明                                                                 |
...
2025-06-18 09:47:41,651 - INFO - vector_db_operations:_create_vector_db:307 - 入库文档块 693/704 | 标题: D:\401385\zizi-1.5-5.6\markdown_files\mvp\MVPSuppo | 内容预览: 深度学习字符识别与检测指南 > 文档标识

| 属性                | 内容                                                      ...
2025-06-18 09:47:41,762 - INFO - vector_db_operations:_create_vector_db:307 - 入库文档块 694/704 | 标题: D:\401385\zizi-1.5-5.6\markdown_files\mvp\MVPSuppo | 内容预览: 1. 深度学习字符识别 > 1.1 图像预处理 > 问题：对于存在倾斜、翻转、镜像、对比度较低的字符能直接推理吗？

- **解决方案**：
- 需要使用图像处理的算子对图像进行几何位置及灰度值的处理...
2025-06-18 09:47:41,872 - INFO - vector_db_operations:_create_vector_db:307 - 入库文档块 695/704 | 标题: D:\401385\zizi-1.5-5.6\markdown_files\mvp\MVPSuppo | 内容预览: 1. 深度学习字符识别 > 1.2 中文推理支持 > 问题：简体中文或者繁体中文能够推理吗？

- **当前限制**：
- 目前MVT暂不支持中文或中文繁体进行推理。
- **未来计划**：
- 后续...
2025-06-18 09:47:41,966 - INFO - vector_db_operations:_create_vector_db:307 - 入库文档块 696/704 | 标题: D:\401385\zizi-1.5-5.6\markdown_files\mvp\MVPSuppo | 内容预览: 1. 深度学习字符识别 > 1.3 图像处理与模型优化 > 处理流程：

1. **字符识别**：
- 如果字符能够被识别出来，无需进行额外的图像处理。
2. **几何校正**：
- 将字符的扭曲和翻...
2025-06-18 09:47:42,075 - INFO - vector_db_operations:_create_vector_db:307 - 入库文档块 697/704 | 标题: D:\401385\zizi-1.5-5.6\markdown_files\mvp\MVPSuppo | 内容预览: 2. 深度学习检测 > 2.1 功能概述

- **应用场景**：
- 深度学习检测用于复杂场景下的目标识别与分类。
- **技术优势**：
- 通过深度学习模型，能够有效提升检测精度与鲁棒性。...
2025-06-18 09:47:42,217 - INFO - vector_db_operations:_create_vector_db:307 - 入库文档块 698/704 | 标题: D:\401385\zizi-1.5-5.6\markdown_files\mvp\MVPSuppo | 内容预览: 2. 深度学习检测 > 2.2 检测流程

1. **数据准备**：
- 收集并标注训练数据。
2. **模型训练**：
- 使用深度学习框架训练检测模型。
3. **模型推理**：
- 将训练好的模...
2025-06-18 09:47:42,343 - INFO - vector_db_operations:_create_vector_db:307 - 入库文档块 699/704 | 标题: D:\401385\zizi-1.5-5.6\markdown_files\mvp\MVPSuppo | 内容预览: 深度学习问题排查指南 > 文档标识

| 属性                | 内容                                                         ...
2025-06-18 09:47:42,452 - INFO - vector_db_operations:_create_vector_db:307 - 入库文档块 700/704 | 标题: D:\401385\zizi-1.5-5.6\markdown_files\mvp\MVPSuppo | 内容预览: 1. 问题描述 > 1.1 典型场景

- 深度学习推理速度慢，即使使用显卡也无法达到预期性能。...
2025-06-18 09:48:34,430 - DEBUG - vector_db_operations:_create_vector_db:329 - 向量库初始化 | 批次: 7 | 文档数: 100
2025-06-18 09:48:34,507 - INFO - vector_db_operations:_create_vector_db:307 - 入库文档块 701/704 | 标题: D:\401385\zizi-1.5-5.6\markdown_files\mvp\MVPSuppo | 内容预览: 1. 问题描述 > 1.2 异常现象

- 图片较大，目标较多。
- 显卡性能低。
- 未使用GPU推理库。...
2025-06-18 09:48:34,601 - INFO - vector_db_operations:_create_vector_db:307 - 入库文档块 702/704 | 标题: D:\401385\zizi-1.5-5.6\markdown_files\mvp\MVPSuppo | 内容预览: 2. 解决方案 > 2.1 更换GPU推理库 > 操作步骤：

1. **下载GPU推理库**：从官方渠道获取最新的GPU推理库。
2. **替换推理插件库**：
- 将下载的GPU推理库文件放置在M...
2025-06-18 09:48:34,695 - INFO - vector_db_operations:_create_vector_db:307 - 入库文档块 703/704 | 标题: D:\401385\zizi-1.5-5.6\markdown_files\mvp\MVPSuppo | 内容预览: 2. 解决方案 > 2.2 显卡配置优化 > 操作步骤：

1. **检查显卡最高性能配置**：
- 在命令提示符中执行：`nvidia-smi -q -d SUPPORTED_CLOCKS`
- 第...
2025-06-18 09:48:34,821 - INFO - vector_db_operations:_create_vector_db:307 - 入库文档块 704/704 | 标题: D:\401385\zizi-1.5-5.6\markdown_files\mvp\MVPSuppo | 内容预览: 3. 根因分析 > 3.1 技术原理

| 维度         | 说明                                                               ...
2025-06-18 09:48:48,106 - DEBUG - vector_db_operations:_create_vector_db:329 - 向量库初始化 | 批次: 8 | 文档数: 4
2025-06-18 09:48:48,247 - INFO - vector_db_operations:_create_vector_db:336 - 向量库创建完成 | 集合: mvp | 总块数: 704
2025-06-18 10:12:35,806 - INFO - vector_db_operations:_connect_milvus:93 - Milvus连接成功 | 地址: localhost:19530
2025-06-18 10:12:36,469 - INFO - vector_db_operations:__init__:79 - VectorDBOperations初始化完成 | 模型路径: ./models/bge-large-zh-v1.5 | 分块大小: 1500 | 重叠大小: 200
2025-06-18 10:12:36,470 - INFO - vector_db_operations:_batch_process_files:173 - 发现 2 个Markdown文件待处理
2025-06-18 10:12:55,164 - WARNING - vector_db_operations:_process_single_file:246 - 过滤纯标题块: 视觉功能模块 > 常用算子 > 概述

图像采集算子主要功能是获取图像源，可以从本地或者相机获取。... | 文件: D:\401385\zizi-1.5-5.6\markdown_files\mvp\MVP算法平台_用户手册【企业知识库版】.md
2025-06-18 10:13:14,036 - WARNING - vector_db_operations:_process_single_file:246 - 过滤纯标题块: 1. 彩色算子功能 > 1.2 注意事项

涉及复杂算法的操作需要将彩色图像转换为灰度图。... | 文件: D:\401385\zizi-1.5-5.6\markdown_files\mvp\MVPSupport文档.md
2025-06-18 10:13:14,112 - WARNING - vector_db_operations:_process_single_file:246 - 过滤纯标题块: 3. 文档维护与验证 > 3.1 维护责任人

- **技术支持团队/王平川**... | 文件: D:\401385\zizi-1.5-5.6\markdown_files\mvp\MVPSupport文档.md
2025-06-18 10:13:14,190 - WARNING - vector_db_operations:_process_single_file:246 - 过滤纯标题块: 1 准备工作 > 软件要求

- 确保 MVP 软件已安装最新版本（当前最新版本为 5.1.0）。... | 文件: D:\401385\zizi-1.5-5.6\markdown_files\mvp\MVPSupport文档.md
2025-06-18 10:13:14,254 - WARNING - vector_db_operations:_process_single_file:246 - 过滤纯标题块: 1 经典场景 > 1.1 MVP与PLC通讯 > 示例

以Modbus为例，详细方案见示例库。... | 文件: D:\401385\zizi-1.5-5.6\markdown_files\mvp\MVPSupport文档.md
2025-06-18 10:13:14,317 - WARNING - vector_db_operations:_process_single_file:246 - 过滤纯标题块: 1 经典场景 > 1.1 MVP与PLC通讯 > 方案人员

闵阳程... | 文件: D:\401385\zizi-1.5-5.6\markdown_files\mvp\MVPSupport文档.md
2025-06-18 10:13:14,397 - WARNING - vector_db_operations:_process_single_file:246 - 过滤纯标题块: 1 经典场景 > 1.1 MVP与PLC通讯 > 攥写时间

2024.03.03... | 文件: D:\401385\zizi-1.5-5.6\markdown_files\mvp\MVPSupport文档.md
2025-06-18 10:13:14,474 - WARNING - vector_db_operations:_process_single_file:246 - 过滤纯标题块: 1 经典场景 > 1.2 PLC报文启动相机拍照 > 核心算法

- 报文发送  
- PLC对接... | 文件: D:\401385\zizi-1.5-5.6\markdown_files\mvp\MVPSupport文档.md
2025-06-18 10:13:14,553 - WARNING - vector_db_operations:_process_single_file:246 - 过滤纯标题块: 1 经典场景 > 1.2 PLC报文启动相机拍照 > 方案人员

PLC操作员... | 文件: D:\401385\zizi-1.5-5.6\markdown_files\mvp\MVPSupport文档.md
2025-06-18 10:13:14,599 - WARNING - vector_db_operations:_process_single_file:246 - 过滤纯标题块: 1 经典场景 > 1.3 模板匹配定位发给下家 > 核心算法

- 模板匹配  
- 报文发送... | 文件: D:\401385\zizi-1.5-5.6\markdown_files\mvp\MVPSupport文档.md
2025-06-18 10:13:14,678 - WARNING - vector_db_operations:_process_single_file:246 - 过滤纯标题块: 1 经典场景 > 1.6 字符识别 > 核心算法

- 简版字符识别  
- 深度学习字符识别... | 文件: D:\401385\zizi-1.5-5.6\markdown_files\mvp\MVPSupport文档.md
2025-06-18 10:13:14,755 - WARNING - vector_db_operations:_process_single_file:246 - 过滤纯标题块: 1 经典场景 > 1.6 字符识别 > 方案人员

字符标注人员（测试期）、交付... | 文件: D:\401385\zizi-1.5-5.6\markdown_files\mvp\MVPSupport文档.md
2025-06-18 10:13:14,851 - WARNING - vector_db_operations:_process_single_file:246 - 过滤纯标题块: 1 经典场景 > 1.7 深度学习检测 > 方案人员

数据标注人员... | 文件: D:\401385\zizi-1.5-5.6\markdown_files\mvp\MVPSupport文档.md
2025-06-18 10:13:14,913 - WARNING - vector_db_operations:_process_single_file:246 - 过滤纯标题块: 1 经典场景 > 1.8 机械臂定位抓取纠偏 > 方案人员

数据标注人员... | 文件: D:\401385\zizi-1.5-5.6\markdown_files\mvp\MVPSupport文档.md
2025-06-18 10:13:14,993 - WARNING - vector_db_operations:_process_single_file:246 - 过滤纯标题块: 1 经典场景 > 1.10 MVP-HTTP通讯 > 核心算法

- HTTP请求与响应... | 文件: D:\401385\zizi-1.5-5.6\markdown_files\mvp\MVPSupport文档.md
2025-06-18 10:13:15,057 - WARNING - vector_db_operations:_process_single_file:246 - 过滤纯标题块: 1 经典场景 > 1.10 MVP-HTTP通讯 > 方案人员

网络工程师... | 文件: D:\401385\zizi-1.5-5.6\markdown_files\mvp\MVPSupport文档.md
2025-06-18 10:13:15,136 - WARNING - vector_db_operations:_process_single_file:246 - 过滤纯标题块: 2 细分场景 > 2.1 多模板匹配取最适合的模板 > 核心算法

- MVP逻辑控制... | 文件: D:\401385\zizi-1.5-5.6\markdown_files\mvp\MVPSupport文档.md
2025-06-18 10:13:15,214 - WARNING - vector_db_operations:_process_single_file:246 - 过滤纯标题块: 2 细分场景 > 2.1 多模板匹配取最适合的模板 > 方案人员

技术工程师... | 文件: D:\401385\zizi-1.5-5.6\markdown_files\mvp\MVPSupport文档.md
2025-06-18 10:13:15,292 - WARNING - vector_db_operations:_process_single_file:246 - 过滤纯标题块: 2 细分场景 > 2.2 动态计数排除掉重复工件 > 核心算法

- 动态计数... | 文件: D:\401385\zizi-1.5-5.6\markdown_files\mvp\MVPSupport文档.md
2025-06-18 10:13:15,371 - WARNING - vector_db_operations:_process_single_file:246 - 过滤纯标题块: 2 细分场景 > 2.2 动态计数排除掉重复工件 > 方案人员

技术工程师... | 文件: D:\401385\zizi-1.5-5.6\markdown_files\mvp\MVPSupport文档.md
2025-06-18 10:13:15,435 - WARNING - vector_db_operations:_process_single_file:246 - 过滤纯标题块: 2 细分场景 > 2.3 Modbus传送带检测踢掉、并延时踢 > 方案人员

技术工程师... | 文件: D:\401385\zizi-1.5-5.6\markdown_files\mvp\MVPSupport文档.md
2025-06-18 10:13:15,513 - WARNING - vector_db_operations:_process_single_file:246 - 过滤纯标题块: 仿真器 > 原因分析

为了控制MVP内存占用过多，目前限定10M以上的图片加载数量为100张。... | 文件: D:\401385\zizi-1.5-5.6\markdown_files\mvp\MVPSupport文档.md
2025-06-18 10:13:15,589 - WARNING - vector_db_operations:_process_single_file:246 - 过滤纯标题块: 4. 格式说明符使用说明 > 4.4 小数舍入规则

遵循“四舍六入五成双”规则。... | 文件: D:\401385\zizi-1.5-5.6\markdown_files\mvp\MVPSupport文档.md
2025-06-18 10:13:15,669 - WARNING - vector_db_operations:_process_single_file:246 - 过滤纯标题块: 2. 配置界面说明 > 2.1 配置子界面

- 用于查看当前输入参数值和更改输出参数表达式内容。... | 文件: D:\401385\zizi-1.5-5.6\markdown_files\mvp\MVPSupport文档.md
2025-06-18 10:13:15,748 - WARNING - vector_db_operations:_process_single_file:246 - 过滤纯标题块: 1. 问题描述 > 1.1 典型场景

- 深度学习推理速度慢，即使使用显卡也无法达到预期性能。... | 文件: D:\401385\zizi-1.5-5.6\markdown_files\mvp\MVPSupport文档.md
2025-06-18 10:13:15,938 - INFO - vector_db_operations:_batch_process_files:196 - 文件批量处理完成 | 总块数: 599
2025-06-18 10:13:17,139 - INFO - vector_db_operations:_setup_milvus_collection:292 - 成功初始化集合: mvp
2025-06-18 10:13:17,249 - INFO - vector_db_operations:_create_vector_db:312 - 入库文档块 1/599 | 标题: D:\401385\zizi-1.5-5.6\markdown_files\mvp\MVP算法平台_ | 内容预览: 前言...
2025-06-18 10:13:17,343 - INFO - vector_db_operations:_create_vector_db:312 - 入库文档块 2/599 | 标题: D:\401385\zizi-1.5-5.6\markdown_files\mvp\MVP算法平台_ | 内容预览: 

适用版本  
本手册适用于MVP5.0.0版本算法平台。  
符号约定  
在本文档中可能出现下列标识，代表的含义如下。  
|**标识**|**说明**|  
| - | - |  
||表示有...
2025-06-18 10:13:17,468 - INFO - vector_db_operations:_create_vector_db:312 - 入库文档块 3/599 | 标题: D:\401385\zizi-1.5-5.6\markdown_files\mvp\MVP算法平台_ | 内容预览: 目录...
2025-06-18 10:13:17,578 - INFO - vector_db_operations:_create_vector_db:312 - 入库文档块 4/599 | 标题: D:\401385\zizi-1.5-5.6\markdown_files\mvp\MVP算法平台_ | 内容预览: 

[前言1****](#_toc173247598)**  
[**第 1 章 产品简介6****](#_toc173247599)  
[1.1 功能概述6](#_toc173247600)  
...
2025-06-18 10:13:17,672 - INFO - vector_db_operations:_create_vector_db:312 - 入库文档块 5/599 | 标题: D:\401385\zizi-1.5-5.6\markdown_files\mvp\MVP算法平台_ | 内容预览: 产品简介 > 功能概述

MVP算法平台集成13类机器视觉系统基础功能算子，分别为：图像采集、定位、图像处理、标定、生成工具、测量、识别、深度学习、逻辑控制、通讯、辅助工具、机械臂工具、检测工具。  ...
2025-06-18 10:13:17,781 - INFO - vector_db_operations:_create_vector_db:312 - 入库文档块 6/599 | 标题: D:\401385\zizi-1.5-5.6\markdown_files\mvp\MVP算法平台_ | 内容预览: 产品简介 > 功能特性

-  
- 支持拖拉和双击添加算子操作，无需编程。  
- 利用算子连线可自由搭建视觉解决方案，提供视觉化流程图编辑方式，减小用户操作流程，提高用户可视化体验和开发效率。  ...
2025-06-18 10:13:17,889 - INFO - vector_db_operations:_create_vector_db:312 - 入库文档块 7/599 | 标题: D:\401385\zizi-1.5-5.6\markdown_files\mvp\MVP算法平台_ | 内容预览: 产品简介 > 运行环境

1. 运行环境配置  
|**参数**|**最低配置**|**推荐配置**|  
| - | - | - |  
|操作系统|Win10 64bit/Win11 64bit|...
2025-06-18 10:13:17,999 - INFO - vector_db_operations:_create_vector_db:312 - 入库文档块 8/599 | 标题: D:\401385\zizi-1.5-5.6\markdown_files\mvp\MVP算法平台_ | 内容预览: 产品简介 > 软件安装

MVP提供64位安装包，在安装MVP软件的过程中，提示用户选择安装对应相机所需的驱动，以便支持相机高性能拉流功能。  
在安装MVP之前若已安装之前版本，本安装包会自动卸载老...
2025-06-18 10:13:18,094 - INFO - vector_db_operations:_create_vector_db:312 - 入库文档块 9/599 | 标题: D:\401385\zizi-1.5-5.6\markdown_files\mvp\MVP算法平台_ | 内容预览: 软件界面说明 > 主界面

双击 启动软件，进入MVP主界面。  
1. 2.  
1. 3. 参数说明  
|**参数**|**说明**|  
| - | - |  
|菜单栏|包含文件、账号、语言...
2025-06-18 10:13:18,218 - INFO - vector_db_operations:_create_vector_db:312 - 入库文档块 10/599 | 标题: D:\401385\zizi-1.5-5.6\markdown_files\mvp\MVP算法平台_ | 内容预览: 软件界面说明 > 主界面 > 菜单栏...
2025-06-18 10:13:18,345 - INFO - vector_db_operations:_create_vector_db:312 - 入库文档块 11/599 | 标题: D:\401385\zizi-1.5-5.6\markdown_files\mvp\MVP算法平台_ | 内容预览: 

主界面中最上方显示软件的菜单栏。包含了文件、账号、语言、工具、自定义界面、数据存储、全局工具、设置、帮助等选项。  
1. 菜单栏  
- 文件：包含新建工程、打开、最近打开、打开示例、保存、另存...
2025-06-18 10:13:18,425 - INFO - vector_db_operations:_create_vector_db:312 - 入库文档块 12/599 | 标题: D:\401385\zizi-1.5-5.6\markdown_files\mvp\MVP算法平台_ | 内容预览: 软件界面说明 > 主界面 > 快捷工具条

快捷工具条位于菜单栏下方，工具条中的按钮可以快速方便地对视觉方案进行相应的操作。  
1. 快捷工具栏  
- 新建工程：创建一个新的算法平台工程，当前工程...
2025-06-18 10:13:18,534 - INFO - vector_db_operations:_create_vector_db:312 - 入库文档块 13/599 | 标题: D:\401385\zizi-1.5-5.6\markdown_files\mvp\MVP算法平台_ | 内容预览: 软件界面说明 > 工具栏 > 工具箱

工具箱包含常用算子、图像采集、定位、图像处理、标定、生成工具、测量、识别、深度学习、逻辑控制、通讯、辅助工具、机械臂工具、检测工具。  
- 常用算子：自定义选...
2025-06-18 10:13:18,659 - INFO - vector_db_operations:_create_vector_db:312 - 入库文档块 14/599 | 标题: D:\401385\zizi-1.5-5.6\markdown_files\mvp\MVP算法平台_ | 内容预览: 软件界面说明 > 工具栏 > 工具应用举例

鼠标停留在左侧对应工具栏就可以显示子工具，选中要使用的工具双击或拖拉至流程编辑区域。  
1. 找边应用举例  
错误码  
1. 错误码提示  
掩膜操...
2025-06-18 10:13:18,737 - INFO - vector_db_operations:_create_vector_db:312 - 入库文档块 15/599 | 标题: D:\401385\zizi-1.5-5.6\markdown_files\mvp\MVP算法平台_ | 内容预览: 软件界面说明 > 流程编辑区 > 概述

图2-18 流程编辑区  
1. 2. 辑区说明  
|**区域**|**说明**|  
| - | - |  
|流程标签页|显示存在流程，最高支持16个区...
2025-06-18 10:13:18,861 - INFO - vector_db_operations:_create_vector_db:312 - 入库文档块 16/599 | 标题: D:\401385\zizi-1.5-5.6\markdown_files\mvp\MVP算法平台_ | 内容预览: 软件界面说明 > 流程编辑区 > 切换模块

切换流程编辑区域显示的模块，可以通过流程选择框选择对应模块选项，以及双击流程算子进入和双击空白区域返回上一层两种快捷操作。  
1. 单击流程选择框对应模...
2025-06-18 10:13:18,970 - INFO - vector_db_operations:_create_vector_db:312 - 入库文档块 17/599 | 标题: D:\401385\zizi-1.5-5.6\markdown_files\mvp\MVP算法平台_ | 内容预览: 软件界面说明 > 流程编辑区 > 缩放比例

（1）通过调整缩放滚动条，以及点击【-】/【+】进行流程编辑区域显示比例调整，当前缩放比例实时显示于混动条右侧标签处。  
（2）单击缩放比例标签，可将流...
2025-06-18 10:13:19,064 - INFO - vector_db_operations:_create_vector_db:312 - 入库文档块 18/599 | 标题: D:\401385\zizi-1.5-5.6\markdown_files\mvp\MVP算法平台_ | 内容预览: 软件界面说明 > 流程编辑区 > 鹰眼视图

1. 隐藏鹰眼视图  
点击右下角按钮，可切换鹰眼式图隐藏/显示状态。  
图2-22 隐藏鹰眼视图  
1. 流程编辑视窗移动  
当前流程编辑区视窗，...
2025-06-18 10:13:19,173 - INFO - vector_db_operations:_create_vector_db:312 - 入库文档块 19/599 | 标题: D:\401385\zizi-1.5-5.6\markdown_files\mvp\MVP算法平台_ | 内容预览: 软件界面说明 > 流程编辑区 > 算子添加

由工具栏左键点击选择对应算子，保持左键按下的状态移动至流程编辑区域释放，即算子添加成功。  
图2-24 算子添加...
2025-06-18 10:13:19,315 - INFO - vector_db_operations:_create_vector_db:312 - 入库文档块 20/599 | 标题: D:\401385\zizi-1.5-5.6\markdown_files\mvp\MVP算法平台_ | 内容预览: 软件界面说明 > 流程编辑区 > 算子连线

（1）算子连线区域，目前支持算子上下左右共四个连线区域作为连线起点  
图2-25 算子连线区域  
（2）目标算子拟连线终点区域，会高亮显示，当可进行连...
2025-06-18 10:13:19,440 - INFO - vector_db_operations:_create_vector_db:312 - 入库文档块 21/599 | 标题: D:\401385\zizi-1.5-5.6\markdown_files\mvp\MVP算法平台_ | 内容预览: 软件界面说明 > 流程编辑区 > 算子自动连线

插入算子或者移动无连线算子至另一算子下方10~45像素区域时，触发自动连线。连线后将算子矫正至目标蓝色矩形区域（距离35像素）。  
图2-29 插入...
2025-06-18 10:13:19,563 - INFO - vector_db_operations:_create_vector_db:312 - 入库文档块 22/599 | 标题: D:\401385\zizi-1.5-5.6\markdown_files\mvp\MVP算法平台_ | 内容预览: 软件界面说明 > 流程编辑区 > 算子插入连线

1. 插入算子或者移动算子至已有连线中时，当前可插入连线会高亮并加粗显示，鼠标释放后即可插入至当前连线中。  
图2-31 插入算子插入连线（插入前）...
2025-06-18 10:13:19,673 - INFO - vector_db_operations:_create_vector_db:312 - 入库文档块 23/599 | 标题: D:\401385\zizi-1.5-5.6\markdown_files\mvp\MVP算法平台_ | 内容预览: 软件界面说明 > 切换用户功能

启用用户模式后，可以根据实际需要，切换不同的角色来运行MVP，达到视觉解决方案权限管理的目的，各个角色的权限如下表所示。  
1. 权限管理说明  
|**角色**|...
2025-06-18 10:13:19,785 - INFO - vector_db_operations:_create_vector_db:312 - 入库文档块 24/599 | 标题: D:\401385\zizi-1.5-5.6\markdown_files\mvp\MVP算法平台_ | 内容预览: 视觉功能模块 > 常用算子

常用算子中默认已添加仿真器算子，用户可根据自己使用习惯，自定义选择算子添加其中。  
图像采集...
2025-06-18 10:13:19,877 - INFO - vector_db_operations:_create_vector_db:312 - 入库文档块 25/599 | 标题: D:\401385\zizi-1.5-5.6\markdown_files\mvp\MVP算法平台_ | 内容预览: 视觉功能模块 > 常用算子 > 仿真器

仿真器算子主要是通过outImage参数为其他算子提供本地处理图片，仿真器加载图片显示方式分为两种。  
- 一种是以电影胶片的模式显示当前路径下所有的图片，...
2025-06-18 10:13:19,956 - INFO - vector_db_operations:_create_vector_db:312 - 入库文档块 26/599 | 标题: D:\401385\zizi-1.5-5.6\markdown_files\mvp\MVP算法平台_ | 内容预览: 视觉功能模块 > 常用算子 > 相机

相机算子主要用于从相机采集图片，目前只支持USB、GIGE以及X86智能相机，相机配置硬触发模式和软触发模式。  
- 软触发模式下，每执行一次会向相机下发一次...
2025-06-18 10:13:20,082 - INFO - vector_db_operations:_create_vector_db:312 - 入库文档块 27/599 | 标题: D:\401385\zizi-1.5-5.6\markdown_files\mvp\MVP算法平台_ | 内容预览: 视觉功能模块 > 定位 > 斑点检测...
2025-06-18 10:13:20,209 - INFO - vector_db_operations:_create_vector_db:312 - 入库文档块 28/599 | 标题: D:\401385\zizi-1.5-5.6\markdown_files\mvp\MVP算法平台_ | 内容预览: 

斑点检测算子主要检测和定位图像中指定灰度值范围内、形状通常不可测的区域。使用斑点检测可以对图像中是否有斑点以及斑点数量、位置、形状等特征进行定位，另外还可以通过斑点检测来发现图像中的特征在拓扑结构...
2025-06-18 10:13:20,319 - INFO - vector_db_operations:_create_vector_db:312 - 入库文档块 29/599 | 标题: D:\401385\zizi-1.5-5.6\markdown_files\mvp\MVP算法平台_ | 内容预览: 视觉功能模块 > 定位 > 找边...
2025-06-18 10:13:20,430 - INFO - vector_db_operations:_create_vector_db:312 - 入库文档块 30/599 | 标题: D:\401385\zizi-1.5-5.6\markdown_files\mvp\MVP算法平台_ | 内容预览: 

找边算子主要用于查找图像中的直线，在图像中放置一系列卡尺工具，根据卡尺工具得到的边缘点集结果拟合出直线。  
1. 找边操作流程  
找边算子效果如下图所示，其中蓝色卡尺为期望线段区域，红色箭头为...
2025-06-18 10:13:20,523 - INFO - vector_db_operations:_create_vector_db:312 - 入库文档块 31/599 | 标题: D:\401385\zizi-1.5-5.6\markdown_files\mvp\MVP算法平台_ | 内容预览: 视觉功能模块 > 定位 > 找圆...
2025-06-18 10:13:20,602 - INFO - vector_db_operations:_create_vector_db:312 - 入库文档块 32/599 | 标题: D:\401385\zizi-1.5-5.6\markdown_files\mvp\MVP算法平台_ | 内容预览: 

找圆工具先在图像中放置一系列卡尺工具，根据卡尺工具得到的边缘点集结果拟合出圆，用于圆的定位与测量。  
1. 找圆操作流程  
1. 找圆算子效果  
1. 配置参数  
<table><tr><...
2025-06-18 10:13:20,696 - INFO - vector_db_operations:_create_vector_db:312 - 入库文档块 33/599 | 标题: D:\401385\zizi-1.5-5.6\markdown_files\mvp\MVP算法平台_ | 内容预览: 视觉功能模块 > 定位 > 模板匹配...
2025-06-18 10:13:20,805 - INFO - vector_db_operations:_create_vector_db:312 - 入库文档块 34/599 | 标题: D:\401385\zizi-1.5-5.6\markdown_files\mvp\MVP算法平台_ | 内容预览: 

模板匹配工具是在模板图像中择一个特征区域，并以特征区域的边缘特征作为模板，并在检测图像中根据训练的模板边缘特征进行匹配，定位模板图像在检测图像中的位置。模板匹配可以配合其他工具使用，以模板匹配的结...
2025-06-18 10:13:20,931 - INFO - vector_db_operations:_create_vector_db:312 - 入库文档块 35/599 | 标题: D:\401385\zizi-1.5-5.6\markdown_files\mvp\MVP算法平台_ | 内容预览: 视觉功能模块 > 定位 > 模板比对

模板比对算子主要完成模板图像或者模板区域与检测图像或者检测区域之间的差异检测。可以用于缺陷检测、图像差异检测等应用。  
2. 模板比对操作流程  
模板比对效...
2025-06-18 10:13:21,039 - INFO - vector_db_operations:_create_vector_db:312 - 入库文档块 36/599 | 标题: D:\401385\zizi-1.5-5.6\markdown_files\mvp\MVP算法平台_ | 内容预览: 视觉功能模块 > 定位 > 轮廓比对

轮廓比对算子通过比对模板图像轮廓和测试图像轮廓的差异，检测出缺角，崩边，叠片等缺陷。适用于产品轮廓边界清楚且稳定的环境。  
1. 轮廓比对操作流程  
轮廓比...
2025-06-18 10:13:21,149 - INFO - vector_db_operations:_create_vector_db:312 - 入库文档块 37/599 | 标题: D:\401385\zizi-1.5-5.6\markdown_files\mvp\MVP算法平台_ | 内容预览: 视觉功能模块 > 定位 > 找顶点...
2025-06-18 10:13:21,291 - INFO - vector_db_operations:_create_vector_db:312 - 入库文档块 38/599 | 标题: D:\401385\zizi-1.5-5.6\markdown_files\mvp\MVP算法平台_ | 内容预览: 

沿矩形ROI框的边摆放很多卡尺工具，每个卡尺工具返回一个坐标点，求距离基准边最近或者最远的一点，此点作为图形的顶点。  
卡尺参数参考找边参数。  
投影长度与卡尺间隔一般取较小值，最好范围在1-...
2025-06-18 10:13:21,432 - INFO - vector_db_operations:_create_vector_db:312 - 入库文档块 39/599 | 标题: D:\401385\zizi-1.5-5.6\markdown_files\mvp\MVP算法平台_ | 内容预览: 视觉功能模块 > 定位 > 找多边

找多边算子主要用于查找图像中的多条直线。找多边算子一次可以最多找8条直线，每条直线查找所使用的原理和参数与找边算子相同。  
1. 找多边操作流程  
找多边效果...
2025-06-18 10:13:21,572 - INFO - vector_db_operations:_create_vector_db:312 - 入库文档块 40/599 | 标题: D:\401385\zizi-1.5-5.6\markdown_files\mvp\MVP算法平台_ | 内容预览: 视觉功能模块 > 定位 > 创建坐标系

创建坐标系算子通过输入或配置XY坐标、旋转角度、缩放比例参数，创建出一个坐标系，供找边、找圆等算子使用。  
1. 创建坐标系操作流程  
创建坐标系效果图如...
2025-06-18 10:13:21,680 - INFO - vector_db_operations:_create_vector_db:312 - 入库文档块 41/599 | 标题: D:\401385\zizi-1.5-5.6\markdown_files\mvp\MVP算法平台_ | 内容预览: 视觉功能模块 > 图像处理 > 平滑滤波

平滑滤波表示在尽量保留图像细节特征的前提下，对目标图像的噪声进行抑制，是图像预处理中不可缺少的操作。其处理效果的好坏将直接影响到后续图像处理分析的有效性和可...
2025-06-18 10:13:21,758 - INFO - vector_db_operations:_create_vector_db:312 - 入库文档块 42/599 | 标题: D:\401385\zizi-1.5-5.6\markdown_files\mvp\MVP算法平台_ | 内容预览: 视觉功能模块 > 图像处理 > 图像二值化...
2025-06-18 10:13:21,884 - INFO - vector_db_operations:_create_vector_db:312 - 入库文档块 43/599 | 标题: D:\401385\zizi-1.5-5.6\markdown_files\mvp\MVP算法平台_ | 内容预览: 

图像二值化算子通过固定阈值或自适应阈值，将感兴趣区域内的灰度图像转换为二值图像；图像二值化将图像上的像素点的灰度值设置为0或255，也就是将整个图像呈现出明显的黑白效果的过程。  
1. 图像二值...
2025-06-18 10:13:22,008 - INFO - vector_db_operations:_create_vector_db:312 - 入库文档块 44/599 | 标题: D:\401385\zizi-1.5-5.6\markdown_files\mvp\MVP算法平台_ | 内容预览: 视觉功能模块 > 图像处理 > 裁剪

裁剪算子可以截取指定的原灰度矩形ROI区域，并生成ROI大小的新的灰度图像。  
裁剪效果如下图所示，左图裁剪前，右图裁剪后。  
1. 裁剪效果...
2025-06-18 10:13:22,135 - INFO - vector_db_operations:_create_vector_db:312 - 入库文档块 45/599 | 标题: D:\401385\zizi-1.5-5.6\markdown_files\mvp\MVP算法平台_ | 内容预览: 视觉功能模块 > 图像处理 > 彩色转灰度

彩色转灰度工具可将三通道的彩色图像转换为单通道的灰度图像。  
3. 彩转灰效果图  
4. 配置参数  
|**参数**|**说明**|  
| - |...
2025-06-18 10:13:22,261 - INFO - vector_db_operations:_create_vector_db:312 - 入库文档块 46/599 | 标题: D:\401385\zizi-1.5-5.6\markdown_files\mvp\MVP算法平台_ | 内容预览: 视觉功能模块 > 图像处理 > 颜色提取

颜色提取算子首先提取框选区域的颜色，训练出对应颜色模板。可训练多种颜色，然后输入当前颜色，计算当前颜色与颜色模板的相似度，用于颜色匹配及颜色识别的项目。  ...
2025-06-18 10:13:22,403 - INFO - vector_db_operations:_create_vector_db:312 - 入库文档块 47/599 | 标题: D:\401385\zizi-1.5-5.6\markdown_files\mvp\MVP算法平台_ | 内容预览: 视觉功能模块 > 图像处理 > 仿射变换

仿射变换算子可以将输入图像矩形框区域内的图像进行变换，并生成新的矩形输出图像。输入矩形支持平移，旋转，倾斜，XY比例缩放。  
仿射变换的典型应用场景包括但...
2025-06-18 10:13:22,498 - INFO - vector_db_operations:_create_vector_db:312 - 入库文档块 48/599 | 标题: D:\401385\zizi-1.5-5.6\markdown_files\mvp\MVP算法平台_ | 内容预览: 视觉功能模块 > 图像处理 > 形态学处理

形态学处理算子可以根据设定的掩模形状和形态学方法对输入灰度图像进行形态学操作。  
形态学方法包括：膨胀、腐蚀、开运算、闭运算；支持的掩模形状包括：矩形、...
2025-06-18 10:13:22,609 - INFO - vector_db_operations:_create_vector_db:312 - 入库文档块 49/599 | 标题: D:\401385\zizi-1.5-5.6\markdown_files\mvp\MVP算法平台_ | 内容预览: 视觉功能模块 > 图像处理 > 边缘梯度...
2025-06-18 10:13:22,720 - INFO - vector_db_operations:_create_vector_db:312 - 入库文档块 50/599 | 标题: D:\401385\zizi-1.5-5.6\markdown_files\mvp\MVP算法平台_ | 内容预览: 

边缘梯度算子可以计算灰度图像的边缘梯度，并根据梯度幅值生成新的灰度图像。  
通过边缘梯度计算后得到的图像，将关注点集中在边缘区域，边缘后续的处理。  
1. 边缘梯度操作流程  
1. 边缘梯度...
2025-06-18 10:13:22,845 - INFO - vector_db_operations:_create_vector_db:312 - 入库文档块 51/599 | 标题: D:\401385\zizi-1.5-5.6\markdown_files\mvp\MVP算法平台_ | 内容预览: 视觉功能模块 > 图像处理 > 亮度

亮度算子计算掩膜区域中的平均亮度值，根据输出亮度值是否介于阈值区间内，判断被检测物体是否存在。  
特征亮度的变化用于体现所检测物体的良好，适用于产品亮度差异检...
2025-06-18 10:13:22,954 - INFO - vector_db_operations:_create_vector_db:312 - 入库文档块 52/599 | 标题: D:\401385\zizi-1.5-5.6\markdown_files\mvp\MVP算法平台_ | 内容预览: 视觉功能模块 > 图像处理 > 对比度

对比度算子用于对掩膜区域内图像对比度的计算，识别所需检测特征是否在设置的对比度范围以内，配合相应工业生产的检测判断。  
该算子适用于良品部件与次品部件对比度...
2025-06-18 10:13:23,063 - INFO - vector_db_operations:_create_vector_db:312 - 入库文档块 53/599 | 标题: D:\401385\zizi-1.5-5.6\markdown_files\mvp\MVP算法平台_ | 内容预览: 视觉功能模块 > 图像处理 > 像素计数

像素计数工具主要统计在划定ROI区域内，在阈值范围内的像素个数。  
1. 像素计数算子操作流程  
像素计数的效果如下图所示。  
1. 像素计数效果  ...
2025-06-18 10:13:23,171 - INFO - vector_db_operations:_create_vector_db:312 - 入库文档块 54/599 | 标题: D:\401385\zizi-1.5-5.6\markdown_files\mvp\MVP算法平台_ | 内容预览: 视觉功能模块 > 图像处理 > 图像运算

图像运算工具可以根据设定的运算类型，对图像进行求平均减少噪声、图像混合和去除固定背景，从而比较两图的差异等。运算类型包括：求和、求差、求最值和位运算。  
...
2025-06-18 10:13:23,248 - INFO - vector_db_operations:_create_vector_db:312 - 入库文档块 55/599 | 标题: D:\401385\zizi-1.5-5.6\markdown_files\mvp\MVP算法平台_ | 内容预览: 视觉功能模块 > 图像处理 > 区间计数

区间计数算子可以在指定灰度区间内计算满足该区间的线段像素数目。  
1. 图像运算算子操作流程  
1. 配置参数  
<table><tr><th col...
2025-06-18 10:13:23,360 - INFO - vector_db_operations:_create_vector_db:312 - 入库文档块 56/599 | 标题: D:\401385\zizi-1.5-5.6\markdown_files\mvp\MVP算法平台_ | 内容预览: 视觉功能模块 > 图像处理 > 圆环展开

圆环展开算子用来将图片的指定环形区域展开成矩形图片，常用来将环形区域的字符展开，以便于字符的识别。  
1. 圆环展开算子操作流程  
1. 圆环展开算子参...
2025-06-18 10:13:23,468 - INFO - vector_db_operations:_create_vector_db:312 - 入库文档块 57/599 | 标题: D:\401385\zizi-1.5-5.6\markdown_files\mvp\MVP算法平台_ | 内容预览: 视觉功能模块 > 图像处理 > 图像拼接

图像拼接算子用来将两张或两张以上图像按照X方向或Y方向进行拼接。图像拼接算子主要用将多张图像拼接成一张完整的图像，分为标定拼接和简单拼接两个功能  
1. ...
2025-06-18 10:13:23,593 - INFO - vector_db_operations:_create_vector_db:312 - 入库文档块 58/599 | 标题: D:\401385\zizi-1.5-5.6\markdown_files\mvp\MVP算法平台_ | 内容预览: 视觉功能模块 > 图像处理 > 图像增强

图像增强算子用于增强图像灰度。  
1. 图像增强算子操作流程  
1. 输出参数  
|**参数**|**说明**|  
| - | - |  
|输出图...
2025-06-18 10:13:23,716 - INFO - vector_db_operations:_create_vector_db:312 - 入库文档块 59/599 | 标题: D:\401385\zizi-1.5-5.6\markdown_files\mvp\MVP算法平台_ | 内容预览: 视觉功能模块 > 图像处理 > 图像清晰度

图像清晰度算子用于计算输入灰度图像的清晰度。  
1. 图像清晰度算子操作流程  
1. 配置参数  
|**参数**|**说明**|  
| - | -...
2025-06-18 10:13:23,827 - INFO - vector_db_operations:_create_vector_db:312 - 入库文档块 60/599 | 标题: D:\401385\zizi-1.5-5.6\markdown_files\mvp\MVP算法平台_ | 内容预览: 视觉功能模块 > 图像处理 > 图像锐化

图像锐化算子用于增强图像的边缘或某些线性目标要素的特征，使图像变得清晰。  
1. 图像锐化算子操作流程  
1. 配置参数  
|**参数名称**|**范...
2025-06-18 10:13:23,952 - INFO - vector_db_operations:_create_vector_db:312 - 入库文档块 61/599 | 标题: D:\401385\zizi-1.5-5.6\markdown_files\mvp\MVP算法平台_ | 内容预览: 视觉功能模块 > 图像处理 > 凸包填充

凸包填充算子用于对输入灰度图像边缘存在孔洞时，通过填充获取目标区域完整掩膜图并和原图逐点按位与形成新的输出图像。  
1. 凸包填充算子操作流程  
1. ...
2025-06-18 10:13:24,062 - INFO - vector_db_operations:_create_vector_db:312 - 入库文档块 62/599 | 标题: D:\401385\zizi-1.5-5.6\markdown_files\mvp\MVP算法平台_ | 内容预览: 视觉功能模块 > 标定 > 高精度棋盘格标定...
2025-06-18 10:13:24,170 - INFO - vector_db_operations:_create_vector_db:312 - 入库文档块 63/599 | 标题: D:\401385\zizi-1.5-5.6\markdown_files\mvp\MVP算法平台_ | 内容预览: 

高精度棋盘格标定算子用于建立棋盘格所在平面和图像平面的关系，计算图像坐标映射到世界坐标的透视变换，输出标定文件。  
1. 高精度棋盘格标定操作流程  
1. 棋盘格标定  
1. 配置参数  
...
2025-06-18 10:13:24,293 - INFO - vector_db_operations:_create_vector_db:312 - 入库文档块 64/599 | 标题: D:\401385\zizi-1.5-5.6\markdown_files\mvp\MVP算法平台_ | 内容预览: 视觉功能模块 > 标定 > N点标定

N点标定算子根据输入或配置的N组坐标点对（图像—世界），计算图像坐标映射到世界坐标的透视变换，并将图像的像素坐标转换到世界坐标，输出标定文件。  
如下图所示，...
2025-06-18 10:13:24,402 - INFO - vector_db_operations:_create_vector_db:312 - 入库文档块 65/599 | 标题: D:\401385\zizi-1.5-5.6\markdown_files\mvp\MVP算法平台_ | 内容预览: 视觉功能模块 > 标定 > 坐标转换器

坐标转换器根据用户输入的点、线、圆、线段和配置的标定文件，将图像中得到的点、线、圆、线段转换到世界坐标并输出。  
1. 坐标转换器操作流程  
1. 添加坐...
2025-06-18 10:13:24,513 - INFO - vector_db_operations:_create_vector_db:312 - 入库文档块 66/599 | 标题: D:\401385\zizi-1.5-5.6\markdown_files\mvp\MVP算法平台_ | 内容预览: 视觉功能模块 > 标定 > 读取标定文件

读取标定文件算子根据配置所选择的标定文件（棋盘标定算子、N点标定算子生成）解析标定信息，下级算子根据此信息，将图像坐标按标定的比例转化为世界坐标并输出。  ...
2025-06-18 10:13:24,639 - INFO - vector_db_operations:_create_vector_db:312 - 入库文档块 67/599 | 标题: D:\401385\zizi-1.5-5.6\markdown_files\mvp\MVP算法平台_ | 内容预览: 视觉功能模块 > 标定 > H矩阵变换

H矩阵变换工具，可用于坐标系转换，在输入H矩阵的基础上，添加偏移量、旋转量和缩放量，得到新的H矩阵。  
如果没有外部H矩阵输入，默认在单位矩阵的基础上进行偏...
2025-06-18 10:13:24,749 - INFO - vector_db_operations:_create_vector_db:312 - 入库文档块 68/599 | 标题: D:\401385\zizi-1.5-5.6\markdown_files\mvp\MVP算法平台_ | 内容预览: 视觉功能模块 > 标定 > 图像解畸变

图像解畸变算子通过读取标定文件，获取标定结果，对图像进行透视变换校正。当标定开启非线性校正时，也可以校正径向畸变。  
透视畸变校正：  
棋盘格标定时，会定...
2025-06-18 10:13:24,827 - INFO - vector_db_operations:_create_vector_db:312 - 入库文档块 69/599 | 标题: D:\401385\zizi-1.5-5.6\markdown_files\mvp\MVP算法平台_ | 内容预览: 视觉功能模块 > 标定 > 手眼标定...
2025-06-18 10:13:24,938 - INFO - vector_db_operations:_create_vector_db:312 - 入库文档块 70/599 | 标题: D:\401385\zizi-1.5-5.6\markdown_files\mvp\MVP算法平台_ | 内容预览: 

手眼标定是通过构建一系列图像点和物理点进行拟合，计算图像坐标系到机械臂世界坐标系之间的关系。  
- 参数说明  
1. 手眼标定  
1. 手眼标定参数  
|**参数**|**说明**|  
...
2025-06-18 10:13:25,048 - INFO - vector_db_operations:_create_vector_db:312 - 入库文档块 71/599 | 标题: D:\401385\zizi-1.5-5.6\markdown_files\mvp\MVP算法平台_ | 内容预览: 视觉功能模块 > 生成工具 > 生成点

生成点算子从输入或者配置接收X、Y坐标参数，根据X、Y的值输出一个点类型的输出参数。  
1. 生成点操作流程  
在算子运行过程中，若有其它算子的输出参数作...
2025-06-18 10:13:25,159 - INFO - vector_db_operations:_create_vector_db:312 - 入库文档块 72/599 | 标题: D:\401385\zizi-1.5-5.6\markdown_files\mvp\MVP算法平台_ | 内容预览: 视觉功能模块 > 生成工具 > 生成直线...
2025-06-18 10:13:25,284 - INFO - vector_db_operations:_create_vector_db:312 - 入库文档块 73/599 | 标题: D:\401385\zizi-1.5-5.6\markdown_files\mvp\MVP算法平台_ | 内容预览: 

生成直线算子从输入或者配置接收相应的参数，生成一条直线。用户可以根据实际需要，使用两个点的方式或一个点和一个角度的方式来生成直线。根据用户选择的生成方式，生成直线算子的输入参数也会随之改变。  
...
2025-06-18 10:13:25,394 - INFO - vector_db_operations:_create_vector_db:312 - 入库文档块 74/599 | 标题: D:\401385\zizi-1.5-5.6\markdown_files\mvp\MVP算法平台_ | 内容预览: 视觉功能模块 > 生成工具 > 生成矩形

生成矩形算子从输入或者配置接收基准点、矩形的宽高、矩形的角度来生成一个矩形。生成矩形的基准点可以为矩形的中心点、左上角、左下角、右上角、右下角、上边中心点、...
2025-06-18 10:13:25,519 - INFO - vector_db_operations:_create_vector_db:312 - 入库文档块 75/599 | 标题: D:\401385\zizi-1.5-5.6\markdown_files\mvp\MVP算法平台_ | 内容预览: 视觉功能模块 > 生成工具 > 生成圆...
2025-06-18 10:13:25,629 - INFO - vector_db_operations:_create_vector_db:312 - 入库文档块 76/599 | 标题: D:\401385\zizi-1.5-5.6\markdown_files\mvp\MVP算法平台_ | 内容预览: 

生成圆算子从输入或者配置接收相应的参数，生成一个圆。用户可以根据实际需要，使用圆心半径的方式或圆心和圆上一个点的方式来生成圆。根据用户选择的生成方式，生成圆算子的输入参数也会随之改变。  
1. ...
2025-06-18 10:13:25,739 - INFO - vector_db_operations:_create_vector_db:312 - 入库文档块 77/599 | 标题: D:\401385\zizi-1.5-5.6\markdown_files\mvp\MVP算法平台_ | 内容预览: 视觉功能模块 > 生成工具 > 生成中点

生成中点算子从输入或者配置接收相应的参数，生成二者之间的中点。  
1. 生成中点操作流程  
1. 参数描述  
|**参数**|**参数范围**|**说...
2025-06-18 10:13:25,819 - INFO - vector_db_operations:_create_vector_db:312 - 入库文档块 78/599 | 标题: D:\401385\zizi-1.5-5.6\markdown_files\mvp\MVP算法平台_ | 内容预览: 视觉功能模块 > 测量

测量类算子涉及到标定坐标时，图像坐标只用于图像显示，其他值都已经和世界坐标相关联。所有元素（点、线段、距离等）都作为世界坐标关联的值。转换关系详见[3.5](#_标定)标定类...
2025-06-18 10:13:25,913 - INFO - vector_db_operations:_create_vector_db:312 - 入库文档块 79/599 | 标题: D:\401385\zizi-1.5-5.6\markdown_files\mvp\MVP算法平台_ | 内容预览: 视觉功能模块 > 测量 > 两点生成直线

两点生成直线算子从输入或者配置接收两点参数，根据两点生成一条直线并输出，如果输出两点坐标相同则算子失败。可切换到结果界面查看输出生成的直线描述信息（输出两点...
2025-06-18 10:13:26,041 - INFO - vector_db_operations:_create_vector_db:312 - 入库文档块 80/599 | 标题: D:\401385\zizi-1.5-5.6\markdown_files\mvp\MVP算法平台_ | 内容预览: 视觉功能模块 > 测量 > 线段与圆交点...
2025-06-18 10:13:26,149 - INFO - vector_db_operations:_create_vector_db:312 - 入库文档块 81/599 | 标题: D:\401385\zizi-1.5-5.6\markdown_files\mvp\MVP算法平台_ | 内容预览: 

线段与圆交点算子从输入或者配置接收一条线段和一个圆参数，根据接收参数求得线段和圆的位置关系并输出，可切换到结果界面查看输出信息（是否相交，交点个数和交点）。  
1. 线段与圆交点操作流程  
分...
2025-06-18 10:13:26,273 - INFO - vector_db_operations:_create_vector_db:312 - 入库文档块 82/599 | 标题: D:\401385\zizi-1.5-5.6\markdown_files\mvp\MVP算法平台_ | 内容预览: 视觉功能模块 > 测量 > 线段与直线交点...
2025-06-18 10:13:26,382 - INFO - vector_db_operations:_create_vector_db:312 - 入库文档块 83/599 | 标题: D:\401385\zizi-1.5-5.6\markdown_files\mvp\MVP算法平台_ | 内容预览: 

线段与直线交点算子从输入或者配置接收一条线段和一条直线参数，根据接收参数求得线段和直线的位置关系并输出，可切换到结果界面查看输出信息（是否相交，交点个数和交点）。  
1. 线段与直线交点操作流程...
2025-06-18 10:13:26,524 - INFO - vector_db_operations:_create_vector_db:312 - 入库文档块 84/599 | 标题: D:\401385\zizi-1.5-5.6\markdown_files\mvp\MVP算法平台_ | 内容预览: 视觉功能模块 > 测量 > 线段与线段交点...
2025-06-18 10:13:26,652 - INFO - vector_db_operations:_create_vector_db:312 - 入库文档块 85/599 | 标题: D:\401385\zizi-1.5-5.6\markdown_files\mvp\MVP算法平台_ | 内容预览: 

线段与线段交点算子从输入或者配置接收两条线段参数，根据接收参数求得两条线段之间的位置关系并输出，可切换到结果界面查看输出信息（是否相交，交点个数和交点）。  
1. 线段与线段交点操作流程  
1...
2025-06-18 10:13:26,760 - INFO - vector_db_operations:_create_vector_db:312 - 入库文档块 86/599 | 标题: D:\401385\zizi-1.5-5.6\markdown_files\mvp\MVP算法平台_ | 内容预览: 视觉功能模块 > 测量 > 直线与圆交点

直线与圆交点算子从输入或者配置接收一条直线和一个圆参数，根据接收参数求得直线和圆的位置关系并输出，可切换到结果界面查看输出信息（是否相交，交点个数和交点）。...
2025-06-18 10:13:26,900 - INFO - vector_db_operations:_create_vector_db:312 - 入库文档块 87/599 | 标题: D:\401385\zizi-1.5-5.6\markdown_files\mvp\MVP算法平台_ | 内容预览: 视觉功能模块 > 测量 > 直线与直线交点

直线与直线交点算子从输入或者配置接收两条直线参数，根据接收参数求得线段和直线的位置关系并输出，可切换到结果界面查看输出信息（是否相交，交点个数、交点、直线...
2025-06-18 10:13:27,011 - INFO - vector_db_operations:_create_vector_db:312 - 入库文档块 88/599 | 标题: D:\401385\zizi-1.5-5.6\markdown_files\mvp\MVP算法平台_ | 内容预览: 视觉功能模块 > 测量 > 圆与圆交点

圆与圆交点算子从输入或者配置接收两个圆参数，根据接收参数求得两圆之间的位置关系并输出，可切换到结果界面查看输出信息（是否相交，交点个数和交点）。  
1. 圆...
2025-06-18 10:13:27,102 - INFO - vector_db_operations:_create_vector_db:312 - 入库文档块 89/599 | 标题: D:\401385\zizi-1.5-5.6\markdown_files\mvp\MVP算法平台_ | 内容预览: 视觉功能模块 > 测量 > 点与点夹角

点与点夹角算子从输入或者配置接收两个点参数，根据接收参数求得两点坐标连线和图像坐标系的夹角并输出，如果输出两点坐标相同则算子失败，可切换到结果界面查看输出信息...
2025-06-18 10:13:27,211 - INFO - vector_db_operations:_create_vector_db:312 - 入库文档块 90/599 | 标题: D:\401385\zizi-1.5-5.6\markdown_files\mvp\MVP算法平台_ | 内容预览: 视觉功能模块 > 测量 > 直线与直线夹角

直线与直线夹角算子从输入或者配置接收两条直线参数，根据接收参数求得两直线之间的夹角并输出，可切换到结果界面查看输出信息（夹角大小，提示：直线平行、重合夹角...
2025-06-18 10:13:27,288 - INFO - vector_db_operations:_create_vector_db:312 - 入库文档块 91/599 | 标题: D:\401385\zizi-1.5-5.6\markdown_files\mvp\MVP算法平台_ | 内容预览: 视觉功能模块 > 测量 > 点与圆距离

点与圆距离算子从输入或者配置接收一个点和一个圆参数，根据接收参数求得点与圆之间的位置关系并输出，可切换到结果界面查看输出信息（点与圆之间的距离、圆上到已知点距...
2025-06-18 10:13:27,381 - INFO - vector_db_operations:_create_vector_db:312 - 入库文档块 92/599 | 标题: D:\401385\zizi-1.5-5.6\markdown_files\mvp\MVP算法平台_ | 内容预览: 视觉功能模块 > 测量 > 点与直线距离

点与直线距离算子从输入或者配置接收一个点和一条直线参数，根据接收参数求得点与直线之间的位置关系并输出，可切换到结果界面查看输出信息（点与圆之间的距离、直线上...
2025-06-18 10:13:27,491 - INFO - vector_db_operations:_create_vector_db:312 - 入库文档块 93/599 | 标题: D:\401385\zizi-1.5-5.6\markdown_files\mvp\MVP算法平台_ | 内容预览: 视觉功能模块 > 测量 > 点与线段距离...
2025-06-18 10:13:27,571 - INFO - vector_db_operations:_create_vector_db:312 - 入库文档块 94/599 | 标题: D:\401385\zizi-1.5-5.6\markdown_files\mvp\MVP算法平台_ | 内容预览: 

点与线段距离算子从输入或者配置接收一个点和一条线段参数，根据接收参数求得点与线段之间的位置关系并输出，可切换到结果界面查看输出信息（点与圆之间的距离、以及线段上到已知点距离最短的点）。分为点不在线...
2025-06-18 10:13:27,695 - INFO - vector_db_operations:_create_vector_db:312 - 入库文档块 95/599 | 标题: D:\401385\zizi-1.5-5.6\markdown_files\mvp\MVP算法平台_ | 内容预览: 视觉功能模块 > 测量 > 点与点距离

点与点距离算子从输入或者配置接收两个点参数，根据接收参数求得点与点之间的位置关系并输出，如果输入两点坐标相同，不显示交点角度，可切换到结果界面查看输出信息（点...
2025-06-18 10:13:27,837 - INFO - vector_db_operations:_create_vector_db:312 - 入库文档块 96/599 | 标题: D:\401385\zizi-1.5-5.6\markdown_files\mvp\MVP算法平台_ | 内容预览: 视觉功能模块 > 测量 > 线段与圆距离...
2025-06-18 10:13:27,931 - INFO - vector_db_operations:_create_vector_db:312 - 入库文档块 97/599 | 标题: D:\401385\zizi-1.5-5.6\markdown_files\mvp\MVP算法平台_ | 内容预览: 

线段与圆距离算子从输入或者配置接收一条线段和一个圆参数，根据接收参数求得线段与圆之间的位置关系并输出，可切换到结果界面查看输出信息（线段与圆之间的距离与圆和线段上都任意取一点，距离最短时线段上和圆...
2025-06-18 10:13:28,023 - INFO - vector_db_operations:_create_vector_db:312 - 入库文档块 98/599 | 标题: D:\401385\zizi-1.5-5.6\markdown_files\mvp\MVP算法平台_ | 内容预览: 视觉功能模块 > 测量 > 线段与直线距离...
2025-06-18 10:13:28,148 - INFO - vector_db_operations:_create_vector_db:312 - 入库文档块 99/599 | 标题: D:\401385\zizi-1.5-5.6\markdown_files\mvp\MVP算法平台_ | 内容预览: 

线段与直线距离算子从输入或者配置接收一条线段和一个直线参数，根据接收参数求得线段与直线之间的位置关系并输出，可切换到结果界面查看输出信息（线段与直线之间的距离与直线和线段上都任意取一点，距离最短时...
2025-06-18 10:13:28,271 - INFO - vector_db_operations:_create_vector_db:312 - 入库文档块 100/599 | 标题: D:\401385\zizi-1.5-5.6\markdown_files\mvp\MVP算法平台_ | 内容预览: 视觉功能模块 > 测量 > 线段与线段距离...
2025-06-18 10:15:43,151 - DEBUG - vector_db_operations:_create_vector_db:334 - 向量库初始化 | 批次: 1 | 文档数: 100
2025-06-18 10:15:43,198 - INFO - vector_db_operations:_create_vector_db:312 - 入库文档块 101/599 | 标题: D:\401385\zizi-1.5-5.6\markdown_files\mvp\MVP算法平台_ | 内容预览: 

线段与线段距离算子从输入或者配置接收两条线段参数，根据接收参数求得线段与线段之间的位置关系并输出，可切换到结果界面查看输出信息（线段与线段之间的距离与两线段上各都任意取一点，距离最短时两线段上所取...
2025-06-18 10:15:43,308 - INFO - vector_db_operations:_create_vector_db:312 - 入库文档块 102/599 | 标题: D:\401385\zizi-1.5-5.6\markdown_files\mvp\MVP算法平台_ | 内容预览: 视觉功能模块 > 测量 > 直线与圆距离

直线与圆距离算子从输入或者配置接收一条直线和一个圆参数，根据接收参数求得直线与圆之间的位置关系并输出，可切换到结果界面查看输出信息（直线与圆之间的距离与圆和...
2025-06-18 10:15:43,418 - INFO - vector_db_operations:_create_vector_db:312 - 入库文档块 103/599 | 标题: D:\401385\zizi-1.5-5.6\markdown_files\mvp\MVP算法平台_ | 内容预览: 视觉功能模块 > 测量 > 圆与圆距离

圆与圆距离算子从输入或者配置接收两个圆参数，根据接收参数求得圆与圆之间的位置关系并输出，可切换到结果界面查看输出信息（圆与圆之间的距离与两圆上都各任意取一点，...
2025-06-18 10:15:43,497 - INFO - vector_db_operations:_create_vector_db:312 - 入库文档块 104/599 | 标题: D:\401385\zizi-1.5-5.6\markdown_files\mvp\MVP算法平台_ | 内容预览: 视觉功能模块 > 测量 > 拟合线

拟合线算子从输入或者配置接收十个以内点参数，根据接收参数（输入点与添加点）和配置中设置的忽略点数来拟合线并输出，可切换到结果界面查看输出信息（拟合直线、RMS误差...
2025-06-18 10:15:43,636 - INFO - vector_db_operations:_create_vector_db:312 - 入库文档块 105/599 | 标题: D:\401385\zizi-1.5-5.6\markdown_files\mvp\MVP算法平台_ | 内容预览: 视觉功能模块 > 测量 > 拟合圆

拟合圆算子从输入或者配置接收十个以内点参数，根据接收参数和配置中设置的忽略点数来拟合圆并输出，可切换到结果界面查看输出信息（拟合圆、RMS误差）。  
1. 拟合...
2025-06-18 10:15:43,746 - INFO - vector_db_operations:_create_vector_db:312 - 入库文档块 106/599 | 标题: D:\401385\zizi-1.5-5.6\markdown_files\mvp\MVP算法平台_ | 内容预览: 视觉功能模块 > 测量 > 卡尺工具...
2025-06-18 10:15:43,872 - INFO - vector_db_operations:_create_vector_db:312 - 入库文档块 107/599 | 标题: D:\401385\zizi-1.5-5.6\markdown_files\mvp\MVP算法平台_ | 内容预览: 

卡尺工具是一种测量目标对象的宽度、边缘的位置、特征或边缘对的位置和边缘对之间距离的视觉工具。卡尺工具在使用的时候，需要使用者提供期望测量或定位的大致区域、目标对象或边缘的特性等。可切换到结果界面查...
2025-06-18 10:15:43,995 - INFO - vector_db_operations:_create_vector_db:312 - 入库文档块 108/599 | 标题: D:\401385\zizi-1.5-5.6\markdown_files\mvp\MVP算法平台_ | 内容预览: 视觉功能模块 > 测量 > 平行线...
2025-06-18 10:15:44,104 - INFO - vector_db_operations:_create_vector_db:312 - 入库文档块 109/599 | 标题: D:\401385\zizi-1.5-5.6\markdown_files\mvp\MVP算法平台_ | 内容预览: 

平行线算子从输入或者配置接受一条直线参数，根据接收参数和配置参数可求得与该直线平行的一条直线并输出，分为过某一点的平行线和与该直线相距长度的平行线两种模式，可切换到结果界面查看输出信息。  
1....
2025-06-18 10:15:44,198 - INFO - vector_db_operations:_create_vector_db:312 - 入库文档块 110/599 | 标题: D:\401385\zizi-1.5-5.6\markdown_files\mvp\MVP算法平台_ | 内容预览: 视觉功能模块 > 识别 > 条形码...
2025-06-18 10:15:44,306 - INFO - vector_db_operations:_create_vector_db:312 - 入库文档块 111/599 | 标题: D:\401385\zizi-1.5-5.6\markdown_files\mvp\MVP算法平台_ | 内容预览: 

条形码识别算法用于精确定位图片中一维码的位置并解析其包含的字符信息。算法平台支持解码类型包括CODE128、EAN-13、CODE39、EAN-8、CheckSumCODE39、UPCA、UPCE...
2025-06-18 10:15:44,417 - INFO - vector_db_operations:_create_vector_db:312 - 入库文档块 112/599 | 标题: D:\401385\zizi-1.5-5.6\markdown_files\mvp\MVP算法平台_ | 内容预览: 视觉功能模块 > 识别 > 二维码...
2025-06-18 10:15:44,542 - INFO - vector_db_operations:_create_vector_db:312 - 入库文档块 113/599 | 标题: D:\401385\zizi-1.5-5.6\markdown_files\mvp\MVP算法平台_ | 内容预览: 

二维码识别算法会对图像中的二维码进行定位并解码。  
1. 二维码操作流程  
算法平台软件支持解码类型包括：DM码、QR码、QR mode1码、MQR Code、PDF417 Code、DM E...
2025-06-18 10:15:44,651 - INFO - vector_db_operations:_create_vector_db:312 - 入库文档块 114/599 | 标题: D:\401385\zizi-1.5-5.6\markdown_files\mvp\MVP算法平台_ | 内容预览: 视觉功能模块 > 识别 > 简版字符识别...
2025-06-18 10:15:44,744 - INFO - vector_db_operations:_create_vector_db:312 - 入库文档块 115/599 | 标题: D:\401385\zizi-1.5-5.6\markdown_files\mvp\MVP算法平台_ | 内容预览: 

简版字符识别算子和字符识别算子一样可自定义训练模型，可根据模型进行字符识别。相较于字符识别算子，简版字符算别算子在模型训练时多了添加文字框的功能，若出现未识别的字符可增加文本框进行框选训练，目前可...
2025-06-18 10:15:44,856 - INFO - vector_db_operations:_create_vector_db:312 - 入库文档块 116/599 | 标题: D:\401385\zizi-1.5-5.6\markdown_files\mvp\MVP算法平台_ | 内容预览: 视觉功能模块 > 识别 > VC码...
2025-06-18 10:15:44,966 - INFO - vector_db_operations:_create_vector_db:312 - 入库文档块 117/599 | 标题: D:\401385\zizi-1.5-5.6\markdown_files\mvp\MVP算法平台_ | 内容预览: 

VC码识别算法会对图像中的VC码进行定位并解码。  
1. VC码操作流程  
1. 参数配置  
<table><tr><th colspan="1">参数</th><th colspan="2...
2025-06-18 10:15:45,092 - INFO - vector_db_operations:_create_vector_db:312 - 入库文档块 118/599 | 标题: D:\401385\zizi-1.5-5.6\markdown_files\mvp\MVP算法平台_ | 内容预览: 视觉功能模块 > 深度学习 > 深度学习字符识别

基于深度学习的OCR识别技术，支持基于检测的识别方法及端到端的识别方法。  
- 自带基于检测的识别模型，支持字母数字及常用符号111个类别，网络输...
2025-06-18 10:15:45,203 - INFO - vector_db_operations:_create_vector_db:312 - 入库文档块 119/599 | 标题: D:\401385\zizi-1.5-5.6\markdown_files\mvp\MVP算法平台_ | 内容预览: 视觉功能模块 > 深度学习 > 深度学习检测

基于深度学习的检测技术，支持正矩形，旋转矩形的检测，用于通用目标识别或定位。  
1. 深度学习检测操作流程  
1. 配置参数  
|参数|范围|说明...
2025-06-18 10:15:45,313 - INFO - vector_db_operations:_create_vector_db:312 - 入库文档块 120/599 | 标题: D:\401385\zizi-1.5-5.6\markdown_files\mvp\MVP算法平台_ | 内容预览: 视觉功能模块 > 深度学习 > 深度学习分类

基于深度学习的分类技术，支持输入ROI部分图像分类，如像素分类算子或斑点工具检测到目标，可以连接分类算法获取缺陷OK/NG或者种类等。  
1. 深度学...
2025-06-18 10:15:45,437 - INFO - vector_db_operations:_create_vector_db:312 - 入库文档块 121/599 | 标题: D:\401385\zizi-1.5-5.6\markdown_files\mvp\MVP算法平台_ | 内容预览: 视觉功能模块 > 深度学习 > 深度学习语义分割

基于深度学习的像素分类技术，可以用于缺陷检测，实例分割，提取到缺陷区域后可以连接斑点工具检测出目标的位置，面积用于过滤分析。  
1. 深度学习像素...
2025-06-18 10:15:45,547 - INFO - vector_db_operations:_create_vector_db:312 - 入库文档块 122/599 | 标题: D:\401385\zizi-1.5-5.6\markdown_files\mvp\MVP算法平台_ | 内容预览: 视觉功能模块 > 深度学习 > 深度学习实例分割...
2025-06-18 10:15:45,641 - INFO - vector_db_operations:_create_vector_db:312 - 入库文档块 123/599 | 标题: D:\401385\zizi-1.5-5.6\markdown_files\mvp\MVP算法平台_ | 内容预览: 

基于深度学习的实例分割技术，可以将图中的检测物体分割成多个小图，用于给深度学习分类进行分类。  
1. 深度学习实例分割流程  
1. 配置参数  
|**名称**|**范围**|**备注**| ...
2025-06-18 10:15:45,767 - INFO - vector_db_operations:_create_vector_db:312 - 入库文档块 124/599 | 标题: D:\401385\zizi-1.5-5.6\markdown_files\mvp\MVP算法平台_ | 内容预览: 视觉功能模块 > 逻辑控制 > 容器

和编程中的容器有同样的含义，算法平台的容器算子有两大功能，一个是将数据加入一个容器中，一个是将数据从一个容器中取出，容器目前支持所有算法平台包含的数据类型。  ...
2025-06-18 10:15:45,878 - INFO - vector_db_operations:_create_vector_db:312 - 入库文档块 125/599 | 标题: D:\401385\zizi-1.5-5.6\markdown_files\mvp\MVP算法平台_ | 内容预览: 视觉功能模块 > 逻辑控制 > 数学表达式...
2025-06-18 10:15:45,986 - INFO - vector_db_operations:_create_vector_db:312 - 入库文档块 126/599 | 标题: D:\401385\zizi-1.5-5.6\markdown_files\mvp\MVP算法平台_ | 内容预览: 

数学表达式算子可以自己创建输入和输出参数，通过自定义表达式进行数学运行。  
目前仅支持Int、Real、Bool三种数据类型，目前数学表达式所支持的输入如下：  
- 二元运算符：加减乘除（+-...
2025-06-18 10:15:46,112 - INFO - vector_db_operations:_create_vector_db:312 - 入库文档块 127/599 | 标题: D:\401385\zizi-1.5-5.6\markdown_files\mvp\MVP算法平台_ | 内容预览: 视觉功能模块 > 逻辑控制 > 顺序模块

顺序模块，可以将其理解为编程中的“函数”。在该模块中添加的算子，会顺序执行。如果所有的算子、连线全部在最外层的主流程展示，当工程较大、算子连线较多时会不易阅...
2025-06-18 10:15:46,256 - INFO - vector_db_operations:_create_vector_db:312 - 入库文档块 128/599 | 标题: D:\401385\zizi-1.5-5.6\markdown_files\mvp\MVP算法平台_ | 内容预览: 视觉功能模块 > 逻辑控制 > 循环模块

在循环模块内的算子可以循环执行。当工程进入循环模块以后，如果没有“循环退出节点”，则工程会一直在循环模块内部一直运行，直到达到循环次数才会结束运行；添加“循...
2025-06-18 10:15:46,367 - INFO - vector_db_operations:_create_vector_db:312 - 入库文档块 129/599 | 标题: D:\401385\zizi-1.5-5.6\markdown_files\mvp\MVP算法平台_ | 内容预览: 视觉功能模块 > 逻辑控制 > 循环退出节点

“循环退出节点”是一个特殊的算子，其内部无法添加其他算子，属于一个独立的算子。  
该算子只能添加到“循环模块”内部，用作运行退出“循环模块”去使用。...
2025-06-18 10:15:46,479 - INFO - vector_db_operations:_create_vector_db:312 - 入库文档块 130/599 | 标题: D:\401385\zizi-1.5-5.6\markdown_files\mvp\MVP算法平台_ | 内容预览: 视觉功能模块 > 逻辑控制 > 分支节点

节点类似编程语言中的switch语句，可以创建多个分支条件，当输入参数满足某一个分支条件时，会进入某一个特定分支，执行相应的操作。  
输入参数  
|参数...
2025-06-18 10:15:46,590 - INFO - vector_db_operations:_create_vector_db:312 - 入库文档块 131/599 | 标题: D:\401385\zizi-1.5-5.6\markdown_files\mvp\MVP算法平台_ | 内容预览: 视觉功能模块 > 逻辑控制 > 读全局变量

全局变量主要用于在程序的多个不同位置使用，比如不同的流程和分支节点，实现跨流程、跨节点的数据交互，可以在软件的任何位置都可以读取或者写入全局变量的值。读全...
2025-06-18 10:15:46,717 - INFO - vector_db_operations:_create_vector_db:312 - 入库文档块 132/599 | 标题: D:\401385\zizi-1.5-5.6\markdown_files\mvp\MVP算法平台_ | 内容预览: 视觉功能模块 > 逻辑控制 > 写全局变量

“写全局变量”算子与“读全局变量”算子功能类似，可创建全局变量并且方法与“读全局变量”算子相同，“写全局变量”算子主要是写入全局变量的值，也是目前能够修改...
2025-06-18 10:15:46,845 - INFO - vector_db_operations:_create_vector_db:312 - 入库文档块 133/599 | 标题: D:\401385\zizi-1.5-5.6\markdown_files\mvp\MVP算法平台_ | 内容预览: 视觉功能模块 > 逻辑控制 > 读数据队列

数据队列主要用于在程序的多个不同位置使用，比如不同的流程和分支节点，实现跨流程、跨节点的数据交互，可以在软件的任何位置都可以读取或者写入数据队列的值。读数...
2025-06-18 10:15:46,956 - INFO - vector_db_operations:_create_vector_db:312 - 入库文档块 134/599 | 标题: D:\401385\zizi-1.5-5.6\markdown_files\mvp\MVP算法平台_ | 内容预览: 视觉功能模块 > 逻辑控制 > 写数据队列

数据队列主要用于在程序的多个不同位置使用，比如不同的流程和分支节点，实现跨流程、跨节点的数据交互，可以在软件的任何位置都可以读取或者写入数据队列的值。写数...
2025-06-18 10:15:47,052 - INFO - vector_db_operations:_create_vector_db:312 - 入库文档块 135/599 | 标题: D:\401385\zizi-1.5-5.6\markdown_files\mvp\MVP算法平台_ | 内容预览: 视觉功能模块 > 通讯 > 串口配置

串口配置用于打开并设置计算机串口，将得到的句柄即编号传给报文发送和接收类算子。  
上述算子利用串口配置算子打开的串口实现报文的发送和解析。  
串口配置需要和...
2025-06-18 10:15:47,177 - INFO - vector_db_operations:_create_vector_db:312 - 入库文档块 136/599 | 标题: D:\401385\zizi-1.5-5.6\markdown_files\mvp\MVP算法平台_ | 内容预览: 视觉功能模块 > 通讯 > 网络配置

网络配置用于打开并设置计算机网络，将得到的句柄传给报文发送和接收类算子。  
上述算子利用网络配置算子打开的网口实现报文的发送和解析。  
网络配置必须与发送或...
2025-06-18 10:15:47,255 - INFO - vector_db_operations:_create_vector_db:312 - 入库文档块 137/599 | 标题: D:\401385\zizi-1.5-5.6\markdown_files\mvp\MVP算法平台_ | 内容预览: 视觉功能模块 > 通讯 > 报文发送

报文发送利用Python脚本将发送内容组合成报文并将其通过串口或网络发送给其他设备或软件。  
1. 编辑脚本，将发送的值组合成报文的形式。  
1. 选择该脚...
2025-06-18 10:15:47,365 - INFO - vector_db_operations:_create_vector_db:312 - 入库文档块 138/599 | 标题: D:\401385\zizi-1.5-5.6\markdown_files\mvp\MVP算法平台_ | 内容预览: 视觉功能模块 > 通讯 > 报文接收

报文接收利用Python脚本将发送内容组合成报文，通过串口或网络发送给其他设备或软件。  
1. 编辑脚本，将接受的报文解析成值。  
1. 选择该脚本。  
...
2025-06-18 10:15:47,493 - INFO - vector_db_operations:_create_vector_db:312 - 入库文档块 139/599 | 标题: D:\401385\zizi-1.5-5.6\markdown_files\mvp\MVP算法平台_ | 内容预览: 视觉功能模块 > 通讯 > 报文发送（参数可配）

报文发送（参数可配）通过预先定义的协议格式发送数据到外部设备或外部软件。  
操作流程  
1. 正常添加网络配置或串口配置和报文发送（参数可配）算...
2025-06-18 10:15:47,621 - INFO - vector_db_operations:_create_vector_db:312 - 入库文档块 140/599 | 标题: D:\401385\zizi-1.5-5.6\markdown_files\mvp\MVP算法平台_ | 内容预览: 视觉功能模块 > 通讯 > 报文接收（参数可配）

报文接收（参数可配）通过预先定义的协议格式，将接收到的报文解析作为特定的值，并输出给其他算子使用。  
操作流程  
1. 添加网络配置或串口配置和...
2025-06-18 10:15:47,746 - INFO - vector_db_operations:_create_vector_db:312 - 入库文档块 141/599 | 标题: D:\401385\zizi-1.5-5.6\markdown_files\mvp\MVP算法平台_ | 内容预览: 视觉功能模块 > 通讯 > FTP客户端

连接FTP服务器，保存图片或者文件到FTP服务器指定路径下。  
1. 设置FTP服务器ip地址，端口（系统默认21），用户名，密码和路径。  
1. FT...
2025-06-18 10:15:47,826 - INFO - vector_db_operations:_create_vector_db:312 - 入库文档块 142/599 | 标题: D:\401385\zizi-1.5-5.6\markdown_files\mvp\MVP算法平台_ | 内容预览: 视觉功能模块 > 通讯 > 发送ASCII码...
2025-06-18 10:15:47,953 - INFO - vector_db_operations:_create_vector_db:312 - 入库文档块 143/599 | 标题: D:\401385\zizi-1.5-5.6\markdown_files\mvp\MVP算法平台_ | 内容预览: 

该算子用于发送ASCII类型的字符。  
1. 输入起始符，分隔符和终止符。  
1. 设置起始符终止符  
1. 配置界面参数说明  
|参数|说明|  
| - | - |  
|句柄|订阅串...
2025-06-18 10:15:48,063 - INFO - vector_db_operations:_create_vector_db:312 - 入库文档块 144/599 | 标题: D:\401385\zizi-1.5-5.6\markdown_files\mvp\MVP算法平台_ | 内容预览: 视觉功能模块 > 通讯 > 接收ASCII码...
2025-06-18 10:15:48,173 - INFO - vector_db_operations:_create_vector_db:312 - 入库文档块 145/599 | 标题: D:\401385\zizi-1.5-5.6\markdown_files\mvp\MVP算法平台_ | 内容预览: 

用于接收ASCII的字符。  
1. 输入起始符，分隔符和终止符。  
1. 配置界面  
1. 配置界面参数说明  
|参数|说明|  
| - | - |  
|句柄|订阅串口或网络的句柄| ...
2025-06-18 10:15:48,282 - INFO - vector_db_operations:_create_vector_db:312 - 入库文档块 146/599 | 标题: D:\401385\zizi-1.5-5.6\markdown_files\mvp\MVP算法平台_ | 内容预览: 视觉功能模块 > 通讯 > 相机IO...
2025-06-18 10:15:48,407 - INFO - vector_db_operations:_create_vector_db:312 - 入库文档块 147/599 | 标题: D:\401385\zizi-1.5-5.6\markdown_files\mvp\MVP算法平台_ | 内容预览: 

相机IO用于通过相机直接输出bool 变量。“相机IO”算子可以控制相机输出电压的高低。  
相机与工装板连接，关于连接线序和方法，参考相机使用手册。  
1. <a name="_toc5159...
2025-06-18 10:15:48,501 - INFO - vector_db_operations:_create_vector_db:312 - 入库文档块 148/599 | 标题: D:\401385\zizi-1.5-5.6\markdown_files\mvp\MVP算法平台_ | 内容预览: 视觉功能模块 > 通讯 > FINS协议算子...
2025-06-18 10:15:48,611 - INFO - vector_db_operations:_create_vector_db:312 - 入库文档块 149/599 | 标题: D:\401385\zizi-1.5-5.6\markdown_files\mvp\MVP算法平台_ | 内容预览: 

FINS协议是报文发送与接收的一种通讯协议。  
1. #### FINS握手  
1. 调用FINS握手算子。  
1. 连接算子的inHandle与网络配置的outSocketHandle  ...
2025-06-18 10:15:48,721 - INFO - vector_db_operations:_create_vector_db:312 - 入库文档块 150/599 | 标题: D:\401385\zizi-1.5-5.6\markdown_files\mvp\MVP算法平台_ | 内容预览: 视觉功能模块 > 通讯 > Snap7协议算子

Snap7是用于与西门子plc通讯的协议，主要用于西门子S7-1200/S7-1500系列plc。  
1. #### Snap7连接  
1. 设置...
2025-06-18 10:15:48,845 - INFO - vector_db_operations:_create_vector_db:312 - 入库文档块 151/599 | 标题: D:\401385\zizi-1.5-5.6\markdown_files\mvp\MVP算法平台_ | 内容预览: 视觉功能模块 > 辅助工具 > 保存图片

自由选择路径保存算法处理后的图片。主要将inImage参数和带有outImage参数的算子连线，将算子处理结果图片保存到目标路径下。  
1. 保存图片操作...
2025-06-18 10:15:48,969 - INFO - vector_db_operations:_create_vector_db:312 - 入库文档块 152/599 | 标题: D:\401385\zizi-1.5-5.6\markdown_files\mvp\MVP算法平台_ | 内容预览: 视觉功能模块 > 辅助工具 > Python脚本...
2025-06-18 10:15:49,077 - INFO - vector_db_operations:_create_vector_db:312 - 入库文档块 153/599 | 标题: D:\401385\zizi-1.5-5.6\markdown_files\mvp\MVP算法平台_ | 内容预览: 

Python脚本是当MVP已有算子不能满足需求时，可以通过执行用户自定义python脚本逻辑来工作的特殊算子。  
脚本编写规则参考示例脚本代码。  
参数、函数说明：  
1. 参数说明  
|...
2025-06-18 10:15:49,203 - INFO - vector_db_operations:_create_vector_db:312 - 入库文档块 154/599 | 标题: D:\401385\zizi-1.5-5.6\markdown_files\mvp\MVP算法平台_ | 内容预览: 视觉功能模块 > 辅助工具 > C#脚本...
2025-06-18 10:15:49,327 - INFO - vector_db_operations:_create_vector_db:312 - 入库文档块 155/599 | 标题: D:\401385\zizi-1.5-5.6\markdown_files\mvp\MVP算法平台_ | 内容预览: 

C#脚本算子支持用户自定义编写c#脚本，创建指定输入参数与输出参数，动态编译脚本以及运行脚本。  
1. 输入/输出参数说明  
|输入 / 输出参数|说明|  
| - | - |  
|Int...
2025-06-18 10:15:49,452 - INFO - vector_db_operations:_create_vector_db:312 - 入库文档块 156/599 | 标题: D:\401385\zizi-1.5-5.6\markdown_files\mvp\MVP算法平台_ | 内容预览: 视觉功能模块 > 辅助工具 > 统计功能

统计功能算子从输入接收一个布尔值，根据这个接收的参数统计算子执行的成功次数、失败次数及成功率。  
1. 统计功能操作流程  
1. 统计算子结果输出  
...
2025-06-18 10:15:49,545 - INFO - vector_db_operations:_create_vector_db:312 - 入库文档块 157/599 | 标题: D:\401385\zizi-1.5-5.6\markdown_files\mvp\MVP算法平台_ | 内容预览: 视觉功能模块 > 辅助工具 > 结果显示

结果显示算子接收别的算子输出的点、线、圆等参数，然后将这些来自不同算子的图形绘制在图像上。  
1. 结果显示操作流程  
1. 支持参数类型  
|参数|...
2025-06-18 10:15:49,657 - INFO - vector_db_operations:_create_vector_db:312 - 入库文档块 158/599 | 标题: D:\401385\zizi-1.5-5.6\markdown_files\mvp\MVP算法平台_ | 内容预览: 视觉功能模块 > 辅助工具 > 指定输出

用于输出指定的类型的数值。  
1. 选择数值类型。  
1. 选择数值类型  
1. 输入输出的值。...
2025-06-18 10:15:49,797 - INFO - vector_db_operations:_create_vector_db:312 - 入库文档块 159/599 | 标题: D:\401385\zizi-1.5-5.6\markdown_files\mvp\MVP算法平台_ | 内容预览: 视觉功能模块 > 辅助工具 > 延时

延时算子从配置中接收一个数值x，根据这个数值等待x毫秒。  
添加延时算子，在配置界面配置需要延时等待的毫秒数后，单次运行。  
延时算子只有配置参数时间，用来...
2025-06-18 10:15:49,906 - INFO - vector_db_operations:_create_vector_db:312 - 入库文档块 160/599 | 标题: D:\401385\zizi-1.5-5.6\markdown_files\mvp\MVP算法平台_ | 内容预览: 视觉功能模块 > 辅助工具 > 虚拟键盘

虚拟键盘算子可在运行下向外部鼠标光标所在位置输入指定的字符串文字。  
1. 虚拟键盘操作流程  
1. 配置参数  
|参数|说明|  
| - | - ...
2025-06-18 10:15:50,015 - INFO - vector_db_operations:_create_vector_db:312 - 入库文档块 161/599 | 标题: D:\401385\zizi-1.5-5.6\markdown_files\mvp\MVP算法平台_ | 内容预览: 视觉功能模块 > 辅助工具 > 条件判断

条件判断算子是对输入参数分别进行值评估，然后根据判断方式，对各个值进行综合判断，最终输出综合判断结果。（类似于if判断逻辑）  
1. 条件判断操作流程  ...
2025-06-18 10:15:50,126 - INFO - vector_db_operations:_create_vector_db:312 - 入库文档块 162/599 | 标题: D:\401385\zizi-1.5-5.6\markdown_files\mvp\MVP算法平台_ | 内容预览: 视觉功能模块 > 机械臂工具 > 位置计算

- **算子说明**  
位置计算算子主要用于机械臂定位抓取、抓取偏移补正、定位放置。  
1. 输出参数  
|**算子输出**|**描述**|**说明...
2025-06-18 10:15:50,236 - INFO - vector_db_operations:_create_vector_db:312 - 入库文档块 163/599 | 标题: D:\401385\zizi-1.5-5.6\markdown_files\mvp\MVP算法平台_ | 内容预览: 视觉功能模块 > 检测工具 > 直线检测...
2025-06-18 10:15:50,328 - INFO - vector_db_operations:_create_vector_db:312 - 入库文档块 164/599 | 标题: D:\401385\zizi-1.5-5.6\markdown_files\mvp\MVP算法平台_ | 内容预览: 

检测工件产品直线部分的缺陷，缺陷类型有毛刺、崩边、遮挡，缺陷信息包括1）缺陷数量、2）缺陷外接矩形 3）缺陷面积、4）缺陷长度、5）缺陷类型、6）缺陷起、止卡尺索引。  
- 图像界面  
参数设...
2025-06-18 10:15:50,438 - INFO - vector_db_operations:_create_vector_db:312 - 入库文档块 165/599 | 标题: D:\401385\zizi-1.5-5.6\markdown_files\mvp\MVP算法平台_ | 内容预览: 自定义界面 > 功能概述

一些用户追求软件界面直观明了，交互简洁方便，而自定义界面就可以根据用户的需求与喜好来制定界面。...
2025-06-18 10:15:50,545 - INFO - vector_db_operations:_create_vector_db:312 - 入库文档块 166/599 | 标题: D:\401385\zizi-1.5-5.6\markdown_files\mvp\MVP算法平台_ | 内容预览: 自定义界面 > 图像控件

图像控件可以通过数据源绑定，来显示算子的图像。  
1. 图像控件预览界面  
1. 图像控件属性类型  
|属性类型|属性设置|  
| - | - |  
|位置|控件...
2025-06-18 10:15:50,609 - INFO - vector_db_operations:_create_vector_db:312 - 入库文档块 167/599 | 标题: D:\401385\zizi-1.5-5.6\markdown_files\mvp\MVP算法平台_ | 内容预览: 自定义界面 > 图片控件

通过选择图片路径显示图片，图片有不缩放、填充、按比例缩放和按比例填充四种显示方式，四种显示效果如下图。  
1. 图片控件预览界面  
1. 图片控件属性类型  
|属性类...
2025-06-18 10:15:50,701 - INFO - vector_db_operations:_create_vector_db:312 - 入库文档块 168/599 | 标题: D:\401385\zizi-1.5-5.6\markdown_files\mvp\MVP算法平台_ | 内容预览: 自定义界面 > 运行控制控件

控制整个工程或者单个流程的单次运行、连续运行和停止。  
1. 运行控制功能预览界面（连续运行）  
1. 运行控制控件属性类型  
|属性类型|属性设置|  
| -...
2025-06-18 10:15:50,811 - INFO - vector_db_operations:_create_vector_db:312 - 入库文档块 169/599 | 标题: D:\401385\zizi-1.5-5.6\markdown_files\mvp\MVP算法平台_ | 内容预览: 自定义界面 > 运行状态控件

显示流程或者整个工程的运行状态。  
1. 运行状态功能预览界面  
**  
1. 运行状态控件属性类型  
|属性类型|属性设置|  
| - | - |  
|位...
2025-06-18 10:15:50,921 - INFO - vector_db_operations:_create_vector_db:312 - 入库文档块 170/599 | 标题: D:\401385\zizi-1.5-5.6\markdown_files\mvp\MVP算法平台_ | 内容预览: 自定义界面 > OK/NG控件

通过绑定数据源，如果绑定数据源为true则显示为OK样式下的按钮，为false则显示为NG下的按钮。  
1. OK/NG功能预览界面  
1. OK/NG控件属性类...
2025-06-18 10:15:50,998 - INFO - vector_db_operations:_create_vector_db:312 - 入库文档块 171/599 | 标题: D:\401385\zizi-1.5-5.6\markdown_files\mvp\MVP算法平台_ | 内容预览: 自定义界面 > OK/NG指示灯

通过绑定数据源，如果绑定数据源为true则显示为OK样式下的指示灯，为false则显示为NG下的指示灯。  
2. OK/NG指示灯功能预览界面  
3. OK/N...
2025-06-18 10:15:51,123 - INFO - vector_db_operations:_create_vector_db:312 - 入库文档块 172/599 | 标题: D:\401385\zizi-1.5-5.6\markdown_files\mvp\MVP算法平台_ | 内容预览: 自定义界面 > 文本显示

显示当前绑定数据源的文本信息。  
1. 文本显示功能预览界面  
1. 文本显示控件属性类型  
|属性类型|属性设置|  
| - | - |  
|位置|控件位置坐标...
2025-06-18 10:15:51,283 - INFO - vector_db_operations:_create_vector_db:312 - 入库文档块 173/599 | 标题: D:\401385\zizi-1.5-5.6\markdown_files\mvp\MVP算法平台_ | 内容预览: 自定义界面 > 按钮

通过设置按钮功能，达到设置算子配置、打开工程、保存工程、写全局变量、运行一次、打开路径、选择文件、用户切换功能。  
1. 按钮功能预览界面（按钮功能选择算子配置）  
1. ...
2025-06-18 10:15:51,393 - INFO - vector_db_operations:_create_vector_db:312 - 入库文档块 174/599 | 标题: D:\401385\zizi-1.5-5.6\markdown_files\mvp\MVP算法平台_ | 内容预览: 自定义界面 > 开关

通过绑定具有开关的算子配置，来自定义界面实现控制算子开关的功能。  
1. 开关控件属性类型  
|属性类型|属性设置|  
| - | - |  
|位置|控件位置坐标|  ...
2025-06-18 10:15:51,547 - INFO - vector_db_operations:_create_vector_db:312 - 入库文档块 175/599 | 标题: D:\401385\zizi-1.5-5.6\markdown_files\mvp\MVP算法平台_ | 内容预览: 自定义界面 > 下拉框

通过绑定数据源，修改算子的输入参数（支持int、double、string类型）。  
1. 下拉框功能预览界面  
1. 下拉框控件属性类型  
|属性类型|属性设置|  ...
2025-06-18 10:15:51,656 - INFO - vector_db_operations:_create_vector_db:312 - 入库文档块 176/599 | 标题: D:\401385\zizi-1.5-5.6\markdown_files\mvp\MVP算法平台_ | 内容预览: 自定义界面 > 参数设置

通过绑定算子的输入参数作为数据源，来使用此控件来设置输入参数，支持int类型和double类型的输入参数，例如设置生成圆的半径。  
1. 参数设置功能预览界面  
1. ...
2025-06-18 10:15:51,767 - INFO - vector_db_operations:_create_vector_db:312 - 入库文档块 177/599 | 标题: D:\401385\zizi-1.5-5.6\markdown_files\mvp\MVP算法平台_ | 内容预览: 自定义界面 > 文本输入

通过绑定数据，显示绑定数据的文本信息。  
1. 文本输入功能预览界面  
1. 文本输入控件属性类型  
|属性类型|属性设置|  
| - | - |  
|位置|控件...
2025-06-18 10:15:51,874 - INFO - vector_db_operations:_create_vector_db:312 - 入库文档块 178/599 | 标题: D:\401385\zizi-1.5-5.6\markdown_files\mvp\MVP算法平台_ | 内容预览: 自定义界面 > 表格

通过绑定数据，以表格的形式显示当前数据，每运行一次会根据绑定的数据进行刷新表格，比如可用于展示每次检测的各个缺陷的个数等。  
1. 表格功能预览界面  
1. 表格控件属性类...
2025-06-18 10:15:51,998 - INFO - vector_db_operations:_create_vector_db:312 - 入库文档块 179/599 | 标题: D:\401385\zizi-1.5-5.6\markdown_files\mvp\MVP算法平台_ | 内容预览: 自定义界面 > 柱状图...
2025-06-18 10:15:52,108 - INFO - vector_db_operations:_create_vector_db:312 - 入库文档块 180/599 | 标题: D:\401385\zizi-1.5-5.6\markdown_files\mvp\MVP算法平台_ | 内容预览: 

通过绑定数据，以长方形的长度为变量的统计图表显示当前数据统计值，比如可用于各类缺陷总数统计等，当某次运行后，柱状图某个标签对应的数据源未产生有效值时，针对这个标签用数值0进行绘制。  
1. 柱状...
2025-06-18 10:15:52,216 - INFO - vector_db_operations:_create_vector_db:312 - 入库文档块 181/599 | 标题: D:\401385\zizi-1.5-5.6\markdown_files\mvp\MVP算法平台_ | 内容预览: 自定义界面 > 折线图...
2025-06-18 10:15:52,342 - INFO - vector_db_operations:_create_vector_db:312 - 入库文档块 182/599 | 标题: D:\401385\zizi-1.5-5.6\markdown_files\mvp\MVP算法平台_ | 内容预览: 

通过绑定数据，可以显示随执行次数而变化的连续数据，因此非常适用于显示在相等时间间隔下数据的趋势，比如可用于边缘长度测量数据的秩序变换。  
1. 折线图功能预览界面  
1. 折线图控件属性类型 ...
2025-06-18 10:15:52,467 - INFO - vector_db_operations:_create_vector_db:312 - 入库文档块 183/599 | 标题: D:\401385\zizi-1.5-5.6\markdown_files\mvp\MVP算法平台_ | 内容预览: 自定义界面 > 饼状图

通过绑定数据，以一个圆形区域划分为多个子区域，用于展示数据的占比关系。比如用于缺陷检测的缺陷类型统计。  
1. 饼状图功能预览界面  
1. 饼状图控件属性类型  
<ta...
2025-06-18 10:15:52,576 - INFO - vector_db_operations:_create_vector_db:312 - 入库文档块 184/599 | 标题: D:\401385\zizi-1.5-5.6\markdown_files\mvp\MVP算法平台_ | 内容预览: 自定义界面 > 子界面

通过子界面按钮，按下子界面按钮弹出子界面。  
1. 子界面功能预览界面  
1. 子界面控件属性类型  
|属性类型|属性设置|  
| - | - |  
|位置|控件位...
2025-06-18 10:15:52,683 - INFO - vector_db_operations:_create_vector_db:312 - 入库文档块 185/599 | 标题: D:\401385\zizi-1.5-5.6\markdown_files\mvp\MVP算法平台_ | 内容预览: 案例展示

1. ## 定位打孔-钣金打螺丝  
案例效果：定位孔洞  
方案搭建思路。  
- 通过模板匹配粗定位螺丝孔在图像中的位置。  
- 再通过找圆定位螺丝孔的精确位置。  
- 得到螺丝孔...
2025-06-18 10:15:52,825 - INFO - vector_db_operations:_create_vector_db:312 - 入库文档块 186/599 | 标题: D:\401385\zizi-1.5-5.6\markdown_files\mvp\MVP算法平台_ | 内容预览: 案例展示 > 商标声明

- VGA是IBM公司的商标。  
- Windows标识和Windows是微软公司的商标或注册商标。  
- 在本文档中可能提及的其他商标或公司的名称，由其各自所有者拥有。...
2025-06-18 10:15:52,935 - INFO - vector_db_operations:_create_vector_db:312 - 入库文档块 187/599 | 标题: D:\401385\zizi-1.5-5.6\markdown_files\mvp\MVP算法平台_ | 内容预览: 案例展示 > 责任声明

- 在适用法律允许的范围内，在任何情况下，本公司都不对因本文档中相关内容及描述的产品而产生任何特殊的、附随的、间接的、继发性的损害进行赔偿，也不对任何利润、数据、商誉、文档丢...
2025-06-18 10:15:53,063 - INFO - vector_db_operations:_create_vector_db:312 - 入库文档块 188/599 | 标题: D:\401385\zizi-1.5-5.6\markdown_files\mvp\MVP算法平台_ | 内容预览: 案例展示 > 隐私保护提醒

您安装了我们的产品，您可能会采集人脸、指纹、车牌、邮箱、电话、GPS等个人信息。在使用产品过程中，您需要遵守所在地区或国家的隐私保护法律法规要求，保障他人的合法权益。如，...
2025-06-18 10:15:53,172 - INFO - vector_db_operations:_create_vector_db:312 - 入库文档块 189/599 | 标题: D:\401385\zizi-1.5-5.6\markdown_files\mvp\MVP算法平台_ | 内容预览: 案例展示 > 关于本文档

- 本文档供多个型号产品使用，产品外观和功能请以实物为准。  
- 如果不按照本文档中的指导进行操作而造成的任何损失由使用方自己承担。  
- 本文档会实时根据相关地区的法...
2025-06-18 10:15:53,297 - INFO - vector_db_operations:_create_vector_db:312 - 入库文档块 190/599 | 标题: D:\401385\zizi-1.5-5.6\markdown_files\mvp\MVP算法平台_ | 内容预览: 案例展示 > 安全声明

- 若您将产品接入互联网需自担风险，包括但不限于可能遭受网络攻击、黑客攻击、病毒感染等，请您加强网络、设备数据和个人信息等的保护，采取保障设备网络安全的必要措施，包括但不限于...
2025-06-18 10:15:53,393 - INFO - vector_db_operations:_create_vector_db:312 - 入库文档块 191/599 | 标题: D:\401385\zizi-1.5-5.6\markdown_files\mvp\MVP算法平台_ | 内容预览: 案例展示 > 安全建议...
2025-06-18 10:15:53,532 - INFO - vector_db_operations:_create_vector_db:312 - 入库文档块 192/599 | 标题: D:\401385\zizi-1.5-5.6\markdown_files\mvp\MVP算法平台_ | 内容预览: 

保障设备基本网络安全的必须措施：  
1. **使用复杂密码**  
请参考如下建议进行密码设置：  
- 长度不小于8个字符。  
- 至少包含两种字符类型，字符类型包括大小写字母、数字和符号。...
2025-06-18 10:15:53,625 - INFO - vector_db_operations:_create_vector_db:312 - 入库文档块 193/599 | 标题: D:\401385\zizi-1.5-5.6\markdown_files\mvp\MVPSuppo | 内容预览: MVP速查表 > 文档标识

| 属性                | 内容                                                             ...
2025-06-18 10:15:53,750 - INFO - vector_db_operations:_create_vector_db:312 - 入库文档块 194/599 | 标题: D:\401385\zizi-1.5-5.6\markdown_files\mvp\MVPSuppo | 内容预览: 1. 彩色算子功能 > 1.1 功能描述

MVP可以读取彩色的算子，支持以下操作：  
- **仿射变换**  
- **裁剪**  
- **彩转灰**  
- **仿真器**  
- **相机*...
2025-06-18 10:15:53,846 - INFO - vector_db_operations:_create_vector_db:312 - 入库文档块 195/599 | 标题: D:\401385\zizi-1.5-5.6\markdown_files\mvp\MVPSuppo | 内容预览: 2. Modbus数据结构与寄存器关系 > 2.1 数据结构说明

| 数据结构 | 范围               | 位数(B) | 占用寄存器个数 | 备注                  ...
2025-06-18 10:15:53,972 - INFO - vector_db_operations:_create_vector_db:312 - 入库文档块 196/599 | 标题: D:\401385\zizi-1.5-5.6\markdown_files\mvp\MVPSuppo | 内容预览: 3. 文档维护与验证 > 3.2 验证环境

- **Modbus Slave**  
- **MVP 5.1.0 (2024-12-27)**...
2025-06-18 10:15:54,114 - INFO - vector_db_operations:_create_vector_db:312 - 入库文档块 197/599 | 标题: D:\401385\zizi-1.5-5.6\markdown_files\mvp\MVPSuppo | 内容预览: 知识库文档标准模板 > 文档标识

| 属性                | 内容                                                          ...
2025-06-18 10:15:54,238 - INFO - vector_db_operations:_create_vector_db:312 - 入库文档块 198/599 | 标题: D:\401385\zizi-1.5-5.6\markdown_files\mvp\MVPSuppo | 内容预览: 1. 问题症状描述

**典型场景**  
描述问题发生的典型场景和具体症状。...
2025-06-18 10:15:54,361 - INFO - vector_db_operations:_create_vector_db:312 - 入库文档块 199/599 | 标题: D:\401385\zizi-1.5-5.6\markdown_files\mvp\MVPSuppo | 内容预览: 2. 快速解决路径 > 🟢 初级解决方案（5分钟内）

- 步骤1：描述初级解决方案的第一步。  
- 步骤2：描述初级解决方案的第二步。...
2025-06-18 10:15:54,469 - INFO - vector_db_operations:_create_vector_db:312 - 入库文档块 200/599 | 标题: D:\401385\zizi-1.5-5.6\markdown_files\mvp\MVPSuppo | 内容预览: 2. 快速解决路径 > 🔴 高级解决方案（需工程师介入）

- 步骤1：描述高级解决方案的第一步。  
- 步骤2：描述高级解决方案的第二步。...
2025-06-18 10:18:07,577 - DEBUG - vector_db_operations:_create_vector_db:334 - 向量库初始化 | 批次: 2 | 文档数: 100
2025-06-18 10:18:07,625 - INFO - vector_db_operations:_create_vector_db:312 - 入库文档块 201/599 | 标题: D:\401385\zizi-1.5-5.6\markdown_files\mvp\MVPSuppo | 内容预览: 3. 根本原因分析 > ▸ 触发条件

- 条件1：描述触发问题的第一个条件。  
- 条件2：描述触发问题的第二个条件。...
2025-06-18 10:18:07,736 - INFO - vector_db_operations:_create_vector_db:312 - 入库文档块 202/599 | 标题: D:\401385\zizi-1.5-5.6\markdown_files\mvp\MVPSuppo | 内容预览: 4. 关联文档

- [文档1](URL1)：描述关联文档1的内容。  
- [文档2](URL2)：描述关联文档2的内容。...
2025-06-18 10:18:07,847 - INFO - vector_db_operations:_create_vector_db:312 - 入库文档块 203/599 | 标题: D:\401385\zizi-1.5-5.6\markdown_files\mvp\MVPSuppo | 内容预览: MVP软件下载与部署指南 > 文档标识

| 属性                | 内容                                                       ...
2025-06-18 10:18:07,938 - INFO - vector_db_operations:_create_vector_db:312 - 入库文档块 204/599 | 标题: D:\401385\zizi-1.5-5.6\markdown_files\mvp\MVPSuppo | 内容预览: 1. 软件下载与版本规范 > 1.1 算法平台软件版本下载方式 > 官网下载位置：

[MVP软件下载](https://www.irayple.com/cn/serviceSupport/downl...
2025-06-18 10:18:08,063 - INFO - vector_db_operations:_create_vector_db:312 - 入库文档块 205/599 | 标题: D:\401385\zizi-1.5-5.6\markdown_files\mvp\MVPSuppo | 内容预览: 1. 软件下载与版本规范 > 1.1 算法平台软件版本下载方式 > 试用版

MVP软件提供试用版，用户需要在官网申请试用或联系销售以获取试用资格。试用版可以使用一段时间。在正式购买时，软件本身是免费...
2025-06-18 10:18:08,189 - INFO - vector_db_operations:_create_vector_db:312 - 入库文档块 206/599 | 标题: D:\401385\zizi-1.5-5.6\markdown_files\mvp\MVPSuppo | 内容预览: 1. 软件下载与版本规范 > 1.1 算法平台软件版本下载方式 > 加密狗

联系销售或者花茶联系王平川。...
2025-06-18 10:18:08,299 - INFO - vector_db_operations:_create_vector_db:312 - 入库文档块 207/599 | 标题: D:\401385\zizi-1.5-5.6\markdown_files\mvp\MVPSuppo | 内容预览: 1. 软件下载与版本规范 > 1.1 算法平台软件版本下载方式 > 版本规范

1. **使用5系列**：新项目统一使用官网最新5.0.9之后的MVP5系列版本。  
2. **4系列不维护**：旧工...
2025-06-18 10:18:08,424 - INFO - vector_db_operations:_create_vector_db:312 - 入库文档块 208/599 | 标题: D:\401385\zizi-1.5-5.6\markdown_files\mvp\MVPSuppo | 内容预览: 1. 软件下载与版本规范 > 1.1 算法平台软件版本下载方式 > MVT深度学习训练平台

[MVT软件下载](https://www.irayple.com/cn/serviceSupport/d...
2025-06-18 10:18:08,579 - INFO - vector_db_operations:_create_vector_db:312 - 入库文档块 209/599 | 标题: D:\401385\zizi-1.5-5.6\markdown_files\mvp\MVPSuppo | 内容预览: 1. 软件下载与版本规范 > 1.2 软件部署 > 软件下载相关

安装时提示“检测到已安装程序，是否先卸载”，若想保留原版本的MVP，找到MVP的文件夹，整个文件夹复制粘贴一份即可；若不想保留原版，...
2025-06-18 10:18:08,719 - INFO - vector_db_operations:_create_vector_db:312 - 入库文档块 210/599 | 标题: D:\401385\zizi-1.5-5.6\markdown_files\mvp\MVPSuppo | 内容预览: 1. 软件下载与版本规范 > 1.2 软件部署 > 软件打开

若安装后显示无加密狗，在MVP文件夹下Drivers文件夹内，找到`SenseShieldDrivers`并安装。安装完成后获取相应权限...
2025-06-18 10:18:08,843 - INFO - vector_db_operations:_create_vector_db:312 - 入库文档块 211/599 | 标题: D:\401385\zizi-1.5-5.6\markdown_files\mvp\MVPSuppo | 内容预览: 1. 软件下载与版本规范 > 1.2 软件部署 > 安装MVP时提示“软件已安装”

首先查看是否有卸载残留，如果没有卸载残留，可能是电脑存在VC2005，此时需要卸载电脑上的VC2005，方可安装M...
2025-06-18 10:18:08,968 - INFO - vector_db_operations:_create_vector_db:312 - 入库文档块 212/599 | 标题: D:\401385\zizi-1.5-5.6\markdown_files\mvp\MVPSuppo | 内容预览: 1. 软件下载与版本规范 > 1.2 软件部署 > 安装MVP时，提示字体出现乱码

修改控制面板里区域语言设置成中文简体。...
2025-06-18 10:18:09,092 - INFO - vector_db_operations:_create_vector_db:312 - 入库文档块 213/599 | 标题: D:\401385\zizi-1.5-5.6\markdown_files\mvp\MVPSuppo | 内容预览: 1. 软件下载与版本规范 > 1.2 软件部署 > 安装提示"不能打开要写入的文件：C:\Program Files\IRayple\MVP\Application\win64\libeay32.dl...
2025-06-18 10:18:09,232 - INFO - vector_db_operations:_create_vector_db:312 - 入库文档块 214/599 | 标题: D:\401385\zizi-1.5-5.6\markdown_files\mvp\MVPSuppo | 内容预览: 1. 软件下载与版本规范 > 1.2 软件部署 > 安装时间等待很久，一直安装中

安装过程中，如果在95%左右时，安装卡住的话，则判断为系统的.net异常导致，此时有如下做法：  
1. **卡在系...
2025-06-18 10:18:09,372 - INFO - vector_db_operations:_create_vector_db:312 - 入库文档块 215/599 | 标题: D:\401385\zizi-1.5-5.6\markdown_files\mvp\MVPSuppo | 内容预览: MVP快速使用文档 > 文档标识

| 属性                | 内容                                                          ...
2025-06-18 10:18:09,497 - INFO - vector_db_operations:_create_vector_db:312 - 入库文档块 216/599 | 标题: D:\401385\zizi-1.5-5.6\markdown_files\mvp\MVPSuppo | 内容预览: 1. 软件下载与安装 > 1.1 软件下载

- 从[华睿科技官网](https://www.irayple.com/cn/serviceSupport/downloadCenter/18?p=17)...
2025-06-18 10:18:09,624 - INFO - vector_db_operations:_create_vector_db:312 - 入库文档块 217/599 | 标题: D:\401385\zizi-1.5-5.6\markdown_files\mvp\MVPSuppo | 内容预览: 1. 软件下载与安装 > 1.2 软件安装 > 操作步骤：

1. 解压下载的压缩包，双击软件安装包。  
2. 选择安装语言。  
3. 根据需要勾选安装选项和选择安装位置：  
- 网口相机：勾选...
2025-06-18 10:18:09,751 - INFO - vector_db_operations:_create_vector_db:312 - 入库文档块 218/599 | 标题: D:\401385\zizi-1.5-5.6\markdown_files\mvp\MVPSuppo | 内容预览: 1. 软件下载与安装 > 1.2 软件安装 > 常见问题：

- **问题1**：安装时提示“软件已安装”。  
- 解决方案：检查是否有卸载残留，或卸载电脑上的VC2005。  
- **问题2**...
2025-06-18 10:18:09,875 - INFO - vector_db_operations:_create_vector_db:312 - 入库文档块 219/599 | 标题: D:\401385\zizi-1.5-5.6\markdown_files\mvp\MVPSuppo | 内容预览: 2. 软件激活 > 2.1 授权方式

- **硬加密**：插上硬件加密狗即可。  
- **软加密**：通过深思加密软件进行激活。...
2025-06-18 10:18:09,999 - INFO - vector_db_operations:_create_vector_db:312 - 入库文档块 220/599 | 标题: D:\401385\zizi-1.5-5.6\markdown_files\mvp\MVPSuppo | 内容预览: 2. 软件激活 > 2.1 授权方式 > 软加密激活步骤：

1. 安装深思加密软件（路径：`C:\Program Files\IRayple\MVP\Drivers`）。  
2. 打开软件，点击“...
2025-06-18 10:18:10,138 - INFO - vector_db_operations:_create_vector_db:312 - 入库文档块 221/599 | 标题: D:\401385\zizi-1.5-5.6\markdown_files\mvp\MVPSuppo | 内容预览: 2. 软件激活 > 2.1 授权方式 > 离线激活步骤：

1. 在待授权电脑上生成离线绑定C2D文件。  
2. 在有网络的PC上兑换授权码。  
3. 导入C2D文件，生成D2C文件。  
4. ...
2025-06-18 10:18:10,260 - INFO - vector_db_operations:_create_vector_db:312 - 入库文档块 222/599 | 标题: D:\401385\zizi-1.5-5.6\markdown_files\mvp\MVPSuppo | 内容预览: 3. 开发模式 > 3.1 快速模式

- 拖拽算子工具搭建工程，自定义界面添加控件，无需代码编程。...
2025-06-18 10:18:10,381 - INFO - vector_db_operations:_create_vector_db:312 - 入库文档块 223/599 | 标题: D:\401385\zizi-1.5-5.6\markdown_files\mvp\MVPSuppo | 内容预览: 3. 开发模式 > 3.2 二次开发模式

- 基于MVP工程，采用QT/WinForm框架二次开发，接口简单易用，提供窗口控件。...
2025-06-18 10:18:10,507 - INFO - vector_db_operations:_create_vector_db:312 - 入库文档块 224/599 | 标题: D:\401385\zizi-1.5-5.6\markdown_files\mvp\MVPSuppo | 内容预览: 4. 示例工程与视频教程 > 4.1 示例工程

- 安装示例工程补丁包后，可在MVP中打开示例程序。...
2025-06-18 10:18:10,647 - INFO - vector_db_operations:_create_vector_db:312 - 入库文档块 225/599 | 标题: D:\401385\zizi-1.5-5.6\markdown_files\mvp\MVPSuppo | 内容预览: 4. 示例工程与视频教程 > 4.2 视频教程

- [官网视频教程](https://www.irayple.com/cn/serviceSupport/trainVideoDetail)：  
-...
2025-06-18 10:18:10,786 - INFO - vector_db_operations:_create_vector_db:312 - 入库文档块 226/599 | 标题: D:\401385\zizi-1.5-5.6\markdown_files\mvp\MVPSuppo | 内容预览: 5. 其他资料

- **MVP文档资料**：[百度网盘链接](https://pan.baidu.com/s/10oWdY-8YvYJEr0OCB84HJQ?pwd=ccmj)  
- **通讯相关...
2025-06-18 10:18:10,911 - INFO - vector_db_operations:_create_vector_db:312 - 入库文档块 227/599 | 标题: D:\401385\zizi-1.5-5.6\markdown_files\mvp\MVPSuppo | 内容预览: 问题转接与方案评估指南 > 文档标识

| 属性                | 内容                                                        ...
2025-06-18 10:18:11,051 - INFO - vector_db_operations:_create_vector_db:312 - 入库文档块 228/599 | 标题: D:\401385\zizi-1.5-5.6\markdown_files\mvp\MVPSuppo | 内容预览: 1. 问题转接与方案评估指南 > 1.1 目的

本指南旨在规范技术支持问题转接流程，明确各环节的责任与要求，提升团队工作效率，更好地支持区域技术支持团队和销售团队。我们希望通过这份指南，与区域技术支...
2025-06-18 10:18:11,190 - INFO - vector_db_operations:_create_vector_db:312 - 入库文档块 229/599 | 标题: D:\401385\zizi-1.5-5.6\markdown_files\mvp\MVPSuppo | 内容预览: 1. 问题转接与方案评估指南 > 1.2 转接准备

为了确保问题转接的高效性和准确性，区域技术支持团队在将问题转交给我们时，需要提供以下信息：...
2025-06-18 10:18:11,333 - INFO - vector_db_operations:_create_vector_db:312 - 入库文档块 230/599 | 标题: D:\401385\zizi-1.5-5.6\markdown_files\mvp\MVPSuppo | 内容预览: 1. 问题转接与方案评估指南 > 1.2 转接准备 > 1.2.1 转接问题必须告知的信息

- **问题描述**：详细描述问题的现状，包括出现频率和影响范围。  
- **需要的支持**：明确需要研...
2025-06-18 10:18:11,441 - INFO - vector_db_operations:_create_vector_db:312 - 入库文档块 231/599 | 标题: D:\401385\zizi-1.5-5.6\markdown_files\mvp\MVPSuppo | 内容预览: 1. 问题转接与方案评估指南 > 1.2 转接准备 > 1.2.2 已有信息同步

提供以下信息可以大大加快问题解决的进展：  
- **软件版本**：当前使用的软件版本。  
- **现场方案**：...
2025-06-18 10:18:11,565 - INFO - vector_db_operations:_create_vector_db:312 - 入库文档块 232/599 | 标题: D:\401385\zizi-1.5-5.6\markdown_files\mvp\MVPSuppo | 内容预览: 1. 问题转接与方案评估指南 > 1.3 方案评估准备

为了确保方案评估的高效性和准确性，销售团队在请求我们对现场项目进行评估时，需要提供以下信息：...
2025-06-18 10:18:11,704 - INFO - vector_db_operations:_create_vector_db:312 - 入库文档块 233/599 | 标题: D:\401385\zizi-1.5-5.6\markdown_files\mvp\MVPSuppo | 内容预览: 1. 问题转接与方案评估指南 > 1.3 方案评估准备 > 1.3.1 方案评估必须告知的信息

- **项目评审**：进行商务上的项目评审。了解项目的优先级和重要性。  
- **解决方案需求描述*...
2025-06-18 10:18:11,829 - INFO - vector_db_operations:_create_vector_db:312 - 入库文档块 234/599 | 标题: D:\401385\zizi-1.5-5.6\markdown_files\mvp\MVPSuppo | 内容预览: 1. 问题转接与方案评估指南 > 1.3 方案评估准备 > 1.3.2 能推进项目进程的信息

- **拍摄环境稳定性**：拍摄环境是否稳定。  
- **图片清晰度**：提供的图片是否清晰。  
-...
2025-06-18 10:18:11,969 - INFO - vector_db_operations:_create_vector_db:312 - 入库文档块 235/599 | 标题: D:\401385\zizi-1.5-5.6\markdown_files\mvp\MVPSuppo | 内容预览: 1. 问题转接与方案评估指南 > 1.4 结语

我们希望通过这份指南，与区域技术支持团队和销售团队建立更紧密的合作关系，共同为客户提供更优质的服务。我们相信，通过大家的共同努力，我们可以更高效地解决...
2025-06-18 10:18:12,124 - INFO - vector_db_operations:_create_vector_db:312 - 入库文档块 236/599 | 标题: D:\401385\zizi-1.5-5.6\markdown_files\mvp\MVPSuppo | 内容预览: 标定与测量的关系 > 文档标识

|属性|内容|  
|---|---|  
|文档标题|标定与测量的关系指南|  
|文档更新版本|v1.0 (2025-03-12)|  
|适用产品版本|MVP ...
2025-06-18 10:18:12,234 - INFO - vector_db_operations:_create_vector_db:312 - 入库文档块 237/599 | 标题: D:\401385\zizi-1.5-5.6\markdown_files\mvp\MVPSuppo | 内容预览: 1 问题描述

**典型场景**  
在机器视觉中，需要将图像中的信息与现实世界中的物体建立联系，这一过程称为 “标定”。标定的目的是通过已知的参考物（如标定板）来确定相机的参数，从而实现对图像中物体...
2025-06-18 10:18:12,360 - INFO - vector_db_operations:_create_vector_db:312 - 入库文档块 238/599 | 标题: D:\401385\zizi-1.5-5.6\markdown_files\mvp\MVPSuppo | 内容预览: 2 解决方案 > 2.1 标定方法 > 操作步骤：

1. 高精度棋盘格标定  
- 使用带有黑白方格的棋盘板，通过拍摄多个不同角度的棋盘格图像，提取出棋盘格的角点，计算相机的内外参数。  
2. N...
2025-06-18 10:18:12,486 - INFO - vector_db_operations:_create_vector_db:312 - 入库文档块 239/599 | 标题: D:\401385\zizi-1.5-5.6\markdown_files\mvp\MVPSuppo | 内容预览: 2 解决方案 > 2.2 测量方法 > 操作步骤：

1. 使用标定板对相机进行标定。  
2. 捕捉目标物体的图像。  
3. 通过图像处理技术识别出物体的边缘并提取其坐标数据。  
4. 根据标定...
2025-06-18 10:18:12,627 - INFO - vector_db_operations:_create_vector_db:312 - 入库文档块 240/599 | 标题: D:\401385\zizi-1.5-5.6\markdown_files\mvp\MVPSuppo | 内容预览: 3 根因分析 > 技术原理

|维度|说明|  
|---|---|  
|标定机制|通过已知参考物确定相机参数，建立图像与现实世界的映射关系|  
|测量原理|结合标定信息和图像处理技术，将图像中的...
2025-06-18 10:18:12,737 - INFO - vector_db_operations:_create_vector_db:312 - 入库文档块 241/599 | 标题: D:\401385\zizi-1.5-5.6\markdown_files\mvp\MVPSuppo | 内容预览: 4 小结

通过标定，我们能够建立图像与现实世界之间的映射关系，进而通过机器视觉实现物体的精确测量。无论是高精度棋盘格、N 点标定，还是手眼标定，各种方法都能帮助我们在不同的应用场景中完成标定任务，进...
2025-06-18 10:18:12,861 - INFO - vector_db_operations:_create_vector_db:312 - 入库文档块 242/599 | 标题: D:\401385\zizi-1.5-5.6\markdown_files\mvp\MVPSuppo | 内容预览: MVP标准采图流程搭建指南 > 文档标识

| 属性                | 内容                                                      ...
2025-06-18 10:18:12,999 - INFO - vector_db_operations:_create_vector_db:312 - 入库文档块 243/599 | 标题: D:\401385\zizi-1.5-5.6\markdown_files\mvp\MVPSuppo | 内容预览: 2 搭建流程 > 2.1 新建工程 > 操作步骤：

1. 打开 MVP 软件。  
2. 若存在已有工程，先保存后点击“新建工程”。  
3. 界面显示为初始工程界面。...
2025-06-18 10:18:13,123 - INFO - vector_db_operations:_create_vector_db:312 - 入库文档块 244/599 | 标题: D:\401385\zizi-1.5-5.6\markdown_files\mvp\MVPSuppo | 内容预览: 2 搭建流程 > 2.2 图像采集 > 操作步骤：

1. 在软件自带的图像采集区域找到“图像源算子”。  
2. 将“图像源算子”拖入中间灰色背景的工程作用区。...
2025-06-18 10:18:13,249 - INFO - vector_db_operations:_create_vector_db:312 - 入库文档块 245/599 | 标题: D:\401385\zizi-1.5-5.6\markdown_files\mvp\MVPSuppo | 内容预览: 2 搭建流程 > 2.3 设置仿真器 > 操作步骤：

1. 点击“图像源算子”。  
2. 在右下角设置界面确认图像源为“仿真器”。  
3. 将图像时间间隔设置为 100 毫秒。...
2025-06-18 10:18:13,373 - INFO - vector_db_operations:_create_vector_db:312 - 入库文档块 246/599 | 标题: D:\401385\zizi-1.5-5.6\markdown_files\mvp\MVPSuppo | 内容预览: 2 搭建流程 > 2.4 彩转灰放置与连线 > 操作步骤：

1. 点击图像处理模块，找到“彩色转灰度算子”。  
2. 将“彩色转灰度算子”放置在“图像源算子”下方。  
3. 进行连线，确保两个算...
2025-06-18 10:18:13,469 - INFO - vector_db_operations:_create_vector_db:312 - 入库文档块 247/599 | 标题: D:\401385\zizi-1.5-5.6\markdown_files\mvp\MVPSuppo | 内容预览: 2 搭建流程 > 2.5 图像输入 > 操作步骤：

1. 点击“彩色转灰度算子”。  
2. 在设置参数界面确认图像输入为“图像源1”。...
2025-06-18 10:18:13,594 - INFO - vector_db_operations:_create_vector_db:312 - 入库文档块 248/599 | 标题: D:\401385\zizi-1.5-5.6\markdown_files\mvp\MVPSuppo | 内容预览: 2 搭建流程 > 2.6 运行流程 > 操作步骤：

1. 点击主流程运行按钮，运行主流程一。  
2. 观察两个算子图像显示绿色，右侧出现图像，说明搭建成功。...
2025-06-18 10:18:13,735 - INFO - vector_db_operations:_create_vector_db:312 - 入库文档块 249/599 | 标题: D:\401385\zizi-1.5-5.6\markdown_files\mvp\MVPSuppo | 内容预览: 3 小结

通过以上步骤，您可以成功搭建 MVP 的标准采图流程。确保每个步骤操作正确，以实现图像采集与处理的顺利进行。如需进一步了解，请参考 MVP 算法平台的相关资料。...
2025-06-18 10:18:13,844 - INFO - vector_db_operations:_create_vector_db:312 - 入库文档块 250/599 | 标题: D:\401385\zizi-1.5-5.6\markdown_files\mvp\MVPSuppo | 内容预览: MVP变量命名原则与建议 > 文档标识

| 属性                | 内容                                                       ...
2025-06-18 10:18:13,921 - INFO - vector_db_operations:_create_vector_db:312 - 入库文档块 251/599 | 标题: D:\401385\zizi-1.5-5.6\markdown_files\mvp\MVPSuppo | 内容预览: 1 总体原则 > 1.1 避免默认命名

- 关键部分的变量名应避免使用默认或通用命名，确保其具有明确的描述性。...
2025-06-18 10:18:14,032 - INFO - vector_db_operations:_create_vector_db:312 - 入库文档块 252/599 | 标题: D:\401385\zizi-1.5-5.6\markdown_files\mvp\MVPSuppo | 内容预览: 1 总体原则 > 1.2 有意义且具描述性

- 变量名应准确反映数据含义和用途。避免使用单字母或无实际意义的字符组合作为变量名，除非其含义在局部代码块中非常明确（如循环计数变量 `i`、`j`、`k...
2025-06-18 10:18:14,172 - INFO - vector_db_operations:_create_vector_db:312 - 入库文档块 253/599 | 标题: D:\401385\zizi-1.5-5.6\markdown_files\mvp\MVPSuppo | 内容预览: 1 总体原则 > 1.3 使用英文单词及常用缩写

- 优先选择完整的英文单词，若单词过长，可采用行业内广泛认可的缩写形式。  
- 示例：  
- “信息”用 `info` 代替 `informat...
2025-06-18 10:18:14,298 - INFO - vector_db_operations:_create_vector_db:312 - 入库文档块 254/599 | 标题: D:\401385\zizi-1.5-5.6\markdown_files\mvp\MVPSuppo | 内容预览: 1 总体原则 > 1.4 合法合规性

- 变量名必须由字母（`A-Z`、`a-z`）、数字（`0-9`）和下划线（`_`）组成，首字符必须为字母或下划线，不能与编程语言的关键字冲突。  
- 示例：...
2025-06-18 10:18:14,439 - INFO - vector_db_operations:_create_vector_db:312 - 入库文档块 255/599 | 标题: D:\401385\zizi-1.5-5.6\markdown_files\mvp\MVPSuppo | 内容预览: 1 总体原则 > 1.5 一致性

- 保持统一的命名风格和约定，提高代码的可读性和可维护性。  
- 示例：如果选择帕斯卡命名法，所有变量都应采用这种方式。...
2025-06-18 10:18:14,563 - INFO - vector_db_operations:_create_vector_db:312 - 入库文档块 256/599 | 标题: D:\401385\zizi-1.5-5.6\markdown_files\mvp\MVPSuppo | 内容预览: 2 命名方法 > 2.1 帕斯卡命名法

- 每个单词首字母大写，单词之间紧密连接。  
- 示例：  
- `AngleValue`：表示角度的值。  
- `CircleArea`：用于存储圆的面...
2025-06-18 10:18:14,688 - INFO - vector_db_operations:_create_vector_db:312 - 入库文档块 257/599 | 标题: D:\401385\zizi-1.5-5.6\markdown_files\mvp\MVPSuppo | 内容预览: 3 流程图算子命名规范 > 3.1 算子命名原则

- 算子命名应明确且唯一，反映其功能目的。  
- 示例：  
- `计算角度和`：将多个角度相加。  
- `生成圆轮廓`：创建圆的轮廓图形。  ...
2025-06-18 10:18:14,812 - INFO - vector_db_operations:_create_vector_db:312 - 入库文档块 258/599 | 标题: D:\401385\zizi-1.5-5.6\markdown_files\mvp\MVPSuppo | 内容预览: 4 变量与算子关联命名 > 4.1 命名原则

- 与算子相关的变量命名应体现其与算子功能的紧密联系。  
- 示例：  
- 在 `计算角度和` 算子中，输入角度变量可命名为 `InputAngle...
2025-06-18 10:18:14,937 - INFO - vector_db_operations:_create_vector_db:312 - 入库文档块 259/599 | 标题: D:\401385\zizi-1.5-5.6\markdown_files\mvp\MVPSuppo | 内容预览: 5 小结

遵循以上变量命名原则与建议，可以有效提高代码的可读性、可维护性和一致性。无论是使用帕斯卡命名法还是为算子关联变量命名，都应确保命名清晰、明确且符合规范。如需进一步了解，请参考 MVP 算法...
2025-06-18 10:18:15,061 - INFO - vector_db_operations:_create_vector_db:312 - 入库文档块 260/599 | 标题: D:\401385\zizi-1.5-5.6\markdown_files\mvp\MVPSuppo | 内容预览: MVP十大场景示例指南 > 文档标识

| 属性                | 内容                                                        ...
2025-06-18 10:18:15,200 - INFO - vector_db_operations:_create_vector_db:312 - 入库文档块 261/599 | 标题: D:\401385\zizi-1.5-5.6\markdown_files\mvp\MVPSuppo | 内容预览: 1 经典场景 > 1.1 MVP与PLC通讯 > 场景背景

提升生产线自动化水平，要求通过软件系统实时监控生产线设备状态，并远程控制PLC实现自动化生产。MVP软件需与PLC实时通信，完成数据采集、...
2025-06-18 10:18:15,311 - INFO - vector_db_operations:_create_vector_db:312 - 入库文档块 262/599 | 标题: D:\401385\zizi-1.5-5.6\markdown_files\mvp\MVPSuppo | 内容预览: 1 经典场景 > 1.1 MVP与PLC通讯 > 系统组成

- **硬件设备**：支持Modbus、MC、Fins、Snap7等协议的PLC  
- **软件系统**：MVP软件  
- **数据库...
2025-06-18 10:18:15,436 - INFO - vector_db_operations:_create_vector_db:312 - 入库文档块 263/599 | 标题: D:\401385\zizi-1.5-5.6\markdown_files\mvp\MVPSuppo | 内容预览: 1 经典场景 > 1.1 MVP与PLC通讯 > 常见方案

通过Modbus、MC、Fins、Snap7等协议，给PLC发送相应的算法数据。...
2025-06-18 10:18:15,560 - INFO - vector_db_operations:_create_vector_db:312 - 入库文档块 264/599 | 标题: D:\401385\zizi-1.5-5.6\markdown_files\mvp\MVPSuppo | 内容预览: 1 经典场景 > 1.1 MVP与PLC通讯 > 核心功能

通过通讯模块的算子，给PLC发送算法处理结果等。...
2025-06-18 10:18:15,685 - INFO - vector_db_operations:_create_vector_db:312 - 入库文档块 265/599 | 标题: D:\401385\zizi-1.5-5.6\markdown_files\mvp\MVPSuppo | 内容预览: 1 经典场景 > 1.1 MVP与PLC通讯 > 流程

1. **初始化连接**：  
- 一般协议使用网络配置算子  
- 串口通讯使用串口配置  
- Snap7协议使用Snap7连接  
2....
2025-06-18 10:18:15,797 - INFO - vector_db_operations:_create_vector_db:312 - 入库文档块 266/599 | 标题: D:\401385\zizi-1.5-5.6\markdown_files\mvp\MVPSuppo | 内容预览: 1 经典场景 > 1.2 PLC报文启动相机拍照 > 场景描述

通过PLC报文启动相机拍照，适用于需要精确控制拍照时机的场景。...
2025-06-18 10:18:15,890 - INFO - vector_db_operations:_create_vector_db:312 - 入库文档块 267/599 | 标题: D:\401385\zizi-1.5-5.6\markdown_files\mvp\MVPSuppo | 内容预览: 1 经典场景 > 1.3 模板匹配定位发给下家 > 场景描述

通过模板匹配定位工件，并将结果发送给下家，适用于机械臂定位等场景。...
2025-06-18 10:18:15,985 - INFO - vector_db_operations:_create_vector_db:312 - 入库文档块 268/599 | 标题: D:\401385\zizi-1.5-5.6\markdown_files\mvp\MVPSuppo | 内容预览: 1 经典场景 > 1.3 模板匹配定位发给下家 > 数据流特征

- 输入：模板工件效果图、实时工件图  
- 输出：模板匹配中心位置...
2025-06-18 10:18:16,110 - INFO - vector_db_operations:_create_vector_db:312 - 入库文档块 269/599 | 标题: D:\401385\zizi-1.5-5.6\markdown_files\mvp\MVPSuppo | 内容预览: 1 经典场景 > 1.4 多目标匹配，循环模块依次检测 > 场景描述

对多个目标进行匹配，并循环检测，适用于需要多目标检测的场景。...
2025-06-18 10:18:16,220 - INFO - vector_db_operations:_create_vector_db:312 - 入库文档块 270/599 | 标题: D:\401385\zizi-1.5-5.6\markdown_files\mvp\MVPSuppo | 内容预览: 1 经典场景 > 1.5 标定 + 测量 获得现实尺寸 > 场景描述

通过标定和测量获得产品的现实尺寸，适用于需要精确测量的场景。...
2025-06-18 10:18:16,345 - INFO - vector_db_operations:_create_vector_db:312 - 入库文档块 271/599 | 标题: D:\401385\zizi-1.5-5.6\markdown_files\mvp\MVPSuppo | 内容预览: 1 经典场景 > 1.5 标定 + 测量 获得现实尺寸 > 数据流特征

- 输入：标定文件、图像  
- 输出：产品尺寸...
2025-06-18 10:18:16,471 - INFO - vector_db_operations:_create_vector_db:312 - 入库文档块 272/599 | 标题: D:\401385\zizi-1.5-5.6\markdown_files\mvp\MVPSuppo | 内容预览: 1 经典场景 > 1.6 字符识别 > 场景描述

通过字符识别技术识别字符，适用于需要字符识别的场景。...
2025-06-18 10:18:16,579 - INFO - vector_db_operations:_create_vector_db:312 - 入库文档块 273/599 | 标题: D:\401385\zizi-1.5-5.6\markdown_files\mvp\MVPSuppo | 内容预览: 1 经典场景 > 1.6 字符识别 > 硬件要求

- 深度学习：带有显卡的工控机（训练） + 正常工控机（推理）...
2025-06-18 10:18:16,671 - INFO - vector_db_operations:_create_vector_db:312 - 入库文档块 274/599 | 标题: D:\401385\zizi-1.5-5.6\markdown_files\mvp\MVPSuppo | 内容预览: 1 经典场景 > 1.6 字符识别 > 数据流特征

- 生产前：字符训练集  
- 生产中：字符识别  
- 输出：识别结果...
2025-06-18 10:18:16,783 - INFO - vector_db_operations:_create_vector_db:312 - 入库文档块 275/599 | 标题: D:\401385\zizi-1.5-5.6\markdown_files\mvp\MVPSuppo | 内容预览: 1 经典场景 > 1.7 深度学习检测 > 场景描述

通过深度学习技术检测产品，适用于检测药盒、包装盒等场景。...
2025-06-18 10:18:16,894 - INFO - vector_db_operations:_create_vector_db:312 - 入库文档块 276/599 | 标题: D:\401385\zizi-1.5-5.6\markdown_files\mvp\MVPSuppo | 内容预览: 1 经典场景 > 1.7 深度学习检测 > 硬件要求

- 带有显卡的工控机（训练） + 正常工控机（推理）...
2025-06-18 10:18:17,036 - INFO - vector_db_operations:_create_vector_db:312 - 入库文档块 277/599 | 标题: D:\401385\zizi-1.5-5.6\markdown_files\mvp\MVPSuppo | 内容预览: 1 经典场景 > 1.7 深度学习检测 > 数据流特征

- 生产前：字符训练集  
- 生产中：深度学习检测  
- 输出：检测结果...
2025-06-18 10:18:17,160 - INFO - vector_db_operations:_create_vector_db:312 - 入库文档块 278/599 | 标题: D:\401385\zizi-1.5-5.6\markdown_files\mvp\MVPSuppo | 内容预览: 1 经典场景 > 1.8 机械臂定位抓取纠偏 > 场景描述

通过机械臂定位抓取并纠偏，适用于手机膜定位抓取、产品盖板定位等场景。...
2025-06-18 10:18:17,286 - INFO - vector_db_operations:_create_vector_db:312 - 入库文档块 279/599 | 标题: D:\401385\zizi-1.5-5.6\markdown_files\mvp\MVPSuppo | 内容预览: 1 经典场景 > 1.8 机械臂定位抓取纠偏 > 核心算法

- 九点标定  
- 报文发送  
- 纠偏...
2025-06-18 10:18:17,397 - INFO - vector_db_operations:_create_vector_db:312 - 入库文档块 280/599 | 标题: D:\401385\zizi-1.5-5.6\markdown_files\mvp\MVPSuppo | 内容预览: 1 经典场景 > 1.8 机械臂定位抓取纠偏 > 关键流程

- 使用九点标定锁定机械臂坐标  
- 定位发送标定转换后坐标  
- 机械臂纠偏...
2025-06-18 10:18:17,520 - INFO - vector_db_operations:_create_vector_db:312 - 入库文档块 281/599 | 标题: D:\401385\zizi-1.5-5.6\markdown_files\mvp\MVPSuppo | 内容预览: 1 经典场景 > 1.8 机械臂定位抓取纠偏 > 硬件要求

- 机械臂（需要确认机械臂旋转轴以及构造是否适合九点标定）...
2025-06-18 10:18:17,642 - INFO - vector_db_operations:_create_vector_db:312 - 入库文档块 282/599 | 标题: D:\401385\zizi-1.5-5.6\markdown_files\mvp\MVPSuppo | 内容预览: 1 经典场景 > 1.9 多二维码分个读取，读出显示绿色，失败的显示红色 > 场景描述

通过MVP软件读取多个二维码，并将读取成功的二维码标记为绿色，失败的标记为红色，适用于需要批量读取二维码的场景...
2025-06-18 10:18:17,750 - INFO - vector_db_operations:_create_vector_db:312 - 入库文档块 283/599 | 标题: D:\401385\zizi-1.5-5.6\markdown_files\mvp\MVPSuppo | 内容预览: 1 经典场景 > 1.9 多二维码分个读取，读出显示绿色，失败的显示红色 > 核心算法

- 二维码识别  
- 逻辑判断...
2025-06-18 10:18:17,889 - INFO - vector_db_operations:_create_vector_db:312 - 入库文档块 284/599 | 标题: D:\401385\zizi-1.5-5.6\markdown_files\mvp\MVPSuppo | 内容预览: 1 经典场景 > 1.9 多二维码分个读取，读出显示绿色，失败的显示红色 > 数据流特征

- 输入：多个二维码图像  
- 输出：读取结果（成功或失败）...
2025-06-18 10:18:18,016 - INFO - vector_db_operations:_create_vector_db:312 - 入库文档块 285/599 | 标题: D:\401385\zizi-1.5-5.6\markdown_files\mvp\MVPSuppo | 内容预览: 1 经典场景 > 1.9 多二维码分个读取，读出显示绿色，失败的显示红色 > 方案人员

技术工程师...
2025-06-18 10:18:18,125 - INFO - vector_db_operations:_create_vector_db:312 - 入库文档块 286/599 | 标题: D:\401385\zizi-1.5-5.6\markdown_files\mvp\MVPSuppo | 内容预览: 1 经典场景 > 1.10 MVP-HTTP通讯 > 场景描述

通过HTTP协议实现MVP软件与其他系统的数据交互，适用于需要远程数据传输的场景。...
2025-06-18 10:18:18,234 - INFO - vector_db_operations:_create_vector_db:312 - 入库文档块 287/599 | 标题: D:\401385\zizi-1.5-5.6\markdown_files\mvp\MVPSuppo | 内容预览: 1 经典场景 > 1.10 MVP-HTTP通讯 > 数据流特征

- 输入：HTTP请求数据  
- 输出：HTTP响应数据...
2025-06-18 10:18:18,326 - INFO - vector_db_operations:_create_vector_db:312 - 入库文档块 288/599 | 标题: D:\401385\zizi-1.5-5.6\markdown_files\mvp\MVPSuppo | 内容预览: 2 细分场景 > 2.1 多模板匹配取最适合的模板 > 场景描述

通过多模板匹配选择最适合的模板，适用于需要多模板匹配的场景。...
2025-06-18 10:18:18,465 - INFO - vector_db_operations:_create_vector_db:312 - 入库文档块 289/599 | 标题: D:\401385\zizi-1.5-5.6\markdown_files\mvp\MVPSuppo | 内容预览: 2 细分场景 > 2.2 动态计数排除掉重复工件 > 场景描述

通过动态计数排除重复工件，适用于需要精确计数的场景。...
2025-06-18 10:18:18,620 - INFO - vector_db_operations:_create_vector_db:312 - 入库文档块 290/599 | 标题: D:\401385\zizi-1.5-5.6\markdown_files\mvp\MVPSuppo | 内容预览: 2 细分场景 > 2.3 Modbus传送带检测踢掉、并延时踢 > 场景描述

通过Modbus控制传送带检测并延时踢掉不合格工件，适用于需要检测并踢掉不合格工件的场景。...
2025-06-18 10:18:18,746 - INFO - vector_db_operations:_create_vector_db:312 - 入库文档块 291/599 | 标题: D:\401385\zizi-1.5-5.6\markdown_files\mvp\MVPSuppo | 内容预览: 2 细分场景 > 2.3 Modbus传送带检测踢掉、并延时踢 > 核心算法

- 拍照  
- 斑点检测  
- 斑点...
2025-06-18 10:18:18,873 - INFO - vector_db_operations:_create_vector_db:312 - 入库文档块 292/599 | 标题: D:\401385\zizi-1.5-5.6\markdown_files\mvp\MVPSuppo | 内容预览: 2 细分场景 > 2.3 Modbus传送带检测踢掉、并延时踢 > 关键流程

- 检测到不合格的延时两秒后踢掉...
2025-06-18 10:18:18,981 - INFO - vector_db_operations:_create_vector_db:312 - 入库文档块 293/599 | 标题: D:\401385\zizi-1.5-5.6\markdown_files\mvp\MVPSuppo | 内容预览: 2 细分场景 > 2.3 Modbus传送带检测踢掉、并延时踢 > 硬件要求

- PLC  
- 华睿相机（或其他适用于MVP中相机IO的相机）...
2025-06-18 10:18:19,105 - INFO - vector_db_operations:_create_vector_db:312 - 入库文档块 294/599 | 标题: D:\401385\zizi-1.5-5.6\markdown_files\mvp\MVPSuppo | 内容预览: 3 场景待办

- **创建统一的每个场景格式，并填入信息**：确保每个场景的描述、核心算法、硬件要求等字段完整。  
- **加上场景实体搭建图**：为每个场景添加实体搭建图，便于理解。  
- *...
2025-06-18 10:18:19,247 - INFO - vector_db_operations:_create_vector_db:312 - 入库文档块 295/599 | 标题: D:\401385\zizi-1.5-5.6\markdown_files\mvp\MVPSuppo | 内容预览: 4 小结

MVP软件在多种场景中展现了其强大的功能，从PLC通讯到深度学习检测，再到机械臂定位抓取，MVP能够满足不同行业的需求。通过规范化的场景描述和流程设计，可以更好地发挥MVP的潜力，提升生产...
2025-06-18 10:18:19,385 - INFO - vector_db_operations:_create_vector_db:312 - 入库文档块 296/599 | 标题: D:\401385\zizi-1.5-5.6\markdown_files\mvp\MVPSuppo | 内容预览: MVP算子拖放失败排查指南 > 文档标识

| 属性                | 内容                                                      ...
2025-06-18 10:18:19,477 - INFO - vector_db_operations:_create_vector_db:312 - 入库文档块 297/599 | 标题: D:\401385\zizi-1.5-5.6\markdown_files\mvp\MVPSuppo | 内容预览: 1. 问题描述

**典型场景**  
MVP算子拖放失败，常表现为无法将算子或模块拖放到工作区中。  
**异常现象**  
- 算子无法拖放到工作区  
- 模块无法拖放到工作区  
- 模板匹配...
2025-06-18 10:18:19,600 - INFO - vector_db_operations:_create_vector_db:312 - 入库文档块 298/599 | 标题: D:\401385\zizi-1.5-5.6\markdown_files\mvp\MVPSuppo | 内容预览: 2. 解决方案 > 2.1 重启/重装MVP > 操作步骤：

1. 关闭MVP软件  
2. 重新启动MVP软件  
3. 如果问题仍然存在，尝试卸载并重新安装MVP软件...
2025-06-18 10:18:19,711 - INFO - vector_db_operations:_create_vector_db:312 - 入库文档块 299/599 | 标题: D:\401385\zizi-1.5-5.6\markdown_files\mvp\MVPSuppo | 内容预览: 2. 解决方案 > 2.2 检查环境变量设置 > 操作步骤：

1. 访问系统环境变量配置  
- Windows系统路径：`控制面板 > 系统与安全 > 系统 > 高级系统设置 > 环境变量`  
...
2025-06-18 10:18:19,834 - INFO - vector_db_operations:_create_vector_db:312 - 入库文档块 300/599 | 标题: D:\401385\zizi-1.5-5.6\markdown_files\mvp\MVPSuppo | 内容预览: 2. 解决方案 > 2.3 检查并安装缺失的库文件 > 操作步骤：

1. 检查系统中已安装的Windows C++库文件  
2. 安装缺失的库文件  
- Microsoft Visual C++...
2025-06-18 10:20:35,516 - DEBUG - vector_db_operations:_create_vector_db:334 - 向量库初始化 | 批次: 3 | 文档数: 100
2025-06-18 10:20:35,593 - INFO - vector_db_operations:_create_vector_db:312 - 入库文档块 301/599 | 标题: D:\401385\zizi-1.5-5.6\markdown_files\mvp\MVPSuppo | 内容预览: 3. 根因分析 > 技术原理

| 维度         | 说明                                                                 | ...
2025-06-18 10:20:35,688 - INFO - vector_db_operations:_create_vector_db:312 - 入库文档块 302/599 | 标题: D:\401385\zizi-1.5-5.6\markdown_files\mvp\MVPSuppo | 内容预览: 工程运行导致工控机重启问题排查与解决 > 文档标识

| 属性                | 内容                                                 ...
2025-06-18 10:20:35,815 - INFO - vector_db_operations:_create_vector_db:312 - 入库文档块 303/599 | 标题: D:\401385\zizi-1.5-5.6\markdown_files\mvp\MVPSuppo | 内容预览: 1. 问题症状描述

**典型场景**  
当用户运行工程任务时，工控机会出现无故重启的现象。  
**异常现象**  
- 无明确错误提示，系统直接重启。  
- 任务管理器（Task Manage...
2025-06-18 10:20:35,923 - INFO - vector_db_operations:_create_vector_db:312 - 入库文档块 304/599 | 标题: D:\401385\zizi-1.5-5.6\markdown_files\mvp\MVPSuppo | 内容预览: 2. 快速解决路径 > 2.1 初级解决方案（5分钟内） > 操作步骤：

1. 检查任务管理器（Task Manager）中的CPU和内存使用情况。  
- 打开任务管理器：`Ctrl + Shif...
2025-06-18 10:20:36,035 - INFO - vector_db_operations:_create_vector_db:312 - 入库文档块 305/599 | 标题: D:\401385\zizi-1.5-5.6\markdown_files\mvp\MVPSuppo | 内容预览: 2. 快速解决路径 > 2.2 高级解决方案（需工程师介入） > 操作步骤：

1. 联系现场进行工控机硬件升级。...
2025-06-18 10:20:36,160 - INFO - vector_db_operations:_create_vector_db:312 - 入库文档块 306/599 | 标题: D:\401385\zizi-1.5-5.6\markdown_files\mvp\MVPSuppo | 内容预览: 3. 根本原因分析 > 技术原理

| 维度         | 说明                                                                 ...
2025-06-18 10:20:36,240 - INFO - vector_db_operations:_create_vector_db:312 - 入库文档块 307/599 | 标题: D:\401385\zizi-1.5-5.6\markdown_files\mvp\MVPSuppo | 内容预览: 大华维修站MVP工程使用手册与常见问题 > 文档标识...
2025-06-18 10:20:36,350 - INFO - vector_db_operations:_create_vector_db:312 - 入库文档块 308/599 | 标题: D:\401385\zizi-1.5-5.6\markdown_files\mvp\MVPSuppo | 内容预览: 

| 属性                | 内容                                                                 |  
|----...
2025-06-18 10:20:36,476 - INFO - vector_db_operations:_create_vector_db:312 - 入库文档块 309/599 | 标题: D:\401385\zizi-1.5-5.6\markdown_files\mvp\MVPSuppo | 内容预览: 1. 必须资源（2025.2.28 更新）

- 最新维修站工程：`大华维修站工程(彩色相机+读码水印).zip`  
- 最新MVP版本资源：`【维修站特供版】MVP_win64_V4.1.0_Pr...
2025-06-18 10:20:36,571 - INFO - vector_db_operations:_create_vector_db:312 - 入库文档块 310/599 | 标题: D:\401385\zizi-1.5-5.6\markdown_files\mvp\MVPSuppo | 内容预览: 2. 部署描述 > 操作步骤：

1. 下载MVP新版本。  
2. 打开新工程文件前，将三个库文件放置到指定位置：  
- 两个库文件放入`C#dll`库文件夹。  
- 根目录的一个库文件暂时无需...
2025-06-18 10:20:36,665 - INFO - vector_db_operations:_create_vector_db:312 - 入库文档块 311/599 | 标题: D:\401385\zizi-1.5-5.6\markdown_files\mvp\MVPSuppo | 内容预览: 3. 常见问题 > 3.1 没有心跳 > 解决方法：

1. 排查网络连接是否正常，尝试访问以下网址：  
- `http://10.1.109.45:8086/repaircore/hrWorkOr...
2025-06-18 10:20:36,760 - INFO - vector_db_operations:_create_vector_db:312 - 入库文档块 312/599 | 标题: D:\401385\zizi-1.5-5.6\markdown_files\mvp\MVPSuppo | 内容预览: 3. 常见问题 > 3.2 打开工程报“当前工程有参数连线丢失，请检查工程” > 解决方法：

1. 重新查看本文档第二章部署描述，确认每一步都已正确执行。  
2. 若问题仍存在，请在群内反馈。...
2025-06-18 10:20:36,886 - INFO - vector_db_operations:_create_vector_db:312 - 入库文档块 313/599 | 标题: D:\401385\zizi-1.5-5.6\markdown_files\mvp\MVPSuppo | 内容预览: 3. 常见问题 > 3.3 MVP频繁存在闪退现象 > 解决方法：

1. 替换软件根目录的`VisionToolCommunication64.dll`库文件，并重启软件与工程。  
2. 若问题仍...
2025-06-18 10:20:36,995 - INFO - vector_db_operations:_create_vector_db:312 - 入库文档块 314/599 | 标题: D:\401385\zizi-1.5-5.6\markdown_files\mvp\MVPSuppo | 内容预览: 3. 常见问题 > 3.4 软件运行一段时间占用硬盘容量过大（常伴随频繁闪退现象） > 解决方法：

1. 打开软件根目录（可通过右键桌面图标打开）。  
2. 查看根目录中是否有`DUMP`开头的文...
2025-06-18 10:20:37,121 - INFO - vector_db_operations:_create_vector_db:312 - 入库文档块 315/599 | 标题: D:\401385\zizi-1.5-5.6\markdown_files\mvp\MVPSuppo | 内容预览: 3. 常见问题 > 3.5 有心跳有相机，但是网络上传不了图 > 解决方法：

1. 多为网络权限问题，联系夏润杰申请权限。  
2. 权限申请链接：[原文链接](https://blog.csdn....
2025-06-18 10:20:37,231 - INFO - vector_db_operations:_create_vector_db:312 - 入库文档块 316/599 | 标题: D:\401385\zizi-1.5-5.6\markdown_files\mvp\MVPSuppo | 内容预览: 环境信息收集指南 > 文档标识

| 属性                | 内容                                                           ...
2025-06-18 10:20:37,325 - INFO - vector_db_operations:_create_vector_db:312 - 入库文档块 317/599 | 标题: D:\401385\zizi-1.5-5.6\markdown_files\mvp\MVPSuppo | 内容预览: 1. 信息收集步骤 > 1.1 MVP版本信息 > 操作步骤：

1. 打开MVP软件  
2. 点击菜单栏中的“帮助”  
3. 选择“关于”选项  
4. 记录显示的MVP版本信息...
2025-06-18 10:20:37,437 - INFO - vector_db_operations:_create_vector_db:312 - 入库文档块 318/599 | 标题: D:\401385\zizi-1.5-5.6\markdown_files\mvp\MVPSuppo | 内容预览: 1. 信息收集步骤 > 1.2 操作系统信息 > 操作步骤：

1. 右键点击“此电脑”或“我的电脑”  
2. 选择“属性”  
3. 记录显示的操作系统版本和系统类型（32位或64位）...
2025-06-18 10:20:37,516 - INFO - vector_db_operations:_create_vector_db:312 - 入库文档块 319/599 | 标题: D:\401385\zizi-1.5-5.6\markdown_files\mvp\MVPSuppo | 内容预览: 1. 信息收集步骤 > 1.3 MVP及MV日志收集 > 操作步骤：

1. 右键点击桌面上的MVP快捷方式  
2. 选择“打开文件所在的位置”  
3. 定位到日志文件夹（默认路径：`C:\Pro...
2025-06-18 10:20:37,644 - INFO - vector_db_operations:_create_vector_db:312 - 入库文档块 320/599 | 标题: D:\401385\zizi-1.5-5.6\markdown_files\mvp\MVPSuppo | 内容预览: 1. 信息收集步骤 > 1.3 MVP及MV日志收集 > 日志路径：

- **MVP日志**：`C:\Program Files\IRayple\MVP\Application\win64\Log`...
2025-06-18 10:20:37,722 - INFO - vector_db_operations:_create_vector_db:312 - 入库文档块 321/599 | 标题: D:\401385\zizi-1.5-5.6\markdown_files\mvp\MVPSuppo | 内容预览: 1. 信息收集步骤 > 1.4 dump文件收集 > 操作步骤：

1. 在MVP安装目录下查找生成的dump文件  
2. 默认路径：`C:\Program Files\IRayple\MVP\Ap...
2025-06-18 10:20:37,848 - INFO - vector_db_operations:_create_vector_db:312 - 入库文档块 322/599 | 标题: D:\401385\zizi-1.5-5.6\markdown_files\mvp\MVPSuppo | 内容预览: 2. 注意事项

- **日志策略修改**：如需更改日志打印策略，可在`C:\Program Files\IRayple\MVP\Application\win64`路径下修改配置文件  
- **d...
2025-06-18 10:20:37,975 - INFO - vector_db_operations:_create_vector_db:312 - 入库文档块 323/599 | 标题: D:\401385\zizi-1.5-5.6\markdown_files\mvp\MVPSuppo | 内容预览: 加密狗规格型号与功能对照表 > 文档标识

| 属性                | 内容                                                      ...
2025-06-18 10:20:38,102 - INFO - vector_db_operations:_create_vector_db:312 - 入库文档块 324/599 | 标题: D:\401385\zizi-1.5-5.6\markdown_files\mvp\MVPSuppo | 内容预览: 1. 加密狗规格型号与功能对照...
2025-06-18 10:20:38,182 - INFO - vector_db_operations:_create_vector_db:312 - 入库文档块 325/599 | 标题: D:\401385\zizi-1.5-5.6\markdown_files\mvp\MVPSuppo | 内容预览: 

| 规格型号            | 物料中文名称描述                              | 物料英文名称描述                              ...
2025-06-18 10:20:38,246 - INFO - vector_db_operations:_create_vector_db:312 - 入库文档块 326/599 | 标题: D:\401385\zizi-1.5-5.6\markdown_files\mvp\MVPSuppo | 内容预览: 2. 加密狗功能说明 > 2.1 深度学习功能支持情况

| 加密狗版本 | 功能支持说明                                                       ...
2025-06-18 10:20:38,355 - INFO - vector_db_operations:_create_vector_db:312 - 入库文档块 327/599 | 标题: D:\401385\zizi-1.5-5.6\markdown_files\mvp\MVPSuppo | 内容预览: 2. 加密狗功能说明 > 2.2 其他功能说明

- **训练与推理**：部分加密狗支持深度学习训练和推理功能，具体支持情况请参考上表。  
- **读码功能**：部分加密狗支持读码功能，适用于需要读...
2025-06-18 10:20:38,497 - INFO - vector_db_operations:_create_vector_db:312 - 入库文档块 328/599 | 标题: D:\401385\zizi-1.5-5.6\markdown_files\mvp\MVPSuppo | 内容预览: 3. 注意事项

- **功能限制**：请根据实际需求选择合适的加密狗版本，确保所需功能得到支持。  
- **版本兼容性**：确保加密狗版本与MVP软件版本兼容，以避免功能异常或无法使用的情况。  ...
2025-06-18 10:20:38,576 - INFO - vector_db_operations:_create_vector_db:312 - 入库文档块 329/599 | 标题: D:\401385\zizi-1.5-5.6\markdown_files\mvp\MVPSuppo | 内容预览: 加密狗授权使用指南 > 文档标识

| 属性                | 内容                                                          ...
2025-06-18 10:20:38,686 - INFO - vector_db_operations:_create_vector_db:312 - 入库文档块 330/599 | 标题: D:\401385\zizi-1.5-5.6\markdown_files\mvp\MVPSuppo | 内容预览: 1. 加密狗授权方式 > 1.1 硬加密授权 > 操作步骤：

1. 插入硬件加密狗（确保加密狗在有效期内）  
2. 启动MVP软件，系统会自动识别加密狗并完成授权  
3. **注意**：若加密狗...
2025-06-18 10:20:38,798 - INFO - vector_db_operations:_create_vector_db:312 - 入库文档块 331/599 | 标题: D:\401385\zizi-1.5-5.6\markdown_files\mvp\MVPSuppo | 内容预览: 1. 加密狗授权方式 > 1.2 软加密授权 > 1.2.1 在线授权

#### 操作步骤：  
1. 安装深思加密软件  
- 安装路径：`C:\Program Files\IRayple\MVP...
2025-06-18 10:20:38,875 - INFO - vector_db_operations:_create_vector_db:312 - 入库文档块 332/599 | 标题: D:\401385\zizi-1.5-5.6\markdown_files\mvp\MVPSuppo | 内容预览: 1. 加密狗授权方式 > 1.2 软加密授权 > 1.2.2 离线授权

#### 操作步骤：  
1. 生成离线绑定C2D文件  
2. 在有网络的PC上访问授权码兑换网页  
- 输入授权码及验证...
2025-06-18 10:20:38,970 - INFO - vector_db_operations:_create_vector_db:312 - 入库文档块 333/599 | 标题: D:\401385\zizi-1.5-5.6\markdown_files\mvp\MVPSuppo | 内容预览: 2. 常见问题解答（FAQ） > 2.1 加密狗授权失败

- **可能原因**：  
- 加密狗未正确插入  
- 加密狗已过期  
- 授权码输入错误  
- **解决方案**：  
- 检查加密...
2025-06-18 10:20:39,080 - INFO - vector_db_operations:_create_vector_db:312 - 入库文档块 334/599 | 标题: D:\401385\zizi-1.5-5.6\markdown_files\mvp\MVPSuppo | 内容预览: 2. 常见问题解答（FAQ） > 2.2 软加密授权无法激活

- **可能原因**：  
- 深思加密软件未正确安装  
- 网络连接异常  
- **解决方案**：  
- 重新安装深思加密软件 ...
2025-06-18 10:20:39,159 - INFO - vector_db_operations:_create_vector_db:312 - 入库文档块 335/599 | 标题: D:\401385\zizi-1.5-5.6\markdown_files\mvp\MVPSuppo | 内容预览: 2. 常见问题解答（FAQ） > 2.3 离线授权文件生成失败

- **可能原因**：  
- C2D文件生成步骤错误  
- 授权码兑换网页访问异常  
- **解决方案**：  
- 重新生成C...
2025-06-18 10:20:39,285 - INFO - vector_db_operations:_create_vector_db:312 - 入库文档块 336/599 | 标题: D:\401385\zizi-1.5-5.6\markdown_files\mvp\MVPSuppo | 内容预览: 3. 注意事项

- **加密狗有效期**：确保加密狗在有效期内使用，过期需及时更换或重新授权  
- **授权码保管**：妥善保管授权码，避免泄露或丢失  
- **网络环境**：在线授权需确保网络...
2025-06-18 10:20:39,392 - INFO - vector_db_operations:_create_vector_db:312 - 入库文档块 337/599 | 标题: D:\401385\zizi-1.5-5.6\markdown_files\mvp\MVPSuppo | 内容预览: 加密狗FAQ文档 > 文档标识

| 属性                | 内容                                                           ...
2025-06-18 10:20:39,517 - INFO - vector_db_operations:_create_vector_db:312 - 入库文档块 338/599 | 标题: D:\401385\zizi-1.5-5.6\markdown_files\mvp\MVPSuppo | 内容预览: 1. 深思加密相关问题 > 1.1 无加密狗问题 > 1.1.1 验证驱动安装

- **问题现象**：  
- MVP软件启动提示无加密狗  
- 算法包调用算法接口返回-1305  
- **解决...
2025-06-18 10:20:39,626 - INFO - vector_db_operations:_create_vector_db:312 - 入库文档块 339/599 | 标题: D:\401385\zizi-1.5-5.6\markdown_files\mvp\MVPSuppo | 内容预览: 1. 深思加密相关问题 > 1.1 无加密狗问题 > 1.1.2 验证Virbox服务状态

- **问题现象**：  
- Virbox用户工具提示“SS服务器未启动，核心功能不可用！”  
- *...
2025-06-18 10:20:39,767 - INFO - vector_db_operations:_create_vector_db:312 - 入库文档块 340/599 | 标题: D:\401385\zizi-1.5-5.6\markdown_files\mvp\MVPSuppo | 内容预览: 1. 深思加密相关问题 > 1.1 无加密狗问题 > 1.1.3 验证绑定授权码状态

- **问题现象**：  
- 未绑定授权码或授权码到期  
- **解决方案**：  
1. 检查是否已绑定授...
2025-06-18 10:20:39,890 - INFO - vector_db_operations:_create_vector_db:312 - 入库文档块 341/599 | 标题: D:\401385\zizi-1.5-5.6\markdown_files\mvp\MVPSuppo | 内容预览: 1. 深思加密相关问题 > 1.1 无加密狗问题 > 1.1.4 验证硬件锁状态

- **问题现象**：  
- 硬件锁无法识别  
- **解决方案**：  
1. 检查设备管理器是否识别到硬件锁...
2025-06-18 10:20:40,000 - INFO - vector_db_operations:_create_vector_db:312 - 入库文档块 342/599 | 标题: D:\401385\zizi-1.5-5.6\markdown_files\mvp\MVPSuppo | 内容预览: 1. 深思加密相关问题 > 1.1 无加密狗问题 > 1.1.5 特殊情况

- **问题现象**：  
- 天准用户使用不同版本Virbox用户工具导致兼容性问题  
- **解决方案**：  
1...
2025-06-18 10:20:40,125 - INFO - vector_db_operations:_create_vector_db:312 - 入库文档块 343/599 | 标题: D:\401385\zizi-1.5-5.6\markdown_files\mvp\MVPSuppo | 内容预览: 1. 深思加密相关问题 > 1.2 授权问题 > 1.2.1 授权码网页兑换页面显示异常

- **解决方案**：  
- 使用谷歌浏览器进行兑换...
2025-06-18 10:20:40,205 - INFO - vector_db_operations:_create_vector_db:312 - 入库文档块 344/599 | 标题: D:\401385\zizi-1.5-5.6\markdown_files\mvp\MVPSuppo | 内容预览: 1. 深思加密相关问题 > 1.2 授权问题 > 1.2.2 C2D文件过期

- **解决方案**：  
1. 生成C2D文件时，确保设备时间为当前实际时间  
2. 默认C2D/D2C文件有效期为...
2025-06-18 10:20:40,314 - INFO - vector_db_operations:_create_vector_db:312 - 入库文档块 345/599 | 标题: D:\401385\zizi-1.5-5.6\markdown_files\mvp\MVPSuppo | 内容预览: 1. 深思加密相关问题 > 1.2 授权问题 > 1.2.3 授权码绑定到达上限

- **解决方案**：  
1. 试用授权码模板已更新为不限制绑定设备数  
2. 若为旧模板，联系开发人员修改绑定...
2025-06-18 10:20:40,392 - INFO - vector_db_operations:_create_vector_db:312 - 入库文档块 346/599 | 标题: D:\401385\zizi-1.5-5.6\markdown_files\mvp\MVPSuppo | 内容预览: 1. 深思加密相关问题 > 1.3 Virbox用户工具问题 > 1.3.1 服务默认未启动

- **解决方案**：  
1. 在任务管理器中，将Sense Shield Service启动类型设置...
2025-06-18 10:20:40,470 - INFO - vector_db_operations:_create_vector_db:312 - 入库文档块 347/599 | 标题: D:\401385\zizi-1.5-5.6\markdown_files\mvp\MVPSuppo | 内容预览: 1. 深思加密相关问题 > 1.3 Virbox用户工具问题 > 1.3.2 定时加密狗崩溃

- **解决方案**：  
1. 检查任务计划程序，删除sense restart事件任务  
2. 确...
2025-06-18 10:20:40,582 - INFO - vector_db_operations:_create_vector_db:312 - 入库文档块 348/599 | 标题: D:\401385\zizi-1.5-5.6\markdown_files\mvp\MVPSuppo | 内容预览: 2. 华睿软加密相关问题 > 2.1 无加密狗问题 > 2.1.1 验证授权文件位置

- **问题现象**：  
- 授权文件未正确放置，导致授权失败  
- **解决方案**：  
1. 确保授权...
2025-06-18 10:20:40,724 - INFO - vector_db_operations:_create_vector_db:312 - 入库文档块 349/599 | 标题: D:\401385\zizi-1.5-5.6\markdown_files\mvp\MVPSuppo | 内容预览: 2. 华睿软加密相关问题 > 2.1 无加密狗问题 > 2.1.2 验证授权文件有效期

- **问题现象**：  
- 加密库接口返回错误码-1320（时间校验失败）  
- **解决方案**：  ...
2025-06-18 10:20:40,833 - INFO - vector_db_operations:_create_vector_db:312 - 入库文档块 350/599 | 标题: D:\401385\zizi-1.5-5.6\markdown_files\mvp\MVPSuppo | 内容预览: 3. 华睿相机加密相关问题 > 3.1 无加密狗问题 > 3.1.1 验证相机序列号

- **问题现象**：  
- 相机序列号不符合要求，导致校验失败  
- **解决方案**：  
1. 检查相...
2025-06-18 10:20:40,942 - INFO - vector_db_operations:_create_vector_db:312 - 入库文档块 351/599 | 标题: D:\401385\zizi-1.5-5.6\markdown_files\mvp\MVPSuppo | 内容预览: 3. 华睿相机加密相关问题 > 3.1 无加密狗问题 > 3.1.2 验证是否存在其他设备

- **问题现象**：  
- 局域网内存在其他Gige设备，导致相机校验失败  
- **解决方案**：...
2025-06-18 10:20:41,083 - INFO - vector_db_operations:_create_vector_db:312 - 入库文档块 352/599 | 标题: D:\401385\zizi-1.5-5.6\markdown_files\mvp\MVPSuppo | 内容预览: 4. 通用配置 > 4.1 验证加密库配置文件

- **问题现象**：  
- 加密方式配置项未启用  
- **解决方案**：  
1. 检查加密库配置文件`DongleConfig.ini`  ...
2025-06-18 10:20:41,194 - INFO - vector_db_operations:_create_vector_db:312 - 入库文档块 353/599 | 标题: D:\401385\zizi-1.5-5.6\markdown_files\mvp\MVPSuppo | 内容预览: 4. 通用配置 > 4.2 采集调试信息

- **问题现象**：  
- 需要排查加密狗相关问题  
- **解决方案**：  
1. 在可执行目录的工作空间（如MVP安装目录或算法包demo目录）...
2025-06-18 10:20:41,287 - INFO - vector_db_operations:_create_vector_db:312 - 入库文档块 354/599 | 标题: D:\401385\zizi-1.5-5.6\markdown_files\mvp\MVPSuppo | 内容预览: 5. 注意事项

- **驱动兼容性**：确保驱动版本与操作系统兼容，避免安装失败或功能异常  
- **授权文件管理**：妥善保管授权文件，避免丢失或损坏  
- **设备时间校准**：确保设备时间...
2025-06-18 10:20:41,413 - INFO - vector_db_operations:_create_vector_db:312 - 入库文档块 355/599 | 标题: D:\401385\zizi-1.5-5.6\markdown_files\mvp\MVPSuppo | 内容预览: 仿真器 > 问题描述

**典型场景**  
仿真器加载超过100张10M以上的文件夹图片时，实际只加载了100张。...
2025-06-18 10:20:41,509 - INFO - vector_db_operations:_create_vector_db:312 - 入库文档块 356/599 | 标题: D:\401385\zizi-1.5-5.6\markdown_files\mvp\MVPSuppo | 内容预览: 相机问题处理指南 > 文档标识

| 属性                | 内容                                                           ...
2025-06-18 10:20:41,604 - INFO - vector_db_operations:_create_vector_db:312 - 入库文档块 357/599 | 标题: D:\401385\zizi-1.5-5.6\markdown_files\mvp\MVPSuppo | 内容预览: 1. 问题描述

**典型场景**  
相机在使用过程中出现的各种异常情况，包括拉流失败、触发模式耗时过长、连接失败等。...
2025-06-18 10:20:41,730 - INFO - vector_db_operations:_create_vector_db:312 - 入库文档块 358/599 | 标题: D:\401385\zizi-1.5-5.6\markdown_files\mvp\MVPSuppo | 内容预览: 2. 解决方案 > 2.1 相机拉流失败 > 操作步骤：

1. 使用MV查看是否能够拉流，确定是否是相机本身问题。  
2. 查看带宽，是否是拉流超时导致（网线、网卡需要千兆）。  
3. 增加单帧...
2025-06-18 10:20:41,872 - INFO - vector_db_operations:_create_vector_db:312 - 入库文档块 359/599 | 标题: D:\401385\zizi-1.5-5.6\markdown_files\mvp\MVPSuppo | 内容预览: 2. 解决方案 > 2.2 硬触发模式耗时过长 > 操作步骤：

1. 触发信号等待时间过长，尝试快速产生触发信号。  
2. 调整算子配置中的超时时间。...
2025-06-18 10:20:41,950 - INFO - vector_db_operations:_create_vector_db:312 - 入库文档块 360/599 | 标题: D:\401385\zizi-1.5-5.6\markdown_files\mvp\MVPSuppo | 内容预览: 2. 解决方案 > 2.3 相机连接失败 > 操作步骤：

1. 查看相机上的信号灯，是否是红灯慢闪烁的状态，如果是检查网线是否松动，或者网卡是否异常，或者是相机本身已经损坏。  
2. 检查其他软件...
2025-06-18 10:20:42,046 - INFO - vector_db_operations:_create_vector_db:312 - 入库文档块 361/599 | 标题: D:\401385\zizi-1.5-5.6\markdown_files\mvp\MVPSuppo | 内容预览: 2. 解决方案 > 2.4 多个相机无法同时取图 > 操作步骤：

1. 增加多任务同步模块，多个相机算子放在同步模块里（4.0版本解决办法）。...
2025-06-18 10:20:42,156 - INFO - vector_db_operations:_create_vector_db:312 - 入库文档块 362/599 | 标题: D:\401385\zizi-1.5-5.6\markdown_files\mvp\MVPSuppo | 内容预览: 2. 解决方案 > 2.5 曝光值未更新 > 操作步骤：

1. 降低帧率，在MV里设置，将该参数设置调高，帧率会下降。...
2025-06-18 10:20:42,265 - INFO - vector_db_operations:_create_vector_db:312 - 入库文档块 363/599 | 标题: D:\401385\zizi-1.5-5.6\markdown_files\mvp\MVPSuppo | 内容预览: 2. 解决方案 > 2.6 使用MVP配置 > 操作步骤：

1. 相机本身会保存一些参数，如曝光、增益、伽马等，在使用相机算子时，如果相机算子使用MVP配置没勾选，此时取像的一些参数是无法设置的，相...
2025-06-18 10:20:42,375 - INFO - vector_db_operations:_create_vector_db:312 - 入库文档块 364/599 | 标题: D:\401385\zizi-1.5-5.6\markdown_files\mvp\MVPSuppo | 内容预览: 2. 解决方案 > 2.7 相机算子耗时高/黑屏不稳定 > 操作步骤：

1. 确认相机是否连接成功，曝光时间等相机设置是否正确。  
2. 确认工程中是否有其他相机算子抢占相机资源（大概率是这个原因...
2025-06-18 10:20:42,455 - INFO - vector_db_operations:_create_vector_db:312 - 入库文档块 365/599 | 标题: D:\401385\zizi-1.5-5.6\markdown_files\mvp\MVPSuppo | 内容预览: 3. 根因分析 > 技术原理

| 维度         | 说明                                                                 | ...
2025-06-18 10:20:42,580 - INFO - vector_db_operations:_create_vector_db:312 - 入库文档块 366/599 | 标题: D:\401385\zizi-1.5-5.6\markdown_files\mvp\MVPSuppo | 内容预览: 斑点检测 > 文档标识

| 属性                | 内容                                                               ...
2025-06-18 10:20:42,706 - INFO - vector_db_operations:_create_vector_db:312 - 入库文档块 367/599 | 标题: D:\401385\zizi-1.5-5.6\markdown_files\mvp\MVPSuppo | 内容预览: 斑点检测 > 1. 功能概述

斑点检测用于识别图像中的斑点区域，并支持对斑点进行排序、筛选及形态学处理。...
2025-06-18 10:20:42,784 - INFO - vector_db_operations:_create_vector_db:312 - 入库文档块 368/599 | 标题: D:\401385\zizi-1.5-5.6\markdown_files\mvp\MVPSuppo | 内容预览: 斑点检测 > 2. 功能使用说明 > 2.1 斑点排序

- **问题**：如何将斑点结果按行排序？  
- **解决方案**：  
- 目前只能通过脚本来实现按行排序。  
- 使用Python脚本...
2025-06-18 10:20:42,894 - INFO - vector_db_operations:_create_vector_db:312 - 入库文档块 369/599 | 标题: D:\401385\zizi-1.5-5.6\markdown_files\mvp\MVPSuppo | 内容预览: 斑点检测 > 2. 功能使用说明 > 2.2 斑点数量限制

- **问题**：最多支持检测多少斑点？  
- **答案**：最多支持检测4096个斑点。...
2025-06-18 10:20:43,003 - INFO - vector_db_operations:_create_vector_db:312 - 入库文档块 370/599 | 标题: D:\401385\zizi-1.5-5.6\markdown_files\mvp\MVPSuppo | 内容预览: 斑点检测 > 2. 功能使用说明 > 2.3 圆度筛选

- **问题**：圆度筛选值如何配置？圆度值如何计算？  
- **解决方案**：  
- 打开圆度过滤使能，设置圆度过滤范围。  
- 圆度...
2025-06-18 10:20:43,096 - INFO - vector_db_operations:_create_vector_db:312 - 入库文档块 371/599 | 标题: D:\401385\zizi-1.5-5.6\markdown_files\mvp\MVPSuppo | 内容预览: 斑点检测 > 2. 功能使用说明 > 2.4 矩形度筛选

- **问题**：矩形度筛选值如何计算？  
- **解决方案**：  
- 打开矩形度过滤使能，设置矩形度过滤范围。  
- 矩形度最大值...
2025-06-18 10:20:43,221 - INFO - vector_db_operations:_create_vector_db:312 - 入库文档块 372/599 | 标题: D:\401385\zizi-1.5-5.6\markdown_files\mvp\MVPSuppo | 内容预览: 斑点检测 > 2. 功能使用说明 > 2.5 斑点效果绘制

- **问题**：如何将斑点效果绘制在结果界面？  
- **解决方案**：  
- 斑点工具有一个隐藏的输出参数`outContours...
2025-06-18 10:20:43,316 - INFO - vector_db_operations:_create_vector_db:312 - 入库文档块 373/599 | 标题: D:\401385\zizi-1.5-5.6\markdown_files\mvp\MVPSuppo | 内容预览: 斑点检测 > 2. 功能使用说明 > 2.6 斑点中心区别

- **问题**：斑点结果中`boundcenter`与`masscenter`值有什么区别？  
- **答案**：  
- `boun...
2025-06-18 10:20:43,409 - INFO - vector_db_operations:_create_vector_db:312 - 入库文档块 374/599 | 标题: D:\401385\zizi-1.5-5.6\markdown_files\mvp\MVPSuppo | 内容预览: 斑点检测 > 2. 功能使用说明 > 2.7 最小外接矩形点顺序

- **问题**：斑点结果中`minrect`最小外接矩4点顺序是由什么决定的？  
- **答案**：  
- 顺时针方向定义点（...
2025-06-18 10:20:43,471 - INFO - vector_db_operations:_create_vector_db:312 - 入库文档块 375/599 | 标题: D:\401385\zizi-1.5-5.6\markdown_files\mvp\MVPSuppo | 内容预览: 斑点检测 > 2. 功能使用说明 > 2.8 形态学处理

- **问题**：斑点检测的高级参数“形态学”有什么用？  
- **答案**：  
- 对斑点特征进行形态学处理，包括腐蚀、膨胀、开运算、...
2025-06-18 10:20:43,563 - INFO - vector_db_operations:_create_vector_db:312 - 入库文档块 376/599 | 标题: D:\401385\zizi-1.5-5.6\markdown_files\mvp\MVPSuppo | 内容预览: 找边功能使用指南 > 文档标识

| 属性                | 内容                                                           ...
2025-06-18 10:20:43,642 - INFO - vector_db_operations:_create_vector_db:312 - 入库文档块 377/599 | 标题: D:\401385\zizi-1.5-5.6\markdown_files\mvp\MVPSuppo | 内容预览: 1. 找边功能详解 > 1.1 忽略点数比例设置

- **说明**：  
- 一般情况下，忽略点数比例设置为10%-30%的找边卡尺个数比例  
- 对于干扰性强的图像，需根据现场需求调整该参数  ...
2025-06-18 10:20:43,752 - INFO - vector_db_operations:_create_vector_db:312 - 入库文档块 378/599 | 标题: D:\401385\zizi-1.5-5.6\markdown_files\mvp\MVPSuppo | 内容预览: 1. 找边功能详解 > 1.2 边缘对输出

- **说明**：  
- 输出满足设置边缘对宽度的两条边中最中间的一条边...
2025-06-18 10:20:43,847 - INFO - vector_db_operations:_create_vector_db:312 - 入库文档块 379/599 | 标题: D:\401385\zizi-1.5-5.6\markdown_files\mvp\MVPSuppo | 内容预览: 1. 找边功能详解 > 1.3 RMS计算与作用

- **说明**：  
- 找边原理是利用卡尺找到一组点，拟合出一条直线  
- RMS（均方根误差）用于描述拟合误差，反映实际点与拟合直线的偏离程...
2025-06-18 10:20:43,926 - INFO - vector_db_operations:_create_vector_db:312 - 入库文档块 380/599 | 标题: D:\401385\zizi-1.5-5.6\markdown_files\mvp\MVPSuppo | 内容预览: 1. 找边功能详解 > 1.4 密集线段区域抓取第二条边

- **说明**：  
- 在密集线段区域，按方向抓取第二条边  
- **示例**：  
![找边3.png](找边3.png)  
![...
2025-06-18 10:20:44,018 - INFO - vector_db_operations:_create_vector_db:312 - 入库文档块 381/599 | 标题: D:\401385\zizi-1.5-5.6\markdown_files\mvp\MVPSuppo | 内容预览: 1. 找边功能详解 > 1.5 高斯半径设置

- **说明**：  
- 高斯半径用于高斯滤波，滤除噪声，使边界位置更明显  
- 设置高斯半径约等于边缘过渡带大小  
- 高斯半径大于等于4后无法...
2025-06-18 10:20:44,128 - INFO - vector_db_operations:_create_vector_db:312 - 入库文档块 382/599 | 标题: D:\401385\zizi-1.5-5.6\markdown_files\mvp\MVPSuppo | 内容预览: 1. 找边功能详解 > 1.6 找边模式参数

- **说明**：  
- 参数范围[0,10]  
- 0：使用卡尺分数最高的边缘点拟合直线  
- 1：使用排序第二位的边缘点拟合  
- 以此类推...
2025-06-18 10:20:44,222 - INFO - vector_db_operations:_create_vector_db:312 - 入库文档块 383/599 | 标题: D:\401385\zizi-1.5-5.6\markdown_files\mvp\MVPSuppo | 内容预览: 1. 找边功能详解 > 1.7 找边算子角度调整

- **说明**：  
- 从期望线段起点到终点连一条带方向的线段  
- 线段在X轴下方为[0,180]，在X轴上方为（-0,-180）  
- ...
2025-06-18 10:20:44,316 - INFO - vector_db_operations:_create_vector_db:312 - 入库文档块 384/599 | 标题: D:\401385\zizi-1.5-5.6\markdown_files\mvp\MVPSuppo | 内容预览: 1. 找边功能详解 > 1.8 排序模式作用

- **说明**：  
- 在直线卡尺搜索范围内，可能搜索到多条满足筛选要求的边  
- 排序模式用于筛选目标边：  
- 按对比度方向排序：选择搜索方...
2025-06-18 10:20:44,393 - INFO - vector_db_operations:_create_vector_db:312 - 入库文档块 385/599 | 标题: D:\401385\zizi-1.5-5.6\markdown_files\mvp\MVPSuppo | 内容预览: 1. 找边功能详解 > 1.9 边缘黑暗处阈值与明亮处阈值

- **说明**：  
- 用于在直线卡尺搜索范围内稳定找到目标边  
- 无论调整找边参数，只要能找到边，所找的边一定是设定的目标边  ...
2025-06-18 10:20:44,516 - INFO - vector_db_operations:_create_vector_db:312 - 入库文档块 386/599 | 标题: D:\401385\zizi-1.5-5.6\markdown_files\mvp\MVPSuppo | 内容预览: 2. 注意事项

- **参数调整**：根据图像干扰程度和需求，灵活调整忽略点数比例和高斯半径  
- **角度理解**：注意期望线段的方向，正确调整负角度为正角度  
- **排序模式选择**：根据...
2025-06-18 10:20:44,628 - INFO - vector_db_operations:_create_vector_db:312 - 入库文档块 387/599 | 标题: D:\401385\zizi-1.5-5.6\markdown_files\mvp\MVPSuppo | 内容预览: 找圆功能使用指南 > 文档标识

| 属性                | 内容                                                           ...
2025-06-18 10:20:44,739 - INFO - vector_db_operations:_create_vector_db:312 - 入库文档块 388/599 | 标题: D:\401385\zizi-1.5-5.6\markdown_files\mvp\MVPSuppo | 内容预览: 1. 找圆功能详解 > 1.1 找圆模式参数

- **说明**：  
- 参数范围[0,10]  
- 0：使用卡尺分数最高的边缘点拟合圆  
- 1：使用排序第二位的边缘点拟合  
- 以此类推，...
2025-06-18 10:20:44,817 - INFO - vector_db_operations:_create_vector_db:312 - 入库文档块 389/599 | 标题: D:\401385\zizi-1.5-5.6\markdown_files\mvp\MVPSuppo | 内容预览: 1. 找圆功能详解 > 1.2 找圆卡尺数量

- **说明**：  
- 卡尺数量并非越多越好  
- 卡尺数量增加会提高拟合圆的精度，但也会显著增加计算耗时  
- 需根据实际需求平衡精度与效率，...
2025-06-18 10:20:44,913 - INFO - vector_db_operations:_create_vector_db:312 - 入库文档块 390/599 | 标题: D:\401385\zizi-1.5-5.6\markdown_files\mvp\MVPSuppo | 内容预览: 2. 注意事项

- **模式选择**：根据需求选择合适的找圆模式，确保拟合结果准确  
- **卡尺数量控制**：在保证精度的前提下，尽量减少卡尺数量以提高效率...
2025-06-18 10:20:45,009 - INFO - vector_db_operations:_create_vector_db:312 - 入库文档块 391/599 | 标题: D:\401385\zizi-1.5-5.6\markdown_files\mvp\MVPSuppo | 内容预览: 模板匹配问题处理指南 > 文档标识

| 属性                | 内容                                                         ...
2025-06-18 10:20:45,103 - INFO - vector_db_operations:_create_vector_db:312 - 入库文档块 392/599 | 标题: D:\401385\zizi-1.5-5.6\markdown_files\mvp\MVPSuppo | 内容预览: 1. 常见问题与解决方案 > 1.1 同屏匹配数量限制

- **问题**：同屏匹配个数大于50怎么办？  
- **解决方案**：目前仅支持最多50个匹配数量（MVP5.0.4最新版本也确认如此）。...
2025-06-18 10:20:45,181 - INFO - vector_db_operations:_create_vector_db:312 - 入库文档块 393/599 | 标题: D:\401385\zizi-1.5-5.6\markdown_files\mvp\MVPSuppo | 内容预览: 1. 常见问题与解决方案 > 1.2 指定角度范围匹配

- **问题**：如何只匹配指定角度范围如170°--170°，这20°角度区间？  
- **解决方案**：可以设置170°--190°角度...
2025-06-18 10:20:45,261 - INFO - vector_db_operations:_create_vector_db:312 - 入库文档块 394/599 | 标题: D:\401385\zizi-1.5-5.6\markdown_files\mvp\MVPSuppo | 内容预览: 1. 常见问题与解决方案 > 1.3 弹性参数使用场景

- **问题**：弹性参数何时使用？  
- **解决方案**：在产品有形变的情况下使用。...
2025-06-18 10:20:45,339 - INFO - vector_db_operations:_create_vector_db:312 - 入库文档块 395/599 | 标题: D:\401385\zizi-1.5-5.6\markdown_files\mvp\MVPSuppo | 内容预览: 1. 常见问题与解决方案 > 1.4 金字塔返回层参数配置

- **问题**：金字塔返回层参数何时需要配置？对匹配结果有什么影响？  
- **解决方案**：  
- 一般情况下，直接使用默认参数即...
2025-06-18 10:20:45,448 - INFO - vector_db_operations:_create_vector_db:312 - 入库文档块 396/599 | 标题: D:\401385\zizi-1.5-5.6\markdown_files\mvp\MVPSuppo | 内容预览: 1. 常见问题与解决方案 > 1.5 配置界面历史栏功能

- **问题**：配置界面的历史栏有什么用？里面内容可以输出到自定义界面列表吗？  
- **解决方案**：类似于模板匹配工具的日志记录，可...
2025-06-18 10:20:45,542 - INFO - vector_db_operations:_create_vector_db:312 - 入库文档块 397/599 | 标题: D:\401385\zizi-1.5-5.6\markdown_files\mvp\MVPSuppo | 内容预览: 1. 常见问题与解决方案 > 1.6 模板文件打开失败处理

- **问题**：训练模板时提示“打开模板文件失败”，该如何处理？  
- **解决方案**：  
1. 删除当前模板匹配算子，重新添加新...
2025-06-18 10:20:45,680 - INFO - vector_db_operations:_create_vector_db:312 - 入库文档块 398/599 | 标题: D:\401385\zizi-1.5-5.6\markdown_files\mvp\MVPSuppo | 内容预览: 1. 常见问题与解决方案 > 1.7 降低模板匹配耗时

- **问题**：模板匹配耗时过高，怎样操作能够降低耗时？  
- **解决方案**：  
- 缩小模板匹配搜索ROI尺寸大小。  
- 增大...
2025-06-18 10:20:45,805 - INFO - vector_db_operations:_create_vector_db:312 - 入库文档块 399/599 | 标题: D:\401385\zizi-1.5-5.6\markdown_files\mvp\MVPSuppo | 内容预览: 1. 常见问题与解决方案 > 1.8 训练新模板与训练XLD的区别

- **问题**：训练新模板和训练XLD有什么区别？  
- **解决方案**：XLD模型用于匹配一些特定形状的目标，目前只能训练...
2025-06-18 10:20:45,915 - INFO - vector_db_operations:_create_vector_db:312 - 入库文档块 400/599 | 标题: D:\401385\zizi-1.5-5.6\markdown_files\mvp\MVPSuppo | 内容预览: 1. 常见问题与解决方案 > 1.9 XLD模型匹配问题

- **问题**：训练黑底白色特征的XLD模型后，在训练原图上找不到该特征？  
- **解决方案**：XLD是生成的点集，无法控制极性，因...
2025-06-18 10:22:58,231 - DEBUG - vector_db_operations:_create_vector_db:334 - 向量库初始化 | 批次: 4 | 文档数: 100
2025-06-18 10:22:58,309 - INFO - vector_db_operations:_create_vector_db:312 - 入库文档块 401/599 | 标题: D:\401385\zizi-1.5-5.6\markdown_files\mvp\MVPSuppo | 内容预览: 1. 常见问题与解决方案 > 1.10 匹配边界开启效果

- **问题**：模板匹配高级参数里的匹配边界开启效果有什么区别？  
- **解决方案**：请参考相关文档或界面说明。...
2025-06-18 10:22:58,437 - INFO - vector_db_operations:_create_vector_db:312 - 入库文档块 402/599 | 标题: D:\401385\zizi-1.5-5.6\markdown_files\mvp\MVPSuppo | 内容预览: 1. 常见问题与解决方案 > 1.11 最大重叠率参数修改

- **问题**：修改最大重叠率参数有什么效果？  
- **解决方案**：目标之间的最大重叠率，重叠率大于该值的两个目标，选择分数最高的...
2025-06-18 10:22:58,531 - INFO - vector_db_operations:_create_vector_db:312 - 入库文档块 403/599 | 标题: D:\401385\zizi-1.5-5.6\markdown_files\mvp\MVPSuppo | 内容预览: 1. 常见问题与解决方案 > 1.12 极性参数作用

- **问题**：极性参数有什么用？  
- **解决方案**：  
- **不忽略**：匹配目标与模板极性相同时使用。  
- **忽略局部*...
2025-06-18 10:22:58,626 - INFO - vector_db_operations:_create_vector_db:312 - 入库文档块 404/599 | 标题: D:\401385\zizi-1.5-5.6\markdown_files\mvp\MVPSuppo | 内容预览: 1. 常见问题与解决方案 > 1.13 ROI框快速全图大小

- **问题**：如何实现ROI框快速全图大小？  
- **解决方案**：鼠标左键双击ROI边框，即可实现ROI全图大小。...
2025-06-18 10:22:58,735 - INFO - vector_db_operations:_create_vector_db:312 - 入库文档块 405/599 | 标题: D:\401385\zizi-1.5-5.6\markdown_files\mvp\MVPSuppo | 内容预览: 模板比对问题处理指南 > 文档标识

| 属性                | 内容                                                         ...
2025-06-18 10:22:58,813 - INFO - vector_db_operations:_create_vector_db:312 - 入库文档块 406/599 | 标题: D:\401385\zizi-1.5-5.6\markdown_files\mvp\MVPSuppo | 内容预览: 1. 问题描述

**典型场景**  
模板比对过程中出现的各类错误提示，导致无法正常完成比对任务。...
2025-06-18 10:22:58,908 - INFO - vector_db_operations:_create_vector_db:312 - 入库文档块 407/599 | 标题: D:\401385\zizi-1.5-5.6\markdown_files\mvp\MVPSuppo | 内容预览: 2. 解决方案 > 2.1 打开模板文件失败 > 问题现象

运行模板比对时，提示“打开模板文件失败”。...
2025-06-18 10:22:59,004 - INFO - vector_db_operations:_create_vector_db:312 - 入库文档块 408/599 | 标题: D:\401385\zizi-1.5-5.6\markdown_files\mvp\MVPSuppo | 内容预览: 2. 解决方案 > 2.1 打开模板文件失败 > 处理步骤

1. 检查模板路径下的模型文件是否存在。  
2. 如果文件丢失，需重新设置路径并训练模板。...
2025-06-18 10:22:59,098 - INFO - vector_db_operations:_create_vector_db:312 - 入库文档块 409/599 | 标题: D:\401385\zizi-1.5-5.6\markdown_files\mvp\MVPSuppo | 内容预览: 2. 解决方案 > 2.2 模板匹配中心点错误 > 问题现象

模板比对报错，提示“模板匹配中心点错误”。...
2025-06-18 10:22:59,208 - INFO - vector_db_operations:_create_vector_db:312 - 入库文档块 410/599 | 标题: D:\401385\zizi-1.5-5.6\markdown_files\mvp\MVPSuppo | 内容预览: 2. 解决方案 > 2.2 模板匹配中心点错误 > 处理步骤

1. 确认模板匹配是否已更改。  
2. 如果模板匹配已更改，需重新建立模板比对的模板。...
2025-06-18 10:22:59,317 - INFO - vector_db_operations:_create_vector_db:312 - 入库文档块 411/599 | 标题: D:\401385\zizi-1.5-5.6\markdown_files\mvp\MVPSuppo | 内容预览: 2. 解决方案 > 2.3 模板比对结果错误 > 问题现象

模板比对结果错误，因模板比对未在模板匹配的原图上进行训练。...
2025-06-18 10:22:59,413 - INFO - vector_db_operations:_create_vector_db:312 - 入库文档块 412/599 | 标题: D:\401385\zizi-1.5-5.6\markdown_files\mvp\MVPSuppo | 内容预览: 2. 解决方案 > 2.3 模板比对结果错误 > 处理步骤

1. 确保模板比对在模板匹配建立的同一张图上进行训练。...
2025-06-18 10:22:59,521 - INFO - vector_db_operations:_create_vector_db:312 - 入库文档块 413/599 | 标题: D:\401385\zizi-1.5-5.6\markdown_files\mvp\MVPSuppo | 内容预览: 3. 根因分析 > 技术原理

| 维度         | 说明                                                                 | ...
2025-06-18 10:22:59,631 - INFO - vector_db_operations:_create_vector_db:312 - 入库文档块 414/599 | 标题: D:\401385\zizi-1.5-5.6\markdown_files\mvp\MVPSuppo | 内容预览: 轮廓比对指南 > 文档标识

| 属性                | 内容                                                             ...
2025-06-18 10:22:59,725 - INFO - vector_db_operations:_create_vector_db:312 - 入库文档块 415/599 | 标题: D:\401385\zizi-1.5-5.6\markdown_files\mvp\MVPSuppo | 内容预览: 1. 问题描述 > 1.1 典型问题

- **问题1**：轮廓比对训练提示“打开模板文件失败”。  
- **问题2**：轮廓比对报错提示“模板匹配中心点错误”。  
- **问题3**：轮廓比对与...
2025-06-18 10:22:59,837 - INFO - vector_db_operations:_create_vector_db:312 - 入库文档块 416/599 | 标题: D:\401385\zizi-1.5-5.6\markdown_files\mvp\MVPSuppo | 内容预览: 2. 解决方案 > 2.1 打开模板文件失败 > 操作步骤：

1. 检查模板路径下的模型文件是否丢失。  
2. 如果丢失，重新设置路径并训练模板。...
2025-06-18 10:22:59,931 - INFO - vector_db_operations:_create_vector_db:312 - 入库文档块 417/599 | 标题: D:\401385\zizi-1.5-5.6\markdown_files\mvp\MVPSuppo | 内容预览: 2. 解决方案 > 2.2 模板匹配中心点错误 > 操作步骤：

1. 检查模板匹配是否更改。  
2. 如果更改，重新建立轮廓比对的模板。...
2025-06-18 10:23:00,009 - INFO - vector_db_operations:_create_vector_db:312 - 入库文档块 418/599 | 标题: D:\401385\zizi-1.5-5.6\markdown_files\mvp\MVPSuppo | 内容预览: 2. 解决方案 > 2.3 轮廓比对与模板比对的区别 > 说明：

- **模板比对**：不论缺陷发生在边缘轮廓还是模板内部，都会被视作缺陷。  
- **轮廓比对**：只有缺陷位于边缘轮廓上，才被视...
2025-06-18 10:23:00,135 - INFO - vector_db_operations:_create_vector_db:312 - 入库文档块 419/599 | 标题: D:\401385\zizi-1.5-5.6\markdown_files\mvp\MVPSuppo | 内容预览: 2. 解决方案 > 2.3 轮廓比对与模板比对的区别 > 效果图：

![轮廓比对效果图](轮廓比对1.png)...
2025-06-18 10:23:00,228 - INFO - vector_db_operations:_create_vector_db:312 - 入库文档块 420/599 | 标题: D:\401385\zizi-1.5-5.6\markdown_files\mvp\MVPSuppo | 内容预览: 3. 根因分析 > 3.1 技术原理

| 维度         | 说明                                                               ...
2025-06-18 10:23:00,337 - INFO - vector_db_operations:_create_vector_db:312 - 入库文档块 421/599 | 标题: D:\401385\zizi-1.5-5.6\markdown_files\mvp\MVPSuppo | 内容预览: 找顶点问题解决方案 > 文档标识

| 属性                | 内容                                                          ...
2025-06-18 10:23:00,433 - INFO - vector_db_operations:_create_vector_db:312 - 入库文档块 422/599 | 标题: D:\401385\zizi-1.5-5.6\markdown_files\mvp\MVPSuppo | 内容预览: 1. 问题描述

**典型场景**  
在图像处理过程中，找顶点算子在有角度旋转正负180度的情况下会出现找不到顶点的问题。  
**异常现象**  
- 找不到顶点  
- 图像质量不高，干扰下找顶...
2025-06-18 10:23:00,540 - INFO - vector_db_operations:_create_vector_db:312 - 入库文档块 423/599 | 标题: D:\401385\zizi-1.5-5.6\markdown_files\mvp\MVPSuppo | 内容预览: 2. 解决方案 > 2.1 找不到顶点的解决方法 > 操作步骤：

1. 确保卡尺搜索方向正确  
- 需要模板匹配或坐标系的建立...
2025-06-18 10:23:00,665 - INFO - vector_db_operations:_create_vector_db:312 - 入库文档块 424/599 | 标题: D:\401385\zizi-1.5-5.6\markdown_files\mvp\MVPSuppo | 内容预览: 2. 解决方案 > 2.2 图像质量不高时的稳定方法 > 操作步骤：

1. 使用图像处理模块进行处理  
- 处理方法包括滤波、锐化、图像增强、二值化及形态学处理...
2025-06-18 10:23:00,745 - INFO - vector_db_operations:_create_vector_db:312 - 入库文档块 425/599 | 标题: D:\401385\zizi-1.5-5.6\markdown_files\mvp\MVPSuppo | 内容预览: 2. 解决方案 > 2.3 找到的点明显不是顶点的参数调整 > 操作步骤：

1. 调整影响顶点的主要参数  
- 极性  
- 对比度  
- 卡尺间隔...
2025-06-18 10:23:00,857 - INFO - vector_db_operations:_create_vector_db:312 - 入库文档块 426/599 | 标题: D:\401385\zizi-1.5-5.6\markdown_files\mvp\MVPSuppo | 内容预览: 2.2.8 找多边 > 文档标识

| 属性                | 内容                                                          ...
2025-06-18 10:23:00,951 - INFO - vector_db_operations:_create_vector_db:312 - 入库文档块 427/599 | 标题: D:\401385\zizi-1.5-5.6\markdown_files\mvp\MVPSuppo | 内容预览: 1 问题描述

**典型场景**  
当找多边最大数量超过8个边且对耗时要求较高时，如何处理？  
**异常现象**  
- 找多边算子耗时过长  
- CPU占用率过高...
2025-06-18 10:23:01,074 - INFO - vector_db_operations:_create_vector_db:312 - 入库文档块 428/599 | 标题: D:\401385\zizi-1.5-5.6\markdown_files\mvp\MVPSuppo | 内容预览: 2 解决方案 > 2.1 多任务同步模块 > 操作步骤：

1. 添加多任务同步模块  
- 使用多个找多边算子  
- 耗时等同于一个找多边算子  
2. 注意事项：  
- 同步模块为多线程，需考...
2025-06-18 10:23:01,168 - INFO - vector_db_operations:_create_vector_db:312 - 入库文档块 429/599 | 标题: D:\401385\zizi-1.5-5.6\markdown_files\mvp\MVPSuppo | 内容预览: 2 解决方案 > 2.2 找多边算子优势 > 优势说明：

1. 算子个数减少  
- 配置都在一个算子里  
- 易于配置多个边的参数  
2. 适用场景：  
- 图中有多个边需要定位时...
2025-06-18 10:23:01,296 - INFO - vector_db_operations:_create_vector_db:312 - 入库文档块 430/599 | 标题: D:\401385\zizi-1.5-5.6\markdown_files\mvp\MVPSuppo | 内容预览: 3 根因分析 > 技术原理

| 维度         | 说明                                                                 |  ...
2025-06-18 10:23:01,408 - INFO - vector_db_operations:_create_vector_db:312 - 入库文档块 431/599 | 标题: D:\401385\zizi-1.5-5.6\markdown_files\mvp\MVPSuppo | 内容预览: 2.3.1 平滑滤波

平滑滤波的目的是在尽量保留图像细节特征的前提下，对目标图像的噪声进行抑制，是图像预处理中不可缺少的操作。平滑滤波的滤波类型包括均值滤波、中值滤波、高斯滤波。...
2025-06-18 10:23:01,548 - INFO - vector_db_operations:_create_vector_db:312 - 入库文档块 432/599 | 标题: D:\401385\zizi-1.5-5.6\markdown_files\mvp\MVPSuppo | 内容预览: 2.3.1 平滑滤波 > 图像的数字表示方法

如下左图是图像的数字表示方法，每个格子表示一个像素，每个格子的值表示该像素的灰度值。  
![平滑滤波1](https://support.iraypl...
2025-06-18 10:23:01,674 - INFO - vector_db_operations:_create_vector_db:312 - 入库文档块 433/599 | 标题: D:\401385\zizi-1.5-5.6\markdown_files\mvp\MVPSuppo | 内容预览: 2.3.1 平滑滤波 > 平滑滤波操作

如果对第三行第三列的像素进行均值滤波，实质就是用取均值的方式替换该像素的灰度值，即选择一个大小为M模板，该模板由其近邻的若干像素组成，求模板中所有像素的均值，...
2025-06-18 10:23:01,798 - INFO - vector_db_operations:_create_vector_db:312 - 入库文档块 434/599 | 标题: D:\401385\zizi-1.5-5.6\markdown_files\mvp\MVPSuppo | 内容预览: 2.3.1 平滑滤波 > 平滑滤波的三种方法区别与应用场景

1. **均值滤波**  
- *特点*：简单、速度快，但容易丢失高度信息。  
- *应用场景*：适用于一般噪声抑制。  
2. **中...
2025-06-18 10:23:01,877 - INFO - vector_db_operations:_create_vector_db:312 - 入库文档块 435/599 | 标题: D:\401385\zizi-1.5-5.6\markdown_files\mvp\MVPSuppo | 内容预览: 2.3.1 平滑滤波 > 滤波核高和滤波核宽的设定

滤波核高和滤波核宽的设定为什么是奇数？  
因为滤波操作是取该像素周边的像素值对该像素做变换，该像素在中心，所以滤波核为奇数。...
2025-06-18 10:23:01,985 - INFO - vector_db_operations:_create_vector_db:312 - 入库文档块 436/599 | 标题: D:\401385\zizi-1.5-5.6\markdown_files\mvp\MVPSuppo | 内容预览: 华睿MVP字符串格式化用法说明 > 文档标识

| 属性                | 内容                                                    ...
2025-06-18 10:23:02,093 - INFO - vector_db_operations:_create_vector_db:312 - 入库文档块 437/599 | 标题: D:\401385\zizi-1.5-5.6\markdown_files\mvp\MVPSuppo | 内容预览: 1. 概述

MVP支持字符串格式化操作，主要用于结果显示算子和自定义界面的文本框模块。  
**功能说明**：通过格式化字符串对输入信息进行格式化显示，仅影响显示格式，不影响输入字符串中的特殊字符。...
2025-06-18 10:23:02,219 - INFO - vector_db_operations:_create_vector_db:312 - 入库文档块 438/599 | 标题: D:\401385\zizi-1.5-5.6\markdown_files\mvp\MVPSuppo | 内容预览: 2. 支持的格式说明符 > 2.1 基本格式说明符

- **整型（Int）**：`%d`  
- **实数（Real）**：`%f`  
- **字符串（String）**：`%s`...
2025-06-18 10:23:02,345 - INFO - vector_db_operations:_create_vector_db:312 - 入库文档块 439/599 | 标题: D:\401385\zizi-1.5-5.6\markdown_files\mvp\MVPSuppo | 内容预览: 2. 支持的格式说明符 > 2.2 修饰符规则

- **`-`**：可出现0次或多次，必需放在最左侧，表示左对齐。  
- **`.`**：可出现0次或1次，需紧贴数字出现，可位于数字左侧、右侧或中...
2025-06-18 10:23:02,425 - INFO - vector_db_operations:_create_vector_db:312 - 入库文档块 440/599 | 标题: D:\401385\zizi-1.5-5.6\markdown_files\mvp\MVPSuppo | 内容预览: 2. 支持的格式说明符 > 2.3 修饰符示例

- **`%-20.5d`**：左对齐，总宽度20，小数部分5位（适用于`%d`和`%f`）。  
- **`%20s`**：右对齐，总宽度20（适用...
2025-06-18 10:23:02,520 - INFO - vector_db_operations:_create_vector_db:312 - 入库文档块 441/599 | 标题: D:\401385\zizi-1.5-5.6\markdown_files\mvp\MVPSuppo | 内容预览: 3. 支持的转义字符 > 3.1 转义字符列表

- **`\\`**：显示为`\`。  
- **`\n`**：换行符。  
- **`\r`**：回车符（自定义界面文本框不支持，会直接忽略）。  ...
2025-06-18 10:23:02,664 - INFO - vector_db_operations:_create_vector_db:312 - 入库文档块 442/599 | 标题: D:\401385\zizi-1.5-5.6\markdown_files\mvp\MVPSuppo | 内容预览: 3. 支持的转义字符 > 3.2 转义字符示例

- **`"\\"`**：显示为`\`。  
- **`"Hello\r\nWorld"`**：显示为：  
<code>```

MVP_BIN =...
2025-06-18 10:23:02,772 - INFO - vector_db_operations:_create_vector_db:312 - 入库文档块 443/599 | 标题: D:\401385\zizi-1.5-5.6\markdown_files\mvp\MVPSuppo | 内容预览: 4. 格式说明符使用说明 > 4.1 默认行为

若未使用格式说明符，输入信息将默认格式化后放置在格式字符末尾。  
**示例**（输入类型`Int`，输入数字`12`）：  
- **`""`**：...
2025-06-18 10:23:02,851 - INFO - vector_db_operations:_create_vector_db:312 - 入库文档块 444/599 | 标题: D:\401385\zizi-1.5-5.6\markdown_files\mvp\MVPSuppo | 内容预览: 4. 格式说明符使用说明 > 4.2 对齐规则

- **`-`**：左对齐（仅出现`-`不起作用）。  
- **数字**：强制使用空格将字符扩充到指定宽度并右对齐（若数字小于字符本身宽度则不生效）...
2025-06-18 10:23:02,961 - INFO - vector_db_operations:_create_vector_db:312 - 入库文档块 445/599 | 标题: D:\401385\zizi-1.5-5.6\markdown_files\mvp\MVPSuppo | 内容预览: 4. 格式说明符使用说明 > 4.3 小数处理规则

- **`.`**：对字符串不适用。  
- 对于`%d`：不起作用。  
- 对于`%f`：将小数转换为整数显示。  
- **数字位置**： ...
2025-06-18 10:23:03,071 - INFO - vector_db_operations:_create_vector_db:312 - 入库文档块 446/599 | 标题: D:\401385\zizi-1.5-5.6\markdown_files\mvp\MVPSuppo | 内容预览: 4. 格式说明符使用说明 > 4.5 示例

**输入**：`Int=3114`，`Real=3114.168973`  
- **`"[%20d][%-20d]"`**：显示为`"[        ...
2025-06-18 10:23:03,196 - INFO - vector_db_operations:_create_vector_db:312 - 入库文档块 447/599 | 标题: D:\401385\zizi-1.5-5.6\markdown_files\mvp\MVPSuppo | 内容预览: 5. 综合应用示例 > 5.1 结果显示算子

**场景**：显示整数和实数，并格式化输出。  
**示例**：  
- **输入**：`Int=123`，`Real=123.456`  
- **格...
2025-06-18 10:23:03,289 - INFO - vector_db_operations:_create_vector_db:312 - 入库文档块 448/599 | 标题: D:\401385\zizi-1.5-5.6\markdown_files\mvp\MVPSuppo | 内容预览: 5. 综合应用示例 > 5.2 自定义界面文本框

**场景**：在文本框中显示多行文本并格式化。  
**示例**：  
- **输入**：`String="Hello\nWorld"`  
- *...
2025-06-18 10:23:03,400 - INFO - vector_db_operations:_create_vector_db:312 - 入库文档块 449/599 | 标题: D:\401385\zizi-1.5-5.6\markdown_files\mvp\MVPSuppo | 内容预览: 6. 注意事项

- **语法检查**：格式化字符串需符合规则，否则可能导致显示异常。  
- **转义字符**：自定义界面文本框不支持`\r`换行，会直接忽略。  
- **小数处理**：`%f`格...
2025-06-18 10:23:03,494 - INFO - vector_db_operations:_create_vector_db:312 - 入库文档块 450/599 | 标题: D:\401385\zizi-1.5-5.6\markdown_files\mvp\MVPSuppo | 内容预览: 华睿MVP数学表达式用法说明 > 文档标识

| 属性                | 内容                                                     ...
2025-06-18 10:23:03,604 - INFO - vector_db_operations:_create_vector_db:312 - 入库文档块 451/599 | 标题: D:\401385\zizi-1.5-5.6\markdown_files\mvp\MVPSuppo | 内容预览: 1. 数学表达式概述

MVP中的数学表达式算子用于执行简单的比较和算术运算（`+`、`-`、`*`、`/`）。  
在算子配置界面中，可以添加、删除输入输出参数，并支持对已添加的参数进行更改。  
...
2025-06-18 10:23:03,730 - INFO - vector_db_operations:_create_vector_db:312 - 入库文档块 452/599 | 标题: D:\401385\zizi-1.5-5.6\markdown_files\mvp\MVPSuppo | 内容预览: 2. 配置界面说明 > 2.2 结果子界面

- 用于查看当前输出参数结果值。  
- `Bool`类型的结果显示为`T`（True）或`F`（False）。...
2025-06-18 10:23:03,810 - INFO - vector_db_operations:_create_vector_db:312 - 入库文档块 453/599 | 标题: D:\401385\zizi-1.5-5.6\markdown_files\mvp\MVPSuppo | 内容预览: 3. 输入参数

- **支持类型**：`Int`、`Real`、`Bool`  
- **命名规则**：输入参数必须以`in`开头，并至少包含一个额外字符。  
- **取值范围**：暂无需关注。...
2025-06-18 10:23:03,888 - INFO - vector_db_operations:_create_vector_db:312 - 入库文档块 454/599 | 标题: D:\401385\zizi-1.5-5.6\markdown_files\mvp\MVPSuppo | 内容预览: 4. 输出参数

- **支持类型**：`Int`、`Real`、`Bool`  
- **类型转换**：  
- `Int`类型输出参数可以直接使用`Real`类型输入参数。  
- `Real`类...
2025-06-18 10:23:03,998 - INFO - vector_db_operations:_create_vector_db:312 - 入库文档块 455/599 | 标题: D:\401385\zizi-1.5-5.6\markdown_files\mvp\MVPSuppo | 内容预览: 5. 输出参数表达式支持的运算

数学表达式支持以下内容：  
- **输入参数**：例如`inParam`  
- **常量**：例如`3.14`，`Bool`类型常量使用`(1==1)`表示`tr...
2025-06-18 10:23:04,125 - INFO - vector_db_operations:_create_vector_db:312 - 入库文档块 456/599 | 标题: D:\401385\zizi-1.5-5.6\markdown_files\mvp\MVPSuppo | 内容预览: 6. 部分运算符和函数使用示例 > 6.1 相等性运算符

- **示例**：`(2!=3) -> true`...
2025-06-18 10:23:04,251 - INFO - vector_db_operations:_create_vector_db:312 - 入库文档块 457/599 | 标题: D:\401385\zizi-1.5-5.6\markdown_files\mvp\MVPSuppo | 内容预览: 6. 部分运算符和函数使用示例 > 6.2 逻辑运算符

- **逻辑与（`&&`）**：左右两个值都为`true`时，输出为`true`，否则为`false`。  
- **示例**：`(1==0)...
2025-06-18 10:23:04,361 - INFO - vector_db_operations:_create_vector_db:312 - 入库文档块 458/599 | 标题: D:\401385\zizi-1.5-5.6\markdown_files\mvp\MVPSuppo | 内容预览: 6. 部分运算符和函数使用示例 > 6.3 条件运算符

- **语法**：`条件 ? true时执行的语句 : false时执行的语句`  
- **建议**：为避免优先级问题，使用`()?():(...
2025-06-18 10:23:04,437 - INFO - vector_db_operations:_create_vector_db:312 - 入库文档块 459/599 | 标题: D:\401385\zizi-1.5-5.6\markdown_files\mvp\MVPSuppo | 内容预览: 6. 部分运算符和函数使用示例 > 6.4 数学函数

- **示例**：  
- `sqrtx(9) -> 3`  
- `sinx(45) -> 0.707`  
- `radians(180) ...
2025-06-18 10:23:04,547 - INFO - vector_db_operations:_create_vector_db:312 - 入库文档块 460/599 | 标题: D:\401385\zizi-1.5-5.6\markdown_files\mvp\MVPSuppo | 内容预览: 7. 综合应用示例 > 7.1 示例说明

**场景**：判断输入参数`inInt`，若等于`1`，则输出参数`A`为`true`，`B`为`false`；否则`B`为`true`，`A`为`fals...
2025-06-18 10:23:04,670 - INFO - vector_db_operations:_create_vector_db:312 - 入库文档块 461/599 | 标题: D:\401385\zizi-1.5-5.6\markdown_files\mvp\MVPSuppo | 内容预览: 7. 综合应用示例 > 7.2 实现步骤

1. 在算子配置界面添加输入参数`inInt`（类型为`Int`）。  
2. 添加输出参数`A`和`B`（类型均为`Bool`）。  
3. 在输出参数`...
2025-06-18 10:23:04,750 - INFO - vector_db_operations:_create_vector_db:312 - 入库文档块 462/599 | 标题: D:\401385\zizi-1.5-5.6\markdown_files\mvp\MVPSuppo | 内容预览: 8. 注意事项

- **语法检查**：在算子界面修改表达式时，若语法错误无法保存，需仔细检查。  
- **函数使用**：数学函数的输入和输出需符合类型要求，例如三角函数使用角度值。  
- **优...
2025-06-18 10:23:04,844 - INFO - vector_db_operations:_create_vector_db:312 - 入库文档块 463/599 | 标题: D:\401385\zizi-1.5-5.6\markdown_files\mvp\MVPSuppo | 内容预览: 机械手定位应用指南 > 文档标识

| 属性                | 内容                                                          ...
2025-06-18 10:23:04,921 - INFO - vector_db_operations:_create_vector_db:312 - 入库文档块 464/599 | 标题: D:\401385\zizi-1.5-5.6\markdown_files\mvp\MVPSuppo | 内容预览: 1. 场景描述

机械手定位应用主要分为两种形式，共三种场景：  
1. **手在眼外（Eye-to-Hand）**  
- 相机固定安装，机械手移动抓取物料。  
2. **手在眼上（Eye-in-...
2025-06-18 10:23:05,033 - INFO - vector_db_operations:_create_vector_db:312 - 入库文档块 465/599 | 标题: D:\401385\zizi-1.5-5.6\markdown_files\mvp\MVPSuppo | 内容预览: 1. 场景描述 > 应用场景

1. **抓取应用**  
- 相机安装在上方或机械手上，朝下拍照，获取物料的绝对坐标或相对模板的偏差量，机械手抓取物料同一位置。  
2. **放置应用**  
- ...
2025-06-18 10:23:05,127 - INFO - vector_db_operations:_create_vector_db:312 - 入库文档块 466/599 | 标题: D:\401385\zizi-1.5-5.6\markdown_files\mvp\MVPSuppo | 内容预览: 2. 标定原理 > 2.1 N点标定

- 机械臂吸取标定板，移动标定板使其点均匀分布在视野内。  
- 以固定距离沿X轴和Y轴移动标定板，获取图像坐标和世界坐标。  
- 通过N点标定，得到图像坐标...
2025-06-18 10:23:05,223 - INFO - vector_db_operations:_create_vector_db:312 - 入库文档块 467/599 | 标题: D:\401385\zizi-1.5-5.6\markdown_files\mvp\MVPSuppo | 内容预览: 2. 标定原理 > 2.2 旋转中心标定

1. 法兰停留在5号位置，旋转三个角度，获取图像中的三个坐标点。  
2. 通过N点标定得到的H矩阵，将图像坐标点转换到世界坐标。  
3. 拟合圆，得到圆...
2025-06-18 10:23:05,301 - INFO - vector_db_operations:_create_vector_db:312 - 入库文档块 468/599 | 标题: D:\401385\zizi-1.5-5.6\markdown_files\mvp\MVPSuppo | 内容预览: 2. 标定原理 > 2.3 物料偏差计算

- 计算物料相对模板位置的偏差量CDx, CDy。  
- 通过旋转和平移，使产品特征点和角度与模板重合。...
2025-06-18 10:23:05,413 - INFO - vector_db_operations:_create_vector_db:312 - 入库文档块 469/599 | 标题: D:\401385\zizi-1.5-5.6\markdown_files\mvp\MVPSuppo | 内容预览: 3. 标定方法

MVP中提供了手眼标定工具，集成N点标定和旋转中心标定功能。根据实际应用设置相关参数，完成标定后，将标定文件用于位置计算工具，输出纠偏坐标值。...
2025-06-18 10:23:05,491 - INFO - vector_db_operations:_create_vector_db:312 - 入库文档块 470/599 | 标题: D:\401385\zizi-1.5-5.6\markdown_files\mvp\MVPSuppo | 内容预览: 4. 标定文件使用

在手眼标定工具完成标定后，使用位置计算工具获取坐标值。通过找边求交点，获取物料的交点坐标和角度，引导机械手抓取物料。...
2025-06-18 10:23:05,618 - INFO - vector_db_operations:_create_vector_db:312 - 入库文档块 471/599 | 标题: D:\401385\zizi-1.5-5.6\markdown_files\mvp\MVPSuppo | 内容预览: 手眼标定指南 > 文档标识

| 属性                | 内容                     |  
|---------------------|-------------...
2025-06-18 10:23:05,697 - INFO - vector_db_operations:_create_vector_db:312 - 入库文档块 472/599 | 标题: D:\401385\zizi-1.5-5.6\markdown_files\mvp\MVPSuppo | 内容预览: 1. 手眼标定概述

手眼标定是通过构建一系列图像点和物理点进行拟合，计算图像坐标系到机械臂世界坐标系之间的关系。...
2025-06-18 10:23:05,792 - INFO - vector_db_operations:_create_vector_db:312 - 入库文档块 473/599 | 标题: D:\401385\zizi-1.5-5.6\markdown_files\mvp\MVPSuppo | 内容预览: 2. 参数说明

（待补充）...
2025-06-18 10:23:05,869 - INFO - vector_db_operations:_create_vector_db:312 - 入库文档块 474/599 | 标题: D:\401385\zizi-1.5-5.6\markdown_files\mvp\MVPSuppo | 内容预览: 3. 算子使用 > 3.1 视觉工程搭建

- 使用图像采集算子和定位算子配合手眼标定算子搭建视觉工程。  
- 机械手从0号位开始走位，每完成一次机械手走位，运行一次视觉工程。  
- 当完成所有走...
2025-06-18 10:23:05,948 - INFO - vector_db_operations:_create_vector_db:312 - 入库文档块 475/599 | 标题: D:\401385\zizi-1.5-5.6\markdown_files\mvp\MVPSuppo | 内容预览: 3. 算子使用 > 3.2 快速自动标定

- 结合通讯算子使用，上位机发送指令触发视觉模块，可实现快速自动标定。...
2025-06-18 10:23:06,041 - INFO - vector_db_operations:_create_vector_db:312 - 入库文档块 476/599 | 标题: D:\401385\zizi-1.5-5.6\markdown_files\mvp\MVPSuppo | 内容预览: Python脚本说明 > 文档标识

| 属性                | 内容                                                         ...
2025-06-18 10:23:06,118 - INFO - vector_db_operations:_create_vector_db:312 - 入库文档块 477/599 | 标题: D:\401385\zizi-1.5-5.6\markdown_files\mvp\MVPSuppo | 内容预览: 1. 数据保存 > 1.1 条码信息保存---BarCodeSaveLog

**功能描述**：将读码信息存入日志。  
**参数说明**：  
- **InBarCodeInfo**：输入条形码算子...
2025-06-18 10:23:06,244 - INFO - vector_db_operations:_create_vector_db:312 - 入库文档块 478/599 | 标题: D:\401385\zizi-1.5-5.6\markdown_files\mvp\MVPSuppo | 内容预览: 1. 数据保存 > 1.2 写CSV示例---WriteCsv

**功能描述**：统计数据写入CSV文档。  
**参数说明**：  
- **InCircle_1**：输入需要记录的Circle数...
2025-06-18 10:23:06,370 - INFO - vector_db_operations:_create_vector_db:312 - 入库文档块 479/599 | 标题: D:\401385\zizi-1.5-5.6\markdown_files\mvp\MVPSuppo | 内容预览: 1. 数据保存 > 1.3 写CSV示例---WriteCsv1

**功能描述**：统计数据写入CSV文档。  
**参数说明**：  
- **InBarCode**：输入需要记录的String数...
2025-06-18 10:23:06,482 - INFO - vector_db_operations:_create_vector_db:312 - 入库文档块 480/599 | 标题: D:\401385\zizi-1.5-5.6\markdown_files\mvp\MVPSuppo | 内容预览: 1. 数据保存 > 1.4 写INI示例---WriteIni

**功能描述**：INI参数记录。...
2025-06-18 10:23:06,609 - INFO - vector_db_operations:_create_vector_db:312 - 入库文档块 481/599 | 标题: D:\401385\zizi-1.5-5.6\markdown_files\mvp\MVPSuppo | 内容预览: 1. 数据保存 > 1.5 写LOG示例---WriteLog

**功能描述**：记录日志。  
**参数说明**：  
- **InPathFileName**：输入log文件路径及名称（如`d:...
2025-06-18 10:23:06,700 - INFO - vector_db_operations:_create_vector_db:312 - 入库文档块 482/599 | 标题: D:\401385\zizi-1.5-5.6\markdown_files\mvp\MVPSuppo | 内容预览: 2. 类型转换 > 2.1 Real转String---RealToString

**功能描述**：输入Real值，转换为String/Real类型输出，可指定保留几位小数。  
**参数说明**：...
2025-06-18 10:23:06,825 - INFO - vector_db_operations:_create_vector_db:312 - 入库文档块 483/599 | 标题: D:\401385\zizi-1.5-5.6\markdown_files\mvp\MVPSuppo | 内容预览: 2. 类型转换 > 2.2 Float转String---OutFloat2String

**功能描述**：将Float类型的数字转换成String类型。  
**参数说明**：  
- **InI...
2025-06-18 10:23:06,918 - INFO - vector_db_operations:_create_vector_db:312 - 入库文档块 484/599 | 标题: D:\401385\zizi-1.5-5.6\markdown_files\mvp\MVPSuppo | 内容预览: 2. 类型转换 > 2.3 Real转Int---OutReal2Int

**功能描述**：将Real值转换为Int值。  
**参数说明**：  
- **InRealX**：输入Real值。  ...
2025-06-18 10:23:07,026 - INFO - vector_db_operations:_create_vector_db:312 - 入库文档块 485/599 | 标题: D:\401385\zizi-1.5-5.6\markdown_files\mvp\MVPSuppo | 内容预览: 2. 类型转换 > 2.4 String转Int---OutString2Int

**功能描述**：将String类型的数字转换为Int类型。  
**参数说明**：  
- **InString*...
2025-06-18 10:23:07,168 - INFO - vector_db_operations:_create_vector_db:312 - 入库文档块 486/599 | 标题: D:\401385\zizi-1.5-5.6\markdown_files\mvp\MVPSuppo | 内容预览: 3. 字符串处理 > 3.1 字符串比对---OutEqualStr

**功能描述**：对比两个字符串（非中文）是否相同。...
2025-06-18 10:23:07,247 - INFO - vector_db_operations:_create_vector_db:312 - 入库文档块 487/599 | 标题: D:\401385\zizi-1.5-5.6\markdown_files\mvp\MVPSuppo | 内容预览: 3. 字符串处理 > 3.2 字符串组拼接成字符串---GetStrFromStrArray

**功能描述**：将`StringArray`中的多个字符串按顺序拼接组成一个字符串。...
2025-06-18 10:23:07,357 - INFO - vector_db_operations:_create_vector_db:312 - 入库文档块 488/599 | 标题: D:\401385\zizi-1.5-5.6\markdown_files\mvp\MVPSuppo | 内容预览: 3. 字符串处理 > 3.3 Real拼接字符串---Out2Real2String

**功能描述**：两个Real拼接成一个String，中间用‘,’分割。  
**参数说明**：  
- **I...
2025-06-18 10:23:07,451 - INFO - vector_db_operations:_create_vector_db:312 - 入库文档块 489/599 | 标题: D:\401385\zizi-1.5-5.6\markdown_files\mvp\MVPSuppo | 内容预览: 3. 字符串处理 > 3.4 字符串数组拼接---StringArray2String

**功能描述**：将字符串数组拼接成一个字符串。  
**参数说明**：  
- **InStringArra...
2025-06-18 10:23:07,546 - INFO - vector_db_operations:_create_vector_db:312 - 入库文档块 490/599 | 标题: D:\401385\zizi-1.5-5.6\markdown_files\mvp\MVPSuppo | 内容预览: 3. 字符串处理 > 3.5 字符串组提取第一个字符串---StringArray2String

**功能描述**：从字符串数组中提取第一个字符串。  
**参数说明**：  
- **InCode...
2025-06-18 10:23:07,671 - INFO - vector_db_operations:_create_vector_db:312 - 入库文档块 491/599 | 标题: D:\401385\zizi-1.5-5.6\markdown_files\mvp\MVPSuppo | 内容预览: 3. 字符串处理 > 3.6 字符串分割示例---String_Analysis

**功能描述**：根据关键字分割字符串提取信息。  
**参数说明**：  
- **InString**：输入完整...
2025-06-18 10:23:07,749 - INFO - vector_db_operations:_create_vector_db:312 - 入库文档块 492/599 | 标题: D:\401385\zizi-1.5-5.6\markdown_files\mvp\MVPSuppo | 内容预览: 3. 字符串处理 > 3.7 字符串分割示例---String_Analysis2

**功能描述**：解析字符串内容，整理输出。  
**参数说明**：  
- **InCmd**：输入需要解析的字...
2025-06-18 10:23:07,859 - INFO - vector_db_operations:_create_vector_db:312 - 入库文档块 493/599 | 标题: D:\401385\zizi-1.5-5.6\markdown_files\mvp\MVPSuppo | 内容预览: 3. 字符串处理 > 3.8 信息整合字符串示例---String_Splicing

**功能描述**：按照指定格式整理输入信息并输出。  
**参数说明**：  
- **InPower**：输入...
2025-06-18 10:23:07,968 - INFO - vector_db_operations:_create_vector_db:312 - 入库文档块 494/599 | 标题: D:\401385\zizi-1.5-5.6\markdown_files\mvp\MVPSuppo | 内容预览: 3. 字符串处理 > 3.9 信息整合JSON格式示例---Json_Dict

**功能描述**：按照指定格式输出JSON数据。  
**参数说明**：  
- **InOffset_Angle**...
2025-06-18 10:23:08,060 - INFO - vector_db_operations:_create_vector_db:312 - 入库文档块 495/599 | 标题: D:\401385\zizi-1.5-5.6\markdown_files\mvp\MVPSuppo | 内容预览: 4. 辅助工具 > 4.1 Python脚本查错---ExceptionLog

**功能描述**：Python脚本查错实例。  
**说明**：在脚本内容`try`部分存在错误时，将会在`conf\...
2025-06-18 10:23:08,138 - INFO - vector_db_operations:_create_vector_db:312 - 入库文档块 496/599 | 标题: D:\401385\zizi-1.5-5.6\markdown_files\mvp\MVPSuppo | 内容预览: 4. 辅助工具 > 4.2 运行时间统计---OutTime

**功能描述**：统计某段算子运行时间。  
**参数说明**：  
- **InBeforeClock**：输入开始统计时间。  
-...
2025-06-18 10:23:08,248 - INFO - vector_db_operations:_create_vector_db:312 - 入库文档块 497/599 | 标题: D:\401385\zizi-1.5-5.6\markdown_files\mvp\MVPSuppo | 内容预览: 4. 辅助工具 > 4.3 点集逐行排序---SortPoint

**功能描述**：将点集内的数据进行逐行排序。  
**参数说明**：  
- **InPoint2DfArray**：输入需要进行...
2025-06-18 10:23:08,359 - INFO - vector_db_operations:_create_vector_db:312 - 入库文档块 498/599 | 标题: D:\401385\zizi-1.5-5.6\markdown_files\mvp\MVPSuppo | 内容预览: 4. 辅助工具 > 4.4 输出中文字符示例---OutChinese

**功能描述**：在遇到需要通过脚本输入输出中文字符时可参考此脚本修改。  
**参数说明**：  
- **InString...
2025-06-18 10:23:08,451 - INFO - vector_db_operations:_create_vector_db:312 - 入库文档块 499/599 | 标题: D:\401385\zizi-1.5-5.6\markdown_files\mvp\MVPSuppo | 内容预览: 5. 通讯 > 5.1 Float高低位调整---Float2BADC

**功能描述**：将Float数字以16进制表示（ABCD），再将其调换位置，实现高低位顺序调整。  
**示例**：将`1....
2025-06-18 10:23:08,545 - INFO - vector_db_operations:_create_vector_db:312 - 入库文档块 500/599 | 标题: D:\401385\zizi-1.5-5.6\markdown_files\mvp\MVPSuppo | 内容预览: 5. 通讯 > 5.2 Float高低位调整---Float2CDAB

**功能描述**：将Float数字以16进制表示（ABCD），再将其调换位置，实现高低位顺序调整。  
**示例**：将`1....
2025-06-18 10:24:45,477 - DEBUG - vector_db_operations:_create_vector_db:334 - 向量库初始化 | 批次: 5 | 文档数: 100
2025-06-18 10:24:45,522 - INFO - vector_db_operations:_create_vector_db:312 - 入库文档块 501/599 | 标题: D:\401385\zizi-1.5-5.6\markdown_files\mvp\MVPSuppo | 内容预览: 5. 通讯 > 5.3 Float高低位调整---Float2DCBA

**功能描述**：将Float数字以16进制表示（DCBA），再将其调换位置，实现高低位顺序调整。  
**示例**：将`1....
2025-06-18 10:24:45,646 - INFO - vector_db_operations:_create_vector_db:312 - 入库文档块 502/599 | 标题: D:\401385\zizi-1.5-5.6\markdown_files\mvp\MVPSuppo | 内容预览: 5. 通讯 > 5.4 CRC16校验码计算---Crc16_modbus

**功能描述**：计算CRC16——Modbus（8005）校验码。  
**参数说明**：  
- **InString...
2025-06-18 10:24:45,739 - INFO - vector_db_operations:_create_vector_db:312 - 入库文档块 503/599 | 标题: D:\401385\zizi-1.5-5.6\markdown_files\mvp\MVPSuppo | 内容预览: 6. 信息提取、判断 > 6.1 读码内容数组提取---BarCode2Str

**功能描述**：从读码信息中提取内容数组。  
**参数说明**：  
- **InBarCodeInfo**：输入...
2025-06-18 10:24:45,833 - INFO - vector_db_operations:_create_vector_db:312 - 入库文档块 504/599 | 标题: D:\401385\zizi-1.5-5.6\markdown_files\mvp\MVPSuppo | 内容预览: 6. 信息提取、判断 > 6.2 判断矩形是否相交---IntersectQuadrangle

**功能描述**：判断两个矩形是否相交。  
**参数说明**：  
- **InPointA1-A4...
2025-06-18 10:24:45,927 - INFO - vector_db_operations:_create_vector_db:312 - 入库文档块 505/599 | 标题: D:\401385\zizi-1.5-5.6\markdown_files\mvp\MVPSuppo | 内容预览: 6. 信息提取、判断 > 6.3 单个斑点内容解析---Get2BlobInfo

**功能描述**：单个斑点信息全内容提取。  
**参数说明**：  
- **InBlobPoints**：输入斑...
2025-06-18 10:24:46,022 - INFO - vector_db_operations:_create_vector_db:312 - 入库文档块 506/599 | 标题: D:\401385\zizi-1.5-5.6\markdown_files\mvp\MVPSuppo | 内容预览: 6. 信息提取、判断 > 6.4 模板匹配中心点组提取---GetMatchPoint

**功能描述**：模板匹配匹配中心提取，适用于匹配到多个目标场景。  
**参数说明**：  
- **InM...
2025-06-18 10:24:46,131 - INFO - vector_db_operations:_create_vector_db:312 - 入库文档块 507/599 | 标题: D:\401385\zizi-1.5-5.6\markdown_files\mvp\MVPSuppo | 内容预览: 6. 信息提取、判断 > 6.5 地址解析---GetPatchFileName

**功能描述**：输入文件地址，拆分目录与文件名。  
**参数说明**：  
- **InFullPathName...
2025-06-18 10:24:46,224 - INFO - vector_db_operations:_create_vector_db:312 - 入库文档块 508/599 | 标题: D:\401385\zizi-1.5-5.6\markdown_files\mvp\MVPSuppo | 内容预览: 6. 信息提取、判断 > 6.6 图像信息解析---ImageInfo

**功能描述**：输入图像获取图像宽、高、中心的坐标信息。  
**参数说明**：  
- **InImage**：输入图像。...
2025-06-18 10:24:46,334 - INFO - vector_db_operations:_create_vector_db:312 - 入库文档块 509/599 | 标题: D:\401385\zizi-1.5-5.6\markdown_files\mvp\MVPSuppo | 内容预览: 6. 信息提取、判断 > 6.7 单个模板匹配信息提取---MatchPattern

**功能描述**：单个匹配目标全信息提取。  
**参数说明**：  
- **InMatchInfos**：输...
2025-06-18 10:24:46,413 - INFO - vector_db_operations:_create_vector_db:312 - 入库文档块 510/599 | 标题: D:\401385\zizi-1.5-5.6\markdown_files\mvp\MVPSuppo | 内容预览: 6. 信息提取、判断 > 6.8 点组获取指定点---OutCaliperLastPoint

**功能描述**：从`PointArray`中提取指定点信息。  
**参数说明**：  
- **In...
2025-06-18 10:24:46,538 - INFO - vector_db_operations:_create_vector_db:312 - 入库文档块 511/599 | 标题: D:\401385\zizi-1.5-5.6\markdown_files\mvp\MVPSuppo | 内容预览: 7. 计算 > 7.1 直线上比例点计算---GetRatioPoint

**功能描述**：按照线段方向求百分位点。  
**参数说明**：  
- **InStartPoint**：输入线段起始点...
2025-06-18 10:24:46,599 - INFO - vector_db_operations:_create_vector_db:312 - 入库文档块 512/599 | 标题: D:\401385\zizi-1.5-5.6\markdown_files\mvp\MVPSuppo | 内容预览: 7. 计算 > 7.2 计算绝对值---OutABSFloat

**功能描述**：获取Float的绝对值。  
**参数说明**：  
- **InFloat**：输入一个Real值。  
- **...
2025-06-18 10:24:46,708 - INFO - vector_db_operations:_create_vector_db:312 - 入库文档块 513/599 | 标题: D:\401385\zizi-1.5-5.6\markdown_files\mvp\MVPSuppo | 内容预览: 7. 计算 > 7.3 计算对称点---TwoPoint2SymmetryPoint

**功能描述**：输出对称点。  
**参数说明**：  
- **InCenter**：输入中心点。  
- ...
2025-06-18 10:24:46,802 - INFO - vector_db_operations:_create_vector_db:312 - 入库文档块 514/599 | 标题: D:\401385\zizi-1.5-5.6\markdown_files\mvp\MVPSuppo | 内容预览: 8. 发送 > 8.1 指定信息（Int）+校验码发送示例---Modbus-CRC16

**功能描述**：按照指定格式内容生成校验码并发送。  
**参数说明**：  
- **InHandle*...
2025-06-18 10:24:46,895 - INFO - vector_db_operations:_create_vector_db:312 - 入库文档块 515/599 | 标题: D:\401385\zizi-1.5-5.6\markdown_files\mvp\MVPSuppo | 内容预览: 8. 发送 > 8.2 指定信息（String）+校验码发送示例---Modbus-String+CRC16

**功能描述**：按照指定格式内容生成校验码并发送。  
**参数说明**：  
- *...
2025-06-18 10:24:46,991 - INFO - vector_db_operations:_create_vector_db:312 - 入库文档块 516/599 | 标题: D:\401385\zizi-1.5-5.6\markdown_files\mvp\MVPSuppo | 内容预览: MVP日志 - UserOperation.log日志查询及关键字查看 > 文档标识

| 属性                | 内容                                ...
2025-06-18 10:24:47,084 - INFO - vector_db_operations:_create_vector_db:312 - 入库文档块 517/599 | 标题: D:\401385\zizi-1.5-5.6\markdown_files\mvp\MVPSuppo | 内容预览: MVP日志 - UserOperation.log日志查询及关键字查看 > 1. 日志结构

每条日志记录包含以下信息：  
- **时间戳**：`2024-12-24 09:28:57,152`，表...
2025-06-18 10:24:47,179 - INFO - vector_db_operations:_create_vector_db:312 - 入库文档块 518/599 | 标题: D:\401385\zizi-1.5-5.6\markdown_files\mvp\MVPSuppo | 内容预览: MVP日志 - UserOperation.log日志查询及关键字查看 > 2. 关键信息识别

- **用户操作**：关注`[UserOperation]`模块的日志，这些通常与用户的界面操作相关，...
2025-06-18 10:24:47,273 - INFO - vector_db_operations:_create_vector_db:312 - 入库文档块 519/599 | 标题: D:\401385\zizi-1.5-5.6\markdown_files\mvp\MVPSuppo | 内容预览: MVP日志 - UserOperation.log日志查询及关键字查看 > 3. 流程分析

- **节点连接**：通过`Add link`日志了解节点之间的连接关系。  
- **参数传递**：通过...
2025-06-18 10:24:47,400 - INFO - vector_db_operations:_create_vector_db:312 - 入库文档块 520/599 | 标题: D:\401385\zizi-1.5-5.6\markdown_files\mvp\MVPSuppo | 内容预览: MVP日志 - UserOperation.log日志查询及关键字查看 > 4. 问题定位

- **错误和异常**：虽然这份日志没有错误日志，但在实际分析中，要特别关注`ERROR`或`EXCEPT...
2025-06-18 10:24:47,493 - INFO - vector_db_operations:_create_vector_db:312 - 入库文档块 521/599 | 标题: D:\401385\zizi-1.5-5.6\markdown_files\mvp\MVPSuppo | 内容预览: MVP日志 - UserOperation.log日志查询及关键字查看 > 5. 日志过滤

根据需要关注的信息，可以过滤日志，例如只查看特定模块或级别的日志，以快速定位信息。  
通过以上步骤，可以...
2025-06-18 10:24:47,601 - INFO - vector_db_operations:_create_vector_db:312 - 入库文档块 522/599 | 标题: D:\401385\zizi-1.5-5.6\markdown_files\mvp\MVPSuppo | 内容预览: MVP日志 - Default.log日志查询及关键字查看 > 文档标识

| 属性                | 内容                                      ...
2025-06-18 10:24:47,713 - INFO - vector_db_operations:_create_vector_db:312 - 入库文档块 523/599 | 标题: D:\401385\zizi-1.5-5.6\markdown_files\mvp\MVPSuppo | 内容预览: MVP日志 - Default.log日志查询及关键字查看 > 1. 日志结构

Default日志记录了一系列的系统操作和配置加载过程，涉及不同的模块和操作。要快速入门并理解这份日志，可以按照以下步...
2025-06-18 10:24:47,792 - INFO - vector_db_operations:_create_vector_db:312 - 入库文档块 524/599 | 标题: D:\401385\zizi-1.5-5.6\markdown_files\mvp\MVPSuppo | 内容预览: MVP日志 - Default.log日志查询及关键字查看 > 1. 日志结构 > 示例日志

<code>```

MVP_BIN = G:\MVP\Application\win64  

MVP...
2025-06-18 10:24:47,947 - INFO - vector_db_operations:_create_vector_db:312 - 入库文档块 525/599 | 标题: D:\401385\zizi-1.5-5.6\markdown_files\mvp\MVPSuppo | 内容预览: MVP日志 - Default.log日志查询及关键字查看 > 1. 日志结构 > 日志字段说明

- **时间戳**：`2024-12-20 14:10:50,582`，表示这条日志记录在2024年...
2025-06-18 10:24:48,026 - INFO - vector_db_operations:_create_vector_db:312 - 入库文档块 526/599 | 标题: D:\401385\zizi-1.5-5.6\markdown_files\mvp\MVPSuppo | 内容预览: MVP日志 - Default.log日志查询及关键字查看 > 2. 关键信息识别

- **框架检查**：`net frameworkd is intsalled:1, version:4.8.09...
2025-06-18 10:24:48,135 - INFO - vector_db_operations:_create_vector_db:312 - 入库文档块 527/599 | 标题: D:\401385\zizi-1.5-5.6\markdown_files\mvp\MVPSuppo | 内容预览: MVP日志 - Default.log日志查询及关键字查看 > 3. 问题定位

- **文件未找到**：关注`[ERROR]`级别的日志，如`Load global camera config fi...
2025-06-18 10:24:48,212 - INFO - vector_db_operations:_create_vector_db:312 - 入库文档块 528/599 | 标题: D:\401385\zizi-1.5-5.6\markdown_files\mvp\MVPSuppo | 内容预览: MVP日志 - Default.log日志查询及关键字查看 > 4. 系统状态

- **节点执行**：通过`node id`和`initialize`可以追踪节点的初始化和执行状态。  
- **参...
2025-06-18 10:24:48,334 - INFO - vector_db_operations:_create_vector_db:312 - 入库文档块 529/599 | 标题: D:\401385\zizi-1.5-5.6\markdown_files\mvp\MVPSuppo | 内容预览: MVP日志 - Default.log日志查询及关键字查看 > 5. 脚本错误

- **Script Error**，表明执行脚本时发生错误。...
2025-06-18 10:24:48,442 - INFO - vector_db_operations:_create_vector_db:312 - 入库文档块 530/599 | 标题: D:\401385\zizi-1.5-5.6\markdown_files\mvp\MVPSuppo | 内容预览: MVP日志 - Default.log日志查询及关键字查看 > 6. 配置加载失败

- **Load xml failed. XmlFile[./Conf/SwitchEngineNode.xml]...
2025-06-18 10:24:48,566 - INFO - vector_db_operations:_create_vector_db:312 - 入库文档块 531/599 | 标题: D:\401385\zizi-1.5-5.6\markdown_files\mvp\MVPSuppo | 内容预览: MVP日志 - VCommunicationApd.log日志查询及关键字查看 > 文档标识

| 属性                | 内容                            ...
2025-06-18 10:24:48,675 - INFO - vector_db_operations:_create_vector_db:312 - 入库文档块 532/599 | 标题: D:\401385\zizi-1.5-5.6\markdown_files\mvp\MVPSuppo | 内容预览: MVP日志 - VCommunicationApd.log日志查询及关键字查看 > 1. 日志结构

每条日志记录包含以下信息：  
- **时间戳**：例如 `2024-12-17 16:43:24...
2025-06-18 10:24:48,800 - INFO - vector_db_operations:_create_vector_db:312 - 入库文档块 533/599 | 标题: D:\401385\zizi-1.5-5.6\markdown_files\mvp\MVPSuppo | 内容预览: MVP日志 - VCommunicationApd.log日志查询及关键字查看 > 2. 关键信息识别 > 2.1 空指针错误

- **关键字**：`pSocket is NULL!!!`  
- ...
2025-06-18 10:24:48,893 - INFO - vector_db_operations:_create_vector_db:312 - 入库文档块 534/599 | 标题: D:\401385\zizi-1.5-5.6\markdown_files\mvp\MVPSuppo | 内容预览: MVP日志 - VCommunicationApd.log日志查询及关键字查看 > 2. 关键信息识别 > 2.2 数据发送

- **关键字**：`CTcpSessionClient::sendDa...
2025-06-18 10:24:49,019 - INFO - vector_db_operations:_create_vector_db:312 - 入库文档块 535/599 | 标题: D:\401385\zizi-1.5-5.6\markdown_files\mvp\MVPSuppo | 内容预览: MVP日志 - VCommunicationApd.log日志查询及关键字查看 > 2. 关键信息识别 > 2.3 数据接收

- **关键字**：`CTcpSessionClient::getRec...
2025-06-18 10:24:49,131 - INFO - vector_db_operations:_create_vector_db:312 - 入库文档块 536/599 | 标题: D:\401385\zizi-1.5-5.6\markdown_files\mvp\MVPSuppo | 内容预览: MVP日志 - VCommunicationApd.log日志查询及关键字查看 > 2. 关键信息识别 > 2.4 错误代码

- **关键字**：`The Server return an erro...
2025-06-18 10:24:49,259 - INFO - vector_db_operations:_create_vector_db:312 - 入库文档块 537/599 | 标题: D:\401385\zizi-1.5-5.6\markdown_files\mvp\MVPSuppo | 内容预览: MVP日志 - VCommunicationApd.log日志查询及关键字查看 > 3. 问题定位 > 3.1 空指针问题

- **关注点**：`pSocket is NULL!!!` 的错误日志。...
2025-06-18 10:24:49,353 - INFO - vector_db_operations:_create_vector_db:312 - 入库文档块 538/599 | 标题: D:\401385\zizi-1.5-5.6\markdown_files\mvp\MVPSuppo | 内容预览: MVP日志 - VCommunicationApd.log日志查询及关键字查看 > 3. 问题定位 > 3.2 错误代码

- **关注点**：`recv data error, proIndex =...
2025-06-18 10:24:49,446 - INFO - vector_db_operations:_create_vector_db:312 - 入库文档块 539/599 | 标题: D:\401385\zizi-1.5-5.6\markdown_files\mvp\MVPSuppo | 内容预览: MVP日志 - VCommunicationApd.log日志查询及关键字查看 > 4. 数据交换 > 4.1 发送和接收的数据

- **关键字**：`sendData` 和 `getRecvDat...
2025-06-18 10:24:49,557 - INFO - vector_db_operations:_create_vector_db:312 - 入库文档块 540/599 | 标题: D:\401385\zizi-1.5-5.6\markdown_files\mvp\MVPSuppo | 内容预览: MVP日志 - VCommunicationApd.log日志查询及关键字查看 > 5. 协议和模式 > 5.1 Modbus协议

- **关键字**：`[Protocol: Modbus] [Mo...
2025-06-18 10:24:49,683 - INFO - vector_db_operations:_create_vector_db:312 - 入库文档块 541/599 | 标题: D:\401385\zizi-1.5-5.6\markdown_files\mvp\MVPSuppo | 内容预览: MVP日志 - VCommunicationApd.log日志查询及关键字查看 > 总结

通过这些关键点，可以快速了解系统的通信状态、错误情况以及数据交换过程。对于技术人员来说，这些信息有助于快速定...
2025-06-18 10:24:49,779 - INFO - vector_db_operations:_create_vector_db:312 - 入库文档块 542/599 | 标题: D:\401385\zizi-1.5-5.6\markdown_files\mvp\MVPSuppo | 内容预览: 循环模块数据抽取操作指南 > 文档标识

| 属性                | 内容                                                       ...
2025-06-18 10:24:49,905 - INFO - vector_db_operations:_create_vector_db:312 - 入库文档块 543/599 | 标题: D:\401385\zizi-1.5-5.6\markdown_files\mvp\MVPSuppo | 内容预览: 循环模块数据抽取操作指南 > 1. 概述

本教程旨在指导用户如何从循环模块中抽取数据。以模板匹配为例，展示如何一步步从循环模块中提取所需数据。...
2025-06-18 10:24:49,985 - INFO - vector_db_operations:_create_vector_db:312 - 入库文档块 544/599 | 标题: D:\401385\zizi-1.5-5.6\markdown_files\mvp\MVPSuppo | 内容预览: 循环模块数据抽取操作指南 > 2. 操作步骤 > 2.1 搭建基础环境

1. **引入模板匹配**：  
- 使用仿真器拉取定位模板匹配工具。  
- 通过模板匹配训练一个模板，具体参数可根据需要设...
2025-06-18 10:24:50,080 - INFO - vector_db_operations:_create_vector_db:312 - 入库文档块 545/599 | 标题: D:\401385\zizi-1.5-5.6\markdown_files\mvp\MVPSuppo | 内容预览: 循环模块数据抽取操作指南 > 2. 操作步骤 > 2.2 构建循环模块

1. **创建循环**：  
- 拖入一个循环模块，用于查找数组。  
- 设置循环次数为模板匹配数组，具体数值可根据实际需求...
2025-06-18 10:24:50,176 - INFO - vector_db_operations:_create_vector_db:312 - 入库文档块 546/599 | 标题: D:\401385\zizi-1.5-5.6\markdown_files\mvp\MVPSuppo | 内容预览: 循环模块数据抽取操作指南 > 2. 操作步骤 > 2.3 理解复合型数组

1. **模板匹配信息**：  
- 模板匹配结果包含多个参数，如得分、角度、缩放比例和中心坐标等。  
- 这些信息组成一...
2025-06-18 10:24:50,299 - INFO - vector_db_operations:_create_vector_db:312 - 入库文档块 547/599 | 标题: D:\401385\zizi-1.5-5.6\markdown_files\mvp\MVPSuppo | 内容预览: 循环模块数据抽取操作指南 > 2. 操作步骤 > 2.4 抽取模板匹配数据

1. **绑定循环次数**：  
- 将循环模块的循环次数绑定到模板匹配的匹配个数。这样可以确保每次循环都能处理一个匹配结...
2025-06-18 10:24:50,393 - INFO - vector_db_operations:_create_vector_db:312 - 入库文档块 548/599 | 标题: D:\401385\zizi-1.5-5.6\markdown_files\mvp\MVPSuppo | 内容预览: 循环模块数据抽取操作指南 > 2. 操作步骤 > 2.5 循环模块数据处理

1. **数据处理逻辑**：  
- 在循环模块中，针对每个访问的元素，进行必要的数据处理。  
- 例如，可以将提取的旋...
2025-06-18 10:24:50,503 - INFO - vector_db_operations:_create_vector_db:312 - 入库文档块 549/599 | 标题: D:\401385\zizi-1.5-5.6\markdown_files\mvp\MVPSuppo | 内容预览: 循环模块数据抽取操作指南 > 2. 操作步骤 > 2.6 结果显示与输出

1. **结果显示**：  
- 在循环模块外部添加结果显示模块，用于展示每个循环的输出。  
- 循环内设置循环容器，进行...
2025-06-18 10:24:50,613 - INFO - vector_db_operations:_create_vector_db:312 - 入库文档块 550/599 | 标题: D:\401385\zizi-1.5-5.6\markdown_files\mvp\MVPSuppo | 内容预览: 循环模块数据抽取操作指南 > 3. 结语

通过以上步骤，用户可以从循环模块中成功抽取数据，并将其转换为所需的复合数据形式。本教程旨在提供清晰、简单的操作指导，帮助用户理解和掌握循环模块数据抽取的方法...
2025-06-18 10:24:50,676 - INFO - vector_db_operations:_create_vector_db:312 - 入库文档块 551/599 | 标题: D:\401385\zizi-1.5-5.6\markdown_files\mvp\MVPSuppo | 内容预览: 深度学习算子在结果显示算子中的展示指南 > 文档标识

| 属性                | 内容                                                ...
2025-06-18 10:24:50,772 - INFO - vector_db_operations:_create_vector_db:312 - 入库文档块 552/599 | 标题: D:\401385\zizi-1.5-5.6\markdown_files\mvp\MVPSuppo | 内容预览: 1. 功能概述

本指南介绍如何通过脚本将深度学习检测算子的结果（包括目标矩形框、标签和中心坐标）在结果显示算子中展示。...
2025-06-18 10:24:50,881 - INFO - vector_db_operations:_create_vector_db:312 - 入库文档块 553/599 | 标题: D:\401385\zizi-1.5-5.6\markdown_files\mvp\MVPSuppo | 内容预览: 2. 操作步骤 > 2.1 矩形框展示 > 脚本代码：

<code>```

MVP_BIN = G:\MVP\Application\win64  

MVP_BIN32 = G:\MVP\App...
2025-06-18 10:24:50,959 - INFO - vector_db_operations:_create_vector_db:312 - 入库文档块 554/599 | 标题: D:\401385\zizi-1.5-5.6\markdown_files\mvp\MVPSuppo | 内容预览: 2. 操作步骤 > 2.2 标签展示 > 脚本代码：

<code>```

MVP_BIN = G:\MVP\Application\win64  

MVP_BIN32 = G:\MVP\Appl...
2025-06-18 10:24:51,052 - INFO - vector_db_operations:_create_vector_db:312 - 入库文档块 555/599 | 标题: D:\401385\zizi-1.5-5.6\markdown_files\mvp\MVPSuppo | 内容预览: 2. 操作步骤 > 2.3 中心坐标展示 > 脚本代码：

<code>```

MVP_BIN = G:\MVP\Application\win64  

MVP_BIN32 = G:\MVP\Ap...
2025-06-18 10:24:51,178 - INFO - vector_db_operations:_create_vector_db:312 - 入库文档块 556/599 | 标题: D:\401385\zizi-1.5-5.6\markdown_files\mvp\MVPSuppo | 内容预览: 3. 结果显示配置

在结果显示算子中，配置需要显示的参数类型（矩形框、标签、中心坐标）即可完成展示。...
2025-06-18 10:24:51,288 - INFO - vector_db_operations:_create_vector_db:312 - 入库文档块 557/599 | 标题: D:\401385\zizi-1.5-5.6\markdown_files\mvp\MVPSuppo | 内容预览: 4. 注意事项

- 确保深度学习检测算子已正确配置并运行。  
- 脚本中的参数名称需与算子输出参数一致。  
- 结果显示算子的配置需与脚本输出参数匹配。...
2025-06-18 10:24:51,367 - INFO - vector_db_operations:_create_vector_db:312 - 入库文档块 558/599 | 标题: D:\401385\zizi-1.5-5.6\markdown_files\mvp\MVPSuppo | 内容预览: 手眼标定操作指南 > 文档标识

| 属性                | 内容                                                           ...
2025-06-18 10:24:51,493 - INFO - vector_db_operations:_create_vector_db:312 - 入库文档块 559/599 | 标题: D:\401385\zizi-1.5-5.6\markdown_files\mvp\MVPSuppo | 内容预览: 1. 功能概述

本指南详细介绍了手眼标定的两种模式：`eye_in_hand`（相机固定在机械臂上）和`eye_to_hand`（相机固定在工作台上）的标定流程、计算方法和注意事项。  
---...
2025-06-18 10:24:51,619 - INFO - vector_db_operations:_create_vector_db:312 - 入库文档块 560/599 | 标题: D:\401385\zizi-1.5-5.6\markdown_files\mvp\MVPSuppo | 内容预览: 2. eye_in_hand 标定流程 > 2.1 标定环境描述

- 相机固定在机械臂上，参考点固定。  
- 移动机械臂带动相机，使参考点出现在视野内的不同位置，完成九点标定。...
2025-06-18 10:24:51,744 - INFO - vector_db_operations:_create_vector_db:312 - 入库文档块 561/599 | 标题: D:\401385\zizi-1.5-5.6\markdown_files\mvp\MVPSuppo | 内容预览: 2. eye_in_hand 标定流程 > 2.2 平移标定 > 操作步骤：

1. 以固定距离 `Len` 沿 X 轴和 Y 轴移动相机，使参考点出现在视野的不同位置。  
2. 机械臂移动九个不同...
2025-06-18 10:24:51,837 - INFO - vector_db_operations:_create_vector_db:312 - 入库文档块 562/599 | 标题: D:\401385\zizi-1.5-5.6\markdown_files\mvp\MVPSuppo | 内容预览: 2. eye_in_hand 标定流程 > 2.2 平移标定 > 坐标对应关系：

| 序号 | 图像坐标        | 世界坐标       |  
|------|--------------...
2025-06-18 10:24:51,931 - INFO - vector_db_operations:_create_vector_db:312 - 入库文档块 563/599 | 标题: D:\401385\zizi-1.5-5.6\markdown_files\mvp\MVPSuppo | 内容预览: 2. eye_in_hand 标定流程 > 2.2 平移标定 > 输出：

通过 N 点标定，得到图像坐标到世界坐标的转换关系矩阵 `H`。...
2025-06-18 10:24:52,027 - INFO - vector_db_operations:_create_vector_db:312 - 入库文档块 564/599 | 标题: D:\401385\zizi-1.5-5.6\markdown_files\mvp\MVPSuppo | 内容预览: 2. eye_in_hand 标定流程 > 2.3 旋转标定 > 操作步骤：

1. 在第五号点让机械臂旋转，记录旋转后的图像坐标。  
2. 通过 `H` 矩阵将图像坐标转换为世界坐标，拟合圆得到圆...
2025-06-18 10:24:52,138 - INFO - vector_db_operations:_create_vector_db:312 - 入库文档块 565/599 | 标题: D:\401385\zizi-1.5-5.6\markdown_files\mvp\MVPSuppo | 内容预览: 2. eye_in_hand 标定流程 > 2.3 旋转标定 > 坐标对应关系：

| 序号 | 图像坐标        | 世界坐标（更新后）       |  
|------|---------...
2025-06-18 10:24:52,248 - INFO - vector_db_operations:_create_vector_db:312 - 入库文档块 566/599 | 标题: D:\401385\zizi-1.5-5.6\markdown_files\mvp\MVPSuppo | 内容预览: 2. eye_in_hand 标定流程 > 2.3 旋转标定 > 注意事项：

- 如果拟合效果不佳，可通过函数对拟合中心进行补偿。  
- 若旋转角度较小，可采用 `stdX` 和 `stdY` 方...
2025-06-18 10:24:52,360 - INFO - vector_db_operations:_create_vector_db:312 - 入库文档块 567/599 | 标题: D:\401385\zizi-1.5-5.6\markdown_files\mvp\MVPSuppo | 内容预览: 3. eye_to_hand 标定流程 > 3.1 标定环境描述

- 相机固定在工作台上，机械臂抓取标定板移动，使特征点出现在视野内。  
- 采用 N 点标定，确定图像坐标系与机械坐标系的关系。...
2025-06-18 10:24:52,469 - INFO - vector_db_operations:_create_vector_db:312 - 入库文档块 568/599 | 标题: D:\401385\zizi-1.5-5.6\markdown_files\mvp\MVPSuppo | 内容预览: 3. eye_to_hand 标定流程 > 3.2 平移标定 > 操作步骤：

1. 机械臂抓取标定板，以固定距离 `Len` 沿 X 轴和 Y 轴移动，记录图像坐标和世界坐标。...
2025-06-18 10:24:52,578 - INFO - vector_db_operations:_create_vector_db:312 - 入库文档块 569/599 | 标题: D:\401385\zizi-1.5-5.6\markdown_files\mvp\MVPSuppo | 内容预览: 3. eye_to_hand 标定流程 > 3.2 平移标定 > 坐标对应关系：

| 序号 | 图像坐标        | 世界坐标       |  
|------|--------------...
2025-06-18 10:24:52,671 - INFO - vector_db_operations:_create_vector_db:312 - 入库文档块 570/599 | 标题: D:\401385\zizi-1.5-5.6\markdown_files\mvp\MVPSuppo | 内容预览: 3. eye_to_hand 标定流程 > 3.2 平移标定 > 输出：

通过 N 点标定，得到图像坐标到世界坐标的转换关系矩阵 `H`。...
2025-06-18 10:24:52,765 - INFO - vector_db_operations:_create_vector_db:312 - 入库文档块 571/599 | 标题: D:\401385\zizi-1.5-5.6\markdown_files\mvp\MVPSuppo | 内容预览: 3. eye_to_hand 标定流程 > 3.3 旋转标定 > 操作步骤：

1. 在第五号位置旋转机械臂，记录旋转后的图像坐标。  
2. 通过 `H` 矩阵将图像坐标转换为世界坐标，拟合圆得到圆...
2025-06-18 10:24:52,891 - INFO - vector_db_operations:_create_vector_db:312 - 入库文档块 572/599 | 标题: D:\401385\zizi-1.5-5.6\markdown_files\mvp\MVPSuppo | 内容预览: 3. eye_to_hand 标定流程 > 3.3 旋转标定 > 坐标对应关系：

| 序号 | 图像坐标        | 世界坐标（更新后）       |  
|------|---------...
2025-06-18 10:24:53,000 - INFO - vector_db_operations:_create_vector_db:312 - 入库文档块 573/599 | 标题: D:\401385\zizi-1.5-5.6\markdown_files\mvp\MVPSuppo | 内容预览: 3. eye_to_hand 标定流程 > 3.3 旋转标定 > 注意事项：

- 若拟合效果不佳，可通过函数对拟合中心进行补偿。  
- 若旋转角度较小，可采用 `stdX` 和 `stdY` 方法...
2025-06-18 10:24:53,094 - INFO - vector_db_operations:_create_vector_db:312 - 入库文档块 574/599 | 标题: D:\401385\zizi-1.5-5.6\markdown_files\mvp\MVPSuppo | 内容预览: 4. 计算流程 > 4.1 eye_in_hand 模式 > 计算公式：

1. 计算位移补偿量 `CDx` 和 `CDy`：  
<code>```

MVP_BIN = G:\MVP\Applic...
2025-06-18 10:24:53,203 - INFO - vector_db_operations:_create_vector_db:312 - 入库文档块 575/599 | 标题: D:\401385\zizi-1.5-5.6\markdown_files\mvp\MVPSuppo | 内容预览: 4. 计算流程 > 4.1 eye_in_hand 模式 > 应用场景：

- 拍照位置固定，示教位置与拍照位置有一段位移。  
- 拍照位置发生平移变化，示教位置与拍照位置仍有一段位移。...
2025-06-18 10:24:53,296 - INFO - vector_db_operations:_create_vector_db:312 - 入库文档块 576/599 | 标题: D:\401385\zizi-1.5-5.6\markdown_files\mvp\MVPSuppo | 内容预览: 4. 计算流程 > 4.2 eye_to_hand 模式 > 计算公式：

1. 计算当前参考点坐标 `(X1, Y1)` 绕 `(Cx0, Cy0)` 旋转角度 `a` 后的新点 `(newX1, ...
2025-06-18 10:24:53,375 - INFO - vector_db_operations:_create_vector_db:312 - 入库文档块 577/599 | 标题: D:\401385\zizi-1.5-5.6\markdown_files\mvp\MVPSuppo | 内容预览: 4. 计算流程 > 4.2 eye_to_hand 模式 > 应用场景：

- 机械臂抓取产品到固定位置拍照，计算补偿量以调整抓取姿态。  
---...
2025-06-18 10:24:53,469 - INFO - vector_db_operations:_create_vector_db:312 - 入库文档块 578/599 | 标题: D:\401385\zizi-1.5-5.6\markdown_files\mvp\MVPSuppo | 内容预览: 5. 注意事项

1. 确保标定过程中相机和机械臂的稳定性。  
2. 标定点的分布应尽量均匀，以提高标定精度。  
3. 若拟合效果不佳，可通过函数对拟合中心进行补偿。  
4. 在计算补偿量时，需...
2025-06-18 10:24:53,547 - INFO - vector_db_operations:_create_vector_db:312 - 入库文档块 579/599 | 标题: D:\401385\zizi-1.5-5.6\markdown_files\mvp\MVPSuppo | 内容预览: 6. 常见问题

1. **标定精度不足**  
- **可能原因**：标定点分布不均匀、机械臂移动误差较大、相机分辨率不足。  
- **解决方案**：增加标定点数量、优化机械臂运动控制、使用更高分...
2025-06-18 10:24:53,658 - INFO - vector_db_operations:_create_vector_db:312 - 入库文档块 580/599 | 标题: D:\401385\zizi-1.5-5.6\markdown_files\mvp\MVPSuppo | 内容预览: 7. 优化建议

1. **增加标定点数量**：在标定过程中，增加标定点数量可以提高标定精度，尤其是在复杂场景下。  
2. **优化机械臂运动控制**：确保机械臂在标定过程中的运动精度，减少误差积累...
2025-06-18 10:24:53,753 - INFO - vector_db_operations:_create_vector_db:312 - 入库文档块 581/599 | 标题: D:\401385\zizi-1.5-5.6\markdown_files\mvp\MVPSuppo | 内容预览: 8. 总结

手眼标定是机械臂与相机协同工作的关键技术，`eye_in_hand` 和 `eye_to_hand` 两种模式分别适用于不同的应用场景。通过本指南的详细操作步骤和计算方法，用户可以高效完...
2025-06-18 10:24:53,816 - INFO - vector_db_operations:_create_vector_db:312 - 入库文档块 582/599 | 标题: D:\401385\zizi-1.5-5.6\markdown_files\mvp\MVPSuppo | 内容预览: 标定与RMS数据解析 > 文档标识

| 属性                | 内容                                                         ...
2025-06-18 10:24:53,909 - INFO - vector_db_operations:_create_vector_db:312 - 入库文档块 583/599 | 标题: D:\401385\zizi-1.5-5.6\markdown_files\mvp\MVPSuppo | 内容预览: 1. RMS数据解析 > 1.1 RMS定义

RMS（Root Mean Square，均方误差）是标定过程中生成的误差数据，单位为像素。它用于衡量标定结果的精度。...
2025-06-18 10:24:53,989 - INFO - vector_db_operations:_create_vector_db:312 - 入库文档块 584/599 | 标题: D:\401385\zizi-1.5-5.6\markdown_files\mvp\MVPSuppo | 内容预览: 1. RMS数据解析 > 1.2 精度要求

- **计算公式**：RMS应小于三分之一的像素精度。  
- 示例：若系统精度要求为0.2mm，一个像素为0.05mm，则系统像素精度为4个像素，RMS...
2025-06-18 10:24:54,068 - INFO - vector_db_operations:_create_vector_db:312 - 入库文档块 585/599 | 标题: D:\401385\zizi-1.5-5.6\markdown_files\mvp\MVPSuppo | 内容预览: 2. 标定精度问题排查 > 2.1 确认标定精度要求

1. 检查现场标定精度要求，确保工程评估结果满足精度需求。  
2. 确认相机像素大小及标定板方案是否符合要求。...
2025-06-18 10:24:54,177 - INFO - vector_db_operations:_create_vector_db:312 - 入库文档块 586/599 | 标题: D:\401385\zizi-1.5-5.6\markdown_files\mvp\MVPSuppo | 内容预览: 2. 标定精度问题排查 > 2.2 检查硬件设施

1. 检查硬件参数型号是否正确。  
2. 排查硬件问题，如焦距偏差、安装夹具不稳导致相机晃动等。...
2025-06-18 10:24:54,224 - INFO - vector_db_operations:_create_vector_db:312 - 入库文档块 587/599 | 标题: D:\401385\zizi-1.5-5.6\markdown_files\mvp\MVPSuppo | 内容预览: 2. 标定精度问题排查 > 2.3 工程搭建与测试

1. 确认工程搭建无误，重新进行标定测试。  
2. 重复测试，确保多次标定后误差在精度要求范围内。...
2025-06-18 10:24:54,332 - INFO - vector_db_operations:_create_vector_db:312 - 入库文档块 588/599 | 标题: D:\401385\zizi-1.5-5.6\markdown_files\mvp\MVPSuppo | 内容预览: 3. 根因分析 > 技术原理

| 维度         | 说明                                                                 | ...
2025-06-18 10:24:54,409 - INFO - vector_db_operations:_create_vector_db:312 - 入库文档块 589/599 | 标题: D:\401385\zizi-1.5-5.6\markdown_files\mvp\MVPSuppo | 内容预览: 深度学习字符识别与检测指南 > 文档标识

| 属性                | 内容                                                      ...
2025-06-18 10:24:54,504 - INFO - vector_db_operations:_create_vector_db:312 - 入库文档块 590/599 | 标题: D:\401385\zizi-1.5-5.6\markdown_files\mvp\MVPSuppo | 内容预览: 1. 深度学习字符识别 > 1.1 图像预处理 > 问题：对于存在倾斜、翻转、镜像、对比度较低的字符能直接推理吗？

- **解决方案**：  
- 需要使用图像处理的算子对图像进行几何位置及灰度值的...
2025-06-18 10:24:54,613 - INFO - vector_db_operations:_create_vector_db:312 - 入库文档块 591/599 | 标题: D:\401385\zizi-1.5-5.6\markdown_files\mvp\MVPSuppo | 内容预览: 1. 深度学习字符识别 > 1.2 中文推理支持 > 问题：简体中文或者繁体中文能够推理吗？

- **当前限制**：  
- 目前MVT暂不支持中文或中文繁体进行推理。  
- **未来计划**： ...
2025-06-18 10:24:54,737 - INFO - vector_db_operations:_create_vector_db:312 - 入库文档块 592/599 | 标题: D:\401385\zizi-1.5-5.6\markdown_files\mvp\MVPSuppo | 内容预览: 1. 深度学习字符识别 > 1.3 图像处理与模型优化 > 处理流程：

1. **字符识别**：  
- 如果字符能够被识别出来，无需进行额外的图像处理。  
2. **几何校正**：  
- 将字...
2025-06-18 10:24:54,816 - INFO - vector_db_operations:_create_vector_db:312 - 入库文档块 593/599 | 标题: D:\401385\zizi-1.5-5.6\markdown_files\mvp\MVPSuppo | 内容预览: 2. 深度学习检测 > 2.1 功能概述

- **应用场景**：  
- 深度学习检测用于复杂场景下的目标识别与分类。  
- **技术优势**：  
- 通过深度学习模型，能够有效提升检测精度与鲁...
2025-06-18 10:24:54,894 - INFO - vector_db_operations:_create_vector_db:312 - 入库文档块 594/599 | 标题: D:\401385\zizi-1.5-5.6\markdown_files\mvp\MVPSuppo | 内容预览: 2. 深度学习检测 > 2.2 检测流程

1. **数据准备**：  
- 收集并标注训练数据。  
2. **模型训练**：  
- 使用深度学习框架训练检测模型。  
3. **模型推理**： ...
2025-06-18 10:24:54,986 - INFO - vector_db_operations:_create_vector_db:312 - 入库文档块 595/599 | 标题: D:\401385\zizi-1.5-5.6\markdown_files\mvp\MVPSuppo | 内容预览: 深度学习问题排查指南 > 文档标识

| 属性                | 内容                                                         ...
2025-06-18 10:24:55,094 - INFO - vector_db_operations:_create_vector_db:312 - 入库文档块 596/599 | 标题: D:\401385\zizi-1.5-5.6\markdown_files\mvp\MVPSuppo | 内容预览: 1. 问题描述 > 1.2 异常现象

- 图片较大，目标较多。  
- 显卡性能低。  
- 未使用GPU推理库。...
2025-06-18 10:24:55,173 - INFO - vector_db_operations:_create_vector_db:312 - 入库文档块 597/599 | 标题: D:\401385\zizi-1.5-5.6\markdown_files\mvp\MVPSuppo | 内容预览: 2. 解决方案 > 2.1 更换GPU推理库 > 操作步骤：

1. **下载GPU推理库**：从官方渠道获取最新的GPU推理库。  
2. **替换推理插件库**：  
- 将下载的GPU推理库文件...
2025-06-18 10:24:55,253 - INFO - vector_db_operations:_create_vector_db:312 - 入库文档块 598/599 | 标题: D:\401385\zizi-1.5-5.6\markdown_files\mvp\MVPSuppo | 内容预览: 2. 解决方案 > 2.2 显卡配置优化 > 操作步骤：

1. **检查显卡最高性能配置**：  
- 在命令提示符中执行：`nvidia-smi -q -d SUPPORTED_CLOCKS`  ...
2025-06-18 10:24:55,362 - INFO - vector_db_operations:_create_vector_db:312 - 入库文档块 599/599 | 标题: D:\401385\zizi-1.5-5.6\markdown_files\mvp\MVPSuppo | 内容预览: 3. 根因分析 > 3.1 技术原理

| 维度         | 说明                                                               ...
2025-06-18 10:26:44,049 - DEBUG - vector_db_operations:_create_vector_db:334 - 向量库初始化 | 批次: 6 | 文档数: 99
2025-06-18 10:26:44,171 - INFO - vector_db_operations:_create_vector_db:341 - 向量库创建完成 | 集合: mvp | 总块数: 599
